CCSDS_OEM_VERS = 2.0
CREATION_DATE  = 2025-09-18T00:08:19.880
ORIGINATOR     = NASA/JSC/FOD/TOPO

META_START
OBJECT_NAME          = ISS
OBJECT_ID            = 1998-067-A
CENTER_NAME          = Earth
REF_FRAME            = EME2000
TIME_SYSTEM          = UTC
START_TIME           = 2025-09-17T12:00:00.000
USEABLE_START_TIME   = 2025-09-17T12:00:00.000
USEABLE_STOP_TIME    = 2025-10-02T12:00:00.000
STOP_TIME            = 2025-10-02T12:00:00.000
META_STOP

COMMENT Source: This file was produced by the TOPO office within FOD at JSC.
COMMENT Units are in kg and m^2
COMMENT MASS=471286.00
COMMENT DRAG_AREA=1514.10
COMMENT DRAG_COEFF=1.20
COMMENT SOLAR_RAD_AREA=0.00
COMMENT SOLAR_RAD_COEFF=0.00
COMMENT Orbits start at the ascending node epoch
COMMENT ISS first asc. node: EPOCH = 2025-09-17T12:14:55.879 $ ORBIT = 948 $ LAN(DEG) = 29.05548
COMMENT ISS last asc. node : EPOCH = 2025-10-02T11:14:25.530 $ ORBIT = 1180 $ LAN(DEG) = -44.67194
COMMENT Begin sequence of events
COMMENT TRAJECTORY EVENT SUMMARY:
COMMENT 
COMMENT |       EVENT        |       TIG        | ORB |   DV    |   HA    |   HP    |
COMMENT |                    |       GMT        |     |   M/S   |   KM    |   KM    |
COMMENT |                    |                  |     |  (F/S)  |  (NM)   |  (NM)   |
COMMENT =============================================================================
COMMENT  NG-23 Capture         261:11:18:00.000             0.0     421.8     409.1
COMMENT                                                    (0.0)   (227.7)   (220.9)
COMMENT 
COMMENT  GMT 268 Settling      268:17:34:59.000             0.1     422.3     407.3
COMMENT                                                    (0.3)   (228.0)   (219.9)
COMMENT 
COMMENT  GMT 268 SpX-33 Reboo  268:17:38:00.000             1.9     422.4     407.8
COMMENT                                                    (6.2)   (228.1)   (220.2)
COMMENT 
COMMENT =============================================================================
COMMENT End sequence of events
2025-09-17T12:00:00.000 -4906.761051039510 1360.368513408900 -4501.089028503920 -4.42087893849554 -5.36740199493966 3.20332198772009
2025-09-17T12:04:00.000 -5776.746042975680 38.433180579475 -3577.761246275970 -2.78435459582081 -5.58161690321543 4.44436264821252
2025-09-17T12:08:00.000 -6226.789422244800 -1286.270637299830 -2393.634523819540 -0.94260320475581 -5.39011033468800 5.36316949708846
2025-09-17T12:12:00.000 -6223.468616118440 -2517.299850087610 -1034.758414524980 0.97051696865750 -4.80559183389638 5.89145079928456
2025-09-17T12:16:00.000 -5766.459310483940 -3564.798673413140 399.748231854089 2.81481778221779 -3.86999988923711 5.98938952404154
2025-09-17T12:20:00.000 -4888.757389382250 -4352.215824757820 1805.003949344980 4.45460936125965 -2.65157626977913 5.64912614980981
2025-09-17T12:24:00.000 -3654.329378362740 -4822.050039817670 3078.182071002560 5.76919459012533 -1.23981980875868 4.89557119068145
2025-09-17T12:28:00.000 -2153.340756259430 -4940.144447508510 4126.201221317810 6.66236221767217 0.26153775520933 3.78443269457759
2025-09-17T12:32:00.000 -495.383221327458 -4698.140192227020 4872.605477902350 7.06938773033251 1.74262552225966 2.39764151970971
2025-09-17T12:36:00.000 1198.665151781730 -4113.949137352580 5263.116818856320 6.96141712995705 3.09572868669027 0.83684636006108
2025-09-17T12:40:00.000 2805.479911229310 -3230.312635366230 5269.458314474370 6.34694919345544 4.22286297862329 -0.78423514856519
2025-09-17T12:44:00.000 4208.175332311250 -2111.631315250370 4891.294504715370 5.27078578497312 5.04253325125332 -2.34781761338825
2025-09-17T12:48:00.000 5304.692858297520 -839.317536882110 4156.236704582160 3.81100777019609 5.49533149616211 -3.74018045727847
2025-09-17T12:52:00.000 6015.192580218350 494.063957281759 3117.873846082710 2.07358579150934 5.54830308174944 -4.85987370981793
2025-09-17T12:56:00.000 6287.886429754650 1791.482120267230 1851.931059284090 0.18495739045886 5.19744914174207 -5.62501180816519
2025-09-17T13:00:00.000 6102.908088131870 2958.506348577120 450.800757380004 -1.71693231214210 4.46837190786845 -5.97951537559408
2025-09-17T13:04:00.000 5473.851788522340 3910.262049478060 -983.238395450482 -3.49297898346172 3.41461754551442 -5.89763429679229
2025-09-17T13:08:00.000 4446.766354325220 4577.696437155890 -2345.596443173060 -5.01357726686843 2.11363222444822 -5.38597657933290
2025-09-17T13:12:00.000 3096.663783501080 4912.621151526000 -3537.109147845430 -6.16848383753988 0.66069049175721 -4.48279493918721
2025-09-17T13:16:00.000 1521.871279684560 4891.121827060210 -4471.279764670410 -6.87478033123283 -0.83849225436607 -3.25465741590460
2025-09-17T13:20:00.000 -163.238784750361 4515.123486649000 -5080.469197607380 -7.08237885650094 -2.27561103923974 -1.79112051466670
2025-09-17T13:24:00.000 -1836.532558614620 3812.088443950240 -5320.629607872230 -6.77696960865624 -3.54738564537238 -0.19802932623258
2025-09-17T13:28:00.000 -3376.806850133990 2832.957145087520 -5174.332988811230 -5.98050717976115 -4.56252629065317 1.40989640825424
2025-09-17T13:32:00.000 -4672.341959961580 1648.531603451640 -4651.984422727550 -4.74966387555457 -5.24774900055233 2.91673818749747
2025-09-17T13:36:00.000 -5628.849570539590 344.514791625269 -3791.158574384560 -3.17222821649542 -5.55290469413881 4.21330648543348
2025-09-17T13:40:00.000 -6176.300968467620 -984.514968871406 -2654.070547355610 -1.36151929005188 -5.45469938391242 5.20468318448998
2025-09-17T13:44:00.000 -6274.201260885220 -2241.864712509280 -1323.276553889520 0.55111665388536 -4.95902964094420 5.81740604549397
2025-09-17T13:48:00.000 -5914.809722228300 -3335.799849405520 104.223333584538 2.42576118900724 -4.10115930525794 6.00542423379910
2025-09-17T13:52:00.000 -5123.940379137100 -4186.379471697370 1524.093245286480 4.12452812560941 -2.94352796039440 5.75412618531458
2025-09-17T13:56:00.000 -3959.172988523980 -4731.469123039630 2832.436085919490 5.52234749328482 -1.57112387676199 5.08178398300426
2025-09-17T14:00:00.000 -2505.568919677140 -4931.384423449420 3933.567360375050 6.51674738456353 -0.08480077968214 4.03808449163018
2025-09-17T14:04:00.000 -869.285099632896 -4771.767851080200 4747.110375894280 7.03544871394627 1.40658540678930 2.70003167164574
2025-09-17T14:08:00.000 830.328516403787 -4264.534984347170 5213.858778694450 7.04141901938031 2.79434963820731 1.16588088026582
2025-09-17T14:12:00.000 2469.501568945640 -3446.854962997960 5299.982547427510 6.53494613721948 3.97793576765869 -0.45246170933649
2025-09-17T14:16:00.000 3928.986851978540 -2378.360304951180 4999.358974207490 5.55316870753218 4.87179481831698 -2.03736964368328
2025-09-17T14:20:00.000 5102.613871116370 -1136.816132493630 4333.957005146060 4.16727454617166 5.41122148558616 -3.47372327846648
2025-09-17T14:24:00.000 5904.931530842360 187.449591728380 3352.278487781110 2.47779893092129 5.55690755363179 -4.65685455915201
2025-09-17T14:28:00.000 6277.468958614940 1498.063422092950 2125.909634366860 0.60767826567647 5.29813518221114 -5.50027643022962
2025-09-17T14:32:00.000 6193.075703178950 2699.630003649740 744.346496609321 -1.30658956069634 4.65376310120567 -5.94218583683365
2025-09-17T14:36:00.000 5657.994279821080 3704.738040288470 -691.554300526814 -3.12499706121657 3.67108557188992 -5.95036360497534
2025-09-17T14:40:00.000 4711.414923934750 4440.412630230210 -2077.038747291820 -4.71476337508951 2.42232686930488 -5.52474697844839
2025-09-17T14:44:00.000 3422.508804196860 4853.461673793500 -3311.204016803670 -5.96039792151779 0.99905674710416 -4.69725662631149
2025-09-17T14:48:00.000 1885.210864544560 4914.285909887090 -4304.401009588230 -6.77226822418078 -0.49499114149515 -3.52906715495351
2025-09-17T14:52:00.000 211.235438815864 4618.860115864910 -4984.682364977660 -7.09263730250349 -1.95172659121969 -2.10554756452687
2025-09-17T14:56:00.000 -1478.049607345680 3988.850701068220 -5302.856868980340 -6.89915911185934 -3.26639054993561 -0.52979136445748
2025-09-17T15:00:00.000 -3060.284057660910 3069.951961811180 -5235.879021588360 -6.20590226979229 -4.34462562494502 1.08466554284266
2025-09-17T15:04:00.000 -4420.760526384680 1928.617061612160 -4788.436051450550 -5.06219597691600 -5.10875867466711 2.62155583288689
2025-09-17T15:08:00.000 -5460.547737456480 647.407521389029 -3992.672209360010 -3.54951753338540 -5.50302724983820 3.96962783465134
2025-09-17T15:12:00.000 -6103.638330639150 -680.802414920572 -2906.052115962570 -1.77637506263194 -5.49784074701764 5.03040782703997
2025-09-17T15:16:00.000 -6302.607403593650 -1959.450600559270 -1607.400919400190 0.12890287907219 -5.09232777093712 5.72551415982544
2025-09-17T15:20:00.000 -6042.325468497060 -3095.304074040840 -191.307218413973 2.02716483109645 -4.31505243225124 6.00288304195251
2025-09-17T15:24:00.000 -5341.317965335150 -4005.379867807660 1238.773396547010 3.77891053864045 -3.22237967900681 5.84124008900277
2025-09-17T15:28:00.000 -4250.548065571970 -4623.177046153580 2578.203567406560 5.25511240015625 -1.89443245192561 5.25212414516481
2025-09-17T15:32:00.000 -2849.654083414710 -4903.669140470830 3729.001197367940 6.34740802940017 -0.42883581856974 4.27906526675074
2025-09-17T15:36:00.000 -1240.960464197780 -4826.595735197920 4607.126767973640 6.97625799740144 1.06698384732280 2.99391192030771
2025-09-17T15:40:00.000 458.159538239216 -4397.848000496500 5148.623260652040 7.09648591872131 2.48388297838043 1.49108613049548
2025-09-17T15:44:00.000 2123.924322446050 -3648.904640022490 5314.200966925820 6.70010724965205 3.71907234871716 -0.11958730870783
2025-09-17T15:48:00.000 3635.129042388200 -2634.428647741020 5091.966418329370 5.81637748196550 4.68323174299205 -1.72097510507659
2025-09-17T15:52:00.000 4881.852023386890 -1428.278831201330 4498.205901394400 4.50950650750514 5.30664510888764 -3.19675348750450
2025-09-17T15:56:00.000 5773.352518813530 -118.195464784932 3576.206906301720 2.87420667707936 5.54403338025431 -4.43955662016282
2025-09-17T16:00:00.000 6244.662443283740 1200.496651788360 2393.184058864960 1.02933058413685 5.37791238903756 -5.35858085850808
2025-09-17T16:04:00.000 6261.418334347950 2431.806717067430 1035.455594710240 -0.89050626366652 4.82031483683783 -5.88647800312128
2025-09-17T16:08:00.000 5822.467013335380 3486.132218681970 -397.862711489822 -2.74491102818577 3.91214275000509 -5.98466154343836
2025-09-17T16:12:00.000 4959.977290480910 4286.876480624030 -1802.176613276650 -4.39837535017673 2.72018359035321 -5.64636687430633
2025-09-17T16:16:00.000 3737.009132654120 4776.079117062090 -3075.162086610090 -5.73062512938119 1.33192103336393 -4.89712079608845
2025-09-17T16:20:00.000 2242.746778192220 4918.581619702500 -4124.291975732530 -6.64554221672680 -0.15134342748447 -3.79244537689708
2025-09-17T16:24:00.000 585.850062696694 4704.439467169770 -4873.524391872060 -7.07786819565270 -1.62210138014583 -2.41326580425374
2025-09-17T16:28:00.000 -1113.498542662740 4149.467211230840 -5268.671053937860 -6.99727397197865 -2.97447639609760 -0.85963081103455
2025-09-17T16:32:00.000 -2732.198869172040 3293.966812999850 -5281.139737574740 -6.40984556094932 -4.11141320369172 0.75645203155500
2025-09-17T16:36:00.000 -4152.936599381230 2199.824632388110 -4909.896769625750 -5.35742997930408 -4.95110285196771 2.31861882721696
2025-09-17T16:40:00.000 -5272.482219751410 946.166003391243 -4181.578490542440 -3.91493113512540 -5.43253028615847 3.71396214062217
2025-09-17T16:44:00.000 -6009.099271430860 -376.185755409923 -3148.725160111230 -2.18560994718338 -5.51984998839255 4.84079937270419
2025-09-17T16:48:00.000 -6308.590907206320 -1671.143334754760 -1886.192267829500 -0.29442626570891 -5.20543452071331 5.61601783435539
2025-09-17T16:52:00.000 -6148.501612085200 -2844.332187785350 -485.880194224206 1.62069505244614 -4.51119282431031 5.98170555542305
2025-09-17T16:56:00.000 -5540.009713985760 -3810.077373002190 949.953759840767 3.41918291122143 -3.48730451780723 5.91008183696700
2025-09-17T17:00:00.000 -4527.268854461850 -4497.809881893830 2316.272188191970 4.96861238498861 -2.20869980960303 5.40596151281020
2025-09-17T17:04:00.000 -3184.184775195070 -4857.362595525680 3513.110049538050 6.15510501322408 -0.76935073802265 4.50651448626153
2025-09-17T17:08:00.000 -1608.870738370690 -4862.678755518630 4453.025731854950 6.89207186876388 0.72512346911280 3.27820379443333
2025-09-17T17:12:00.000 83.698610616725 -4513.637814706260 5067.522624020850 7.12639009010856 2.16557237193275 1.81139227101595
2025-09-17T17:16:00.000 1770.180853398550 -3835.928909561720 5311.971885963350 6.84177522679396 3.44736413378707 0.21335944647131
2025-09-17T17:20:00.000 3327.837457295280 -2879.062379223710 5168.742792812690 6.05944531705683 4.47777460866400 -1.39955213322108
2025-09-17T17:24:00.000 4643.368152006320 -1712.730728611940 4648.388128862650 4.83634991490359 5.18230063416343 -2.91019225570099
2025-09-17T17:28:00.000 5621.050978063640 -421.789268744378 3788.860928031950 3.26117897031209 5.50985085193991 -4.20871573473467
2025-09-17T17:32:00.000 6189.667453195240 899.846023813287 2652.815582784120 1.44828538603672 5.43649067568908 -5.20035297133157
2025-09-17T17:36:00.000 6307.759267028890 2155.993813181230 1323.124825832850 -0.47019360759156 4.96744854654492 -5.81250318925721
2025-09-17T17:40:00.000 5966.751282494150 3255.236127078700 -103.154475163800 -2.35403756684755 4.13700089431936 -6.00031829226536
2025-09-17T17:44:00.000 5191.651481397350 4117.670988510880 -1521.919849284880 -4.06545148633388 3.00624462601345 -5.75037607811909
2025-09-17T17:48:00.000 4039.160525994460 4680.810224667490 -2829.754582442920 -5.47979838093424 1.65821988644570 -5.08171448831819
2025-09-17T17:52:00.000 2593.372492945690 4904.094349157580 -3931.549388395210 -6.49483939192550 0.19143636674230 -4.04402464432970
2025-09-17T17:56:00.000 959.480884086020 4771.715458411020 -4747.401977722680 -7.03798729078888 -1.28765060120464 -2.71346515598513
2025-09-17T18:00:00.000 -743.945341647167 4293.587524370480 -5218.281756252270 -7.07091390457902 -2.67241429300446 -1.18672414385197
2025-09-17T18:04:00.000 -2393.489867531990 3504.491957304690 -5310.134768896220 -6.59169979245677 -3.86344586039595 0.42600314527387
2025-09-17T18:08:00.000 -3869.634346169820 2461.532514703580 -5016.214023946170 -5.63453690883090 -4.77514603895371 2.00862174162600
2025-09-17T18:12:00.000 -5065.198649736030 1240.119622227090 -4357.571161600230 -4.26751067447463 -5.34143879898823 3.44687733465489
2025-09-17T18:16:00.000 -5893.005446263430 -71.304712073959 -3381.676987572540 -2.58834524505498 -5.52049047302023 4.63615621558734
2025-09-17T18:20:00.000 -6292.276813928280 -1377.520406645390 -2159.195218059200 -0.71809535742208 -5.29808454752754 5.48900072703271
2025-09-17T18:24:00.000 -6233.277980405540 -2583.394873554320 -779.031463865782 1.20714120383856 -4.68925668132703 5.94188496306044
2025-09-17T18:28:00.000 -5719.768619299130 -3600.880679096550 658.081711918683 3.04609166805504 -3.73776649427226 5.96051019890181
2025-09-17T18:32:00.000 -4788.932671925750 -4355.626847089270 2047.032665048290 4.66337264045222 -2.51325845050601 5.54298138646783
2025-09-17T18:36:00.000 -3508.658159079280 -4792.562178959450 3286.198657083200 5.94015126619547 -1.10567099723012 4.72003937959538
2025-09-17T18:40:00.000 -1972.456500650100 -4879.951122261840 4285.013447956070 6.78306401275793 0.38170610655192 3.55246774481511
2025-09-17T18:44:00.000 -292.476438401721 -4611.668849767140 4970.642661244460 7.13109512082128 1.84010390609681 2.12625920601760
2025-09-17T18:48:00.000 1408.814376726230 -4007.532838618120 5293.253532326330 6.95970309280074 3.16345185042075 0.54585204587058
2025-09-17T18:52:00.000 3007.574411553360 -3111.724937711790 5229.517064633530 6.28194971029774 4.25595399369856 -1.07364849119229
2025-09-17T18:56:00.000 4387.506159528660 -1989.520892270350 4784.205508189150 5.14725215963963 5.03862887646441 -2.61454857749994
2025-09-17T19:00:00.000 5448.210905625000 -722.576210077673 3989.818764660060 3.63791236812621 5.45477395671065 -3.96484065569368
2025-09-17T19:04:00.000 6112.440217667560 596.943897101088 2904.264685822780 1.86345204772082 5.47405067921374 -5.02604554836782
2025-09-17T19:08:00.000 6331.774821129140 1873.016764590020 1606.728482010050 -0.04683137699577 5.09492221142482 -5.72050399698776
2025-09-17T19:12:00.000 6090.257035929710 3012.778449312420 191.910192615726 -1.95342056170665 4.34510915353422 -5.99740006262399
2025-09-17T19:16:00.000 5405.610689931970 3933.355583954460 -1236.924053979120 -3.71689683103353 3.27966277954800 -5.83665171148529
2025-09-17T19:20:00.000 4327.945367200180 4567.986345983720 -2575.583941453890 -5.20859288995620 1.97690517249318 -5.25071480398231
2025-09-17T19:24:00.000 2935.945376865900 4870.884872971180 -3726.672351842810 -6.32050576822648 0.53216200550086 -4.28327323592029
2025-09-17T19:28:00.000 1330.950506753650 4820.461188607690 -4606.669290183910 -6.97293993685039 -0.94955448492717 -3.00549179912998
2025-09-17T19:32:00.000 -370.513227951845 4420.711430063110 -5151.882289667330 -7.11968751793189 -2.36130000180267 -1.51038418420237
2025-09-17T19:36:00.000 -2045.146159473330 3700.783711136150 -5322.888567785230 -6.75074547850029 -3.60163143212283 0.09402977027808
2025-09-17T19:40:00.000 -3571.638571353450 2712.813629317320 -5107.246749977710 -5.89255481542551 -4.58150252400063 1.69221765011005
2025-09-17T19:44:00.000 -4839.230941363150 1528.227318502040 -4520.364090468910 -4.60613117255878 -5.23009301501137 3.16892647486699
2025-09-17T19:48:00.000 -5755.601640821600 232.754567234556 -3604.498015512250 -2.98329968323790 -5.49976705534584 4.41695975378527
2025-09-17T19:52:00.000 -6253.596723788700 -1079.611001776870 -2425.900620613870 -1.14081802434544 -5.36979132216601 5.34478484695081
2025-09-17T19:56:00.000 -6296.308720161600 -2313.355457049210 -1070.208541604800 0.78748165044504 -4.84842165614010 5.88347427551449
2025-09-17T20:00:00.000 -5880.046614210440 -3378.452114637760 363.703893844190 2.66038468270455 -3.97292757414229 5.99244554356923
2025-09-17T20:04:00.000 -5034.817017576550 -4197.075361496320 1771.000718109180 4.34009323236552 -2.80710596039878 5.66296829110540
2025-09-17T20:08:00.000 -3822.216485067890 -4709.450077192110 3048.702753660910 5.70293426430857 -1.43662639451827 4.91920460539732
2025-09-17T20:12:00.000 -2330.815242629820 -4878.318175973800 4103.406838420430 6.64922922474034 0.03783287550988 3.81617137501311
2025-09-17T20:16:00.000 -669.495110096110 -4691.601101826240 4858.169558931710 7.11036393462047 1.50843705334535 2.43511194550667
2025-09-17T20:20:00.000 1040.611450104240 -4163.162727061150 5258.080923229780 7.05341586578797 2.86814798606659 0.87722537775116
2025-09-17T20:24:00.000 2674.981139254150 -3331.687560142110 5274.170704223120 6.48316508929126 4.01840715195596 -0.74386335170436
2025-09-17T20:28:00.000 4114.712906048980 -2257.793399125970 4905.403962801010 5.44132661571436 4.87604449097799 -2.31036099369774
2025-09-17T20:32:00.000 5255.058605170890 -1019.633817063020 4178.705594739080 4.00345845838893 5.37894363680350 -3.70841015530345
2025-09-17T20:36:00.000 6012.978231796180 292.714092031641 3147.049429877400 2.27388284393984 5.49048142125066 -4.83608862642206
2025-09-17T20:40:00.000 6333.226600631410 1583.747087720000 1885.681448827200 0.37853503765833 5.20238229545179 -5.61090165099828
2025-09-17T20:44:00.000 6192.484936419070 2759.495722117990 486.667045740611 -1.54411842978877 4.53569919787073 -5.97610418460722
2025-09-17T20:48:00.000 5601.134112673530 3734.450739920690 -947.873323334064 -3.35350814427402 3.53943045089682 -5.90519987939760
2025-09-17T20:52:00.000 4602.474414022110 4437.860746867500 -2313.314436094060 -4.91760430078336 2.28677091533468 -5.40393652876283
2025-09-17T20:56:00.000 3269.461083379670 4818.901896896900 -3510.255905341680 -6.12289453193312 0.86950710245984 -4.50979218086886
2025-09-17T21:00:00.000 1699.206711103130 4850.302931905220 -4451.799216182340 -6.88276542676319 -0.60915348994737 -3.28872806989252
2025-09-17T21:04:00.000 5.777809435322 4530.156741591730 -5069.773490325280 -7.14328846729377 -2.04233677544632 -1.82981608645623
2025-09-17T21:08:00.000 -1688.078030026900 3881.891534014750 -5319.501700552550 -6.88637174546113 -3.32700597716464 -0.23859198081085
2025-09-17T21:12:00.000 -3259.675046122400 2952.497980884990 -5182.876919279650 -6.13056567302401 -4.37094279104596 1.37034267611772
2025-09-17T21:16:00.000 -4595.053591815720 1809.176452389750 -4669.613367399900 -4.92962690100234 -5.09889838212501 2.88104399718576
2025-09-17T21:20:00.000 -5597.060603069970 534.631084914180 -3816.629543559870 -3.36913908851367 -5.45767827650843 4.18404698719282
2025-09-17T21:24:00.000 -6192.390136587540 -778.730273063670 -2685.570142578430 -1.56116425895081 -5.42018398061639 5.18402212211608
2025-09-17T21:28:00.000 -6337.076137860790 -2035.396815220400 -1358.537941783750 0.36327303834797 -4.98791303889454 5.80692339747090
2025-09-17T21:32:00.000 -6019.961063088490 -3143.721144328790 67.758370560271 2.26346877276941 -4.19147101944228 6.00594971304388
2025-09-17T21:36:00.000 -5263.758974130380 -4022.739634707580 1489.086840785080 3.99971862158909 -3.08876087103028 5.76569220544761
2025-09-17T21:40:00.000 -4123.493870490930 -4608.248687026090 2801.455960694900 5.44422538781046 -1.76064811232441 5.10356342789325
2025-09-17T21:44:00.000 -2682.426863207350 -4857.603132903520 3908.889034047460 6.49103457769518 -0.30473676988947 4.06849653386697
2025-09-17T21:48:00.000 -1045.794023380110 -4752.827366704610 4730.551860079210 7.06406835111446 1.17233297214670 2.73686174479344
2025-09-17T21:52:00.000 667.041933733050 -4301.817615746230 5206.633742993180 7.12230680547339 2.56295618674181 1.20633084529808
2025-09-17T21:56:00.000 2331.337013681060 -3537.627039257160 5302.593836855630 6.66210171968478 3.76630506855084 -0.41145723151908
2025-09-17T22:00:00.000 3825.981439449120 -2515.995084759310 5011.574935303260 5.71720128479887 4.69527402306318 -1.99881835484189
2025-09-17T22:04:00.000 5042.226150053610 -1311.291441882360 4354.851151222200 4.35621593194774 5.28261400666193 -3.44039389611349
2025-09-17T22:08:00.000 5891.513121576060 -11.164339402479 3380.300232507250 2.67786794290501 5.48559018954590 -4.63115094319355
2025-09-17T22:12:00.000 6311.940410980340 1289.769028825270 2158.992233811420 0.80424534810942 5.28926212542617 -5.48405652737981
2025-09-17T22:16:00.000 6272.862601492010 2496.802003817150 780.063229015655 -1.12782605346156 4.70790119483342 -5.93657663596782
2025-09-17T22:20:00.000 5777.233607952080 3522.110946280110 -655.810312064323 -2.97699375220748 3.78424698428863 -5.95574489969372
2025-09-17T22:24:00.000 4861.385066399900 4291.236674427460 -2043.871121967980 -4.60822732110118 2.58621525989138 -5.54070186239535
2025-09-17T22:28:00.000 3592.270094127510 4748.539421954080 -3283.022586529890 -5.90299262737540 1.20168911282936 -4.72259001485267
2025-09-17T22:32:00.000 2062.413375539620 4861.192289383410 -4283.242925327030 -6.76801508671097 -0.26834509727456 -3.56190477767363
2025-09-17T22:36:00.000 383.024044036907 4621.414107719390 -4972.073602890430 -7.14171503751025 -1.71744847400293 -2.14352791390310
2025-09-17T22:40:00.000 -1324.116230423440 4046.858701233060 -5299.714263262520 -6.99797641906109 -3.04134433276390 -0.57022916000248
2025-09-17T22:44:00.000 -2935.358956660490 3179.226431220720 -5242.450454887510 -6.34736619704807 -4.14504012096461 1.04463327938834
2025-09-17T22:48:00.000 -4333.919557754860 2081.267129735590 -4804.281267262000 -5.23619793434431 -4.94909077273929 2.58477264061145
2025-09-17T22:52:00.000 -5418.141750807710 832.384471163300 -4016.684736468970 -3.74356691543303 -5.39496902075642 3.93876611708983
2025-09-17T22:56:00.000 -6108.817297619540 -476.925257618919 -2936.528402211580 -1.97645966296077 -5.44938277991641 5.00774257752305
2025-09-17T23:00:00.000 -6355.078461858690 -1751.509807476740 -1642.154440434400 -0.06270421526233 -5.10715719589074 5.71276942328597
2025-09-17T23:04:00.000 -6138.352595849500 -2898.469015998800 -227.819476357080 1.85803605988057 -4.39222128484148 6.00107230329922
2025-09-17T23:08:00.000 -5473.977258392120 -3834.036264010850 1203.165871771090 3.64464830646831 -3.35635318931296 5.85055435039344
2025-09-17T23:12:00.000 -4410.227883517720 -4489.869465499540 2546.114365190630 5.16560311446983 -2.07548255258977 5.27195829700712
2025-09-17T23:16:00.000 -3024.744513256430 -4818.166518290270 3702.799278416680 6.30929795456063 -0.64370611805090 4.30798532943345
2025-09-17T23:20:00.000 -1418.708949636810 -4795.162896109530 4588.746713986150 6.99235001741925 0.83403776174124 3.02977285215264
2025-09-17T23:24:00.000 290.701621517080 -4422.793022363760 5139.423171051620 7.16563139896396 2.24989887703017 1.53124365249718
2025-09-17T23:28:00.000 1978.962964498400 -3728.410793778490 5314.853197011110 6.81728046765218 3.50117684426062 -0.07816439872538
2025-09-17T23:32:00.000 3523.220183849160 -2762.685950878800 5102.396651059390 5.97293077577656 4.49734665034593 -1.68143020123894
2025-09-17T23:36:00.000 4811.110565078100 -1595.931217051390 4517.605092740410 4.69390145312694 5.16622808354329 -3.16200879869336
2025-09-17T23:40:00.000 5748.873100580530 -313.039310595314 3603.115283654010 3.07297017915640 5.45922894538645 -4.41209560171952
2025-09-17T23:44:00.000 6268.166856154050 992.632635401221 2425.607807235510 1.22797839860218 5.35487385284638 -5.34035665604149
2025-09-17T23:48:00.000 6331.128556528400 2226.035878958050 1071.010240117980 -0.70645964345515 4.86068403724378 -5.87875928255877
2025-09-17T23:52:00.000 5933.241917940860 3297.405826600360 -361.774167823130 -2.58883516970504 4.01293126019328 -5.98795205447765
2025-09-17T23:56:00.000 5103.700430017660 4128.889699888240 -1768.180341782420 -4.28154358606209 2.87398399754642 -5.66040589139879
2025-09-18T00:00:00.000 3903.188299245760 4660.273534933740 -3045.728456835860 -5.66144384913611 1.52747569454402 -4.92086596900361
2025-09-18T00:04:00.000 2419.283667145690 4853.320286344610 -4101.552706648260 -6.62891532715176 0.07173696798992 -3.82414000722229
2025-09-18T00:08:00.000 759.924225358306 4694.416446266750 -4859.118777630010 -7.11486942319663 -1.38765576473378 -2.45059880053640
2025-09-18T00:12:00.000 -954.498869474558 4195.385819104610 -5263.638732400030 -7.08512337976637 -2.74555376542862 -0.89994874428494
2025-09-18T00:16:00.000 -2599.785372402430 3392.506564590250 -5285.861528410810 -6.54222121311561 -3.90447939298692 0.71596108146661
2025-09-18T00:20:00.000 -4056.720376729930 2343.870198528260 -4924.069970533060 -5.52488926188205 -4.78113203482859 2.28082107665649
2025-09-18T00:24:00.000 -5219.489313380460 1125.298253380420 -4204.224343585790 -4.10549827522986 -5.31191397933152 3.68158956385197
2025-09-18T00:28:00.000 -6003.253848555390 -174.959442136024 -3178.245355212680 -2.38555253856895 -5.45750375303306 4.81624200273821
2025-09-18T00:32:00.000 -6350.406572033780 -1462.463565982130 -1920.475865669700 -0.48923032667520 -5.20607423563736 5.60113991597370
2025-09-18T00:36:00.000 -6235.021449256610 -2643.420352368610 -522.446737187187 1.44525688234976 -4.57490772265077 5.97769299801343
2025-09-18T00:40:00.000 -5665.002541894050 -3631.612978557500 913.773742662210 3.27598920121236 -3.60951006752362 5.91730252181123
2025-09-18T00:44:00.000 -4681.678772688690 -4354.843195403620 2283.131706912160 4.86817419955879 -2.38049843832384 5.42392034838295
2025-09-18T00:48:00.000 -3356.794197712190 -4760.354660440550 3485.447074019700 6.10481921758631 -0.97819108034782 4.53392208238557
2025-09-18T00:52:00.000 -1787.118136250120 -4818.730822120250 4432.881007009420 6.89567658696909 0.49451779797857 3.31306046699878
2025-09-18T00:56:00.000 -87.199805764418 -4525.963825890840 5056.379245487220 7.18364215861889 1.93010690865874 1.85107295176878
2025-09-18T01:00:00.000 1619.077242239980 -3903.626038166540 5310.637977996350 6.94847111344179 3.22422973950608 0.25491451743829
2025-09-18T01:04:00.000 3207.528810575140 -2997.184350750430 5177.295301986860 6.20779132099285 4.28328418817045 -1.35924411812383
2025-09-18T01:08:00.000 4562.592161259700 -1872.644131700310 4666.157931021420 5.01539938085121 5.03065381202351 -2.87416964889831
2025-09-18T01:12:00.000 5585.625867028180 -611.822706523960 3814.492330414750 3.45772898789203 5.41200710267408 -4.17960840892630
2025-09-18T01:16:00.000 6202.086605386130 693.531042116162 2684.390371594050 1.64798927245269 5.39946290780219 -5.18022886363352
2025-09-18T01:20:00.000 6367.026874013640 1948.393438730340 1358.305758562260 -0.28186932322253 4.99381854147645 -5.80274263391228
2025-09-18T01:24:00.000 6068.472264335560 3061.422214021460 -66.945879587400 -2.19073827886794 4.22480788125094 -6.00156117353367
2025-09-18T01:28:00.000 5328.354454382920 3951.698013253000 -1487.326578730750 -3.93900210942977 3.14901055774381 -5.76250496955563
2025-09-18T01:32:00.000 4200.849048096500 4554.685189950720 -2799.293076588660 -5.39928317185606 1.84548435825513 -5.10379898377640
2025-09-18T01:36:00.000 2768.264803396070 4826.915619934640 -3907.423710601120 -6.46597171143769 0.40957601108902 -4.07441171041905
2025-09-18T01:40:00.000 1134.868589082390 4749.029725105510 -4731.347569207420 -7.06272633766518 -1.05443547866078 -2.74993068243084
2025-09-18T01:44:00.000 -580.776487494598 4327.003153820160 -5211.451169743640 -7.14736826945036 -2.44094787985102 -1.22666075420392
2025-09-18T01:48:00.000 -2254.352639874670 3591.575411944890 -5313.023708959300 -6.71429855636253 -3.65037893672242 0.38541704386691
2025-09-18T01:52:00.000 -3764.609394592940 2595.988263341140 -5028.637547358840 -5.79450594128655 -4.59584265072337 1.97022077125314
2025-09-18T01:56:00.000 -5001.931275894970 1412.221301001730 -4378.672523342960 -4.45343035116454 -5.20895543453534 3.41340533248767
2025-09-18T02:00:00.000 -5876.149259277910 125.960646437577 -3409.966330577270 -2.78683584023236 -5.44457880164959 4.61010815089426
2025-09-18T02:04:00.000 -6323.130384383590 -1169.434916231130 -2192.641694112140 -0.91475614061381 -5.28440289118106 5.47234740802510
2025-09-18T02:08:00.000 -6309.669847294480 -2379.652249926990 -815.214062898341 1.02663733283832 -4.73893527916620 5.93588717122647
2025-09-18T02:12:00.000 -5836.201959448430 -3416.362002565240 621.799054649680 2.89498356423814 -3.84731687722246 5.96569584872405
2025-09-18T02:16:00.000 -4936.960244499800 -4203.824900757510 2013.312379359830 4.55282346804117 -2.67466361562165 5.55901141874504
2025-09-18T02:20:00.000 -3677.507193825190 -4684.569066523250 3257.513290945580 5.87824575999315 -1.30710062782707 4.74570453150175
2025-09-18T02:24:00.000 -2149.838511980480 -4823.657590979530 4263.463640098070 6.77429898784809 0.15494587169026 3.58590740847691
2025-09-18T02:28:00.000 -465.478110813309 -4611.190749407820 4957.812668466390 7.17614531261126 1.60459578591599 2.16503059261023
2025-09-18T02:32:00.000 1252.792285119710 -4062.901728535620 5290.080041074040 7.05527361821819 2.93641801542499 0.58704447741424
2025-09-18T02:36:00.000 2879.884353958570 -3218.897202899530 5236.215606244030 6.42103333447845 4.05393168480770 -1.03308130505797
2025-09-18T02:40:00.000 4297.430024060160 -2140.677237242230 4800.263194902670 5.31968573394789 4.87636677447522 -2.57761169618164
2025-09-18T02:44:00.000 5402.273325909250 -906.686078517337 4014.029755271060 3.83103557066594 5.34409648635072 -3.93424845789025
2025-09-18T02:48:00.000 6113.930489138310 393.302794796890 2934.826170930400 2.06313171831079 5.42294586783817 -5.00404381813747
2025-09-18T02:52:00.000 6380.512318296540 1664.666965030640 1641.374103847850 0.14480164713466 5.10700672248104 -5.70866751423223
2025-09-18T02:56:00.000 6182.615457175240 2814.857998764060 228.093119027193 -1.78374821965442 4.41939252140698 -5.99648861634067
2025-09-18T03:00:00.000 5534.808462317940 3760.223605025060 -1201.844125158350 -3.58144032763890 3.41067609632122 -5.84669781956647
2025-09-18T03:04:00.000 4484.537199906940 4432.181590369690 -2544.160445292230 -5.11714171812542 2.15504338735959 -5.27094083541317
2025-09-18T03:08:00.000 3108.515174504370 4782.217742688160 -3701.177807486450 -6.27959582422155 0.74443755752310 -4.31214148068138
2025-09-18T03:12:00.000 1506.953937031690 4785.314217257880 -4588.932156774730 -6.98538932586467 -0.71853615503834 -3.04087749072519
2025-09-18T03:16:00.000 -203.840094192755 4441.594031180730 -5143.167900935810 -7.18450251323695 -2.12823673953926 -1.54973320546183
2025-09-18T03:20:00.000 -1899.872847694330 3776.157543450220 -5323.814417280270 -6.86317421048542 -3.38335378675742 0.05352614160799
2025-09-18T03:24:00.000 -3458.278228764710 2837.207566933900 -5117.742539020830 -6.04446083735455 -4.39375251821795 1.65344372298553
2025-09-18T03:28:00.000 -4765.998175774930 1692.630571478670 -4539.681294385690 -4.78660859001785 -5.08646891903748 3.13462768219363
2025-09-18T03:32:00.000 -5727.831809727320 425.244268784753 -3631.257469122330 -3.17938867934969 -5.41078708941823 4.38962897529275
2025-09-18T03:36:00.000 -6273.346779761170 -873.028326182819 -2458.170352413750 -1.33830402614750 -5.34207175571087 5.32649395997546
2025-09-18T03:40:00.000 -6362.172070202080 -2107.730094922730 -1105.634510533050 0.60305843836651 -4.88407721477608 5.87563041552782
2025-09-18T03:44:00.000 -5987.236088627430 -3188.776424626600 327.713214803179 2.50252958359186 -4.06937821878073 5.99560562160842
2025-09-18T03:48:00.000 -5175.527462792890 -4037.186603757430 1737.075188814590 4.22033013970958 -2.95736609412165 5.67692137568463
2025-09-18T03:52:00.000 -3986.184244333790 -4591.017002383420 3019.325947897210 5.63007758637461 -1.62970123535373 4.94291182330648
2025-09-18T03:56:00.000 -2506.075259617030 -4809.971217014490 4080.717153184450 6.62854504136101 -0.18391513289089 3.84784412783734
2025-09-18T04:00:00.000 -843.277610415316 -4678.309194392180 4843.810659990760 7.14327405851779 1.27419987139096 2.47244161472509
2025-09-18T04:04:00.000 880.953080810646 -4205.881511120120 5253.093117709060 7.13748743325248 2.63848214680639 0.91751061358547
2025-09-18T04:08:00.000 2541.061978961670 -3427.294663800740 5278.910306647190 6.61227171755611 3.81002761187475 -0.70359209105289
2025-09-18T04:12:00.000 4016.270013077960 -2399.320551181060 4919.510395311810 5.60604896996583 4.70409275050280 -2.27304919047221
2025-09-18T04:16:00.000 5199.245082068720 -1196.773084779460 4201.138253390440 4.19181155743454 5.25594322373361 -3.67675733606712
2025-09-18T04:20:00.000 6003.845671293070 92.865594688505 3176.163884715270 2.47215875311981 5.42539359073365 -4.81240541245626
2025-09-18T04:24:00.000 6371.425491766750 1375.746590756130 1919.341782239580 0.57226490881951 5.19995206153042 -5.59693753596024
2025-09-18T04:28:00.000 6275.206220069490 2558.490574192940 522.403397601921 -1.36910329442131 4.59605280957763 -5.97286739967647
2025-09-18T04:32:00.000 5722.318654344590 3555.058891098630 -912.672086823114 -3.20993872956722 3.65806975495209 -5.91285470878318
2025-09-18T04:36:00.000 4753.280618411300 4293.107015457130 -2281.205022502320 -4.81581990167059 2.45501676169126 -5.42188795458555
2025-09-18T04:40:00.000 3438.913931532550 4719.284352179770 -3483.565523654090 -6.07022552566339 1.07509272734881 -4.53671950716973
2025-09-18T04:44:00.000 1874.995167936860 4803.030202471490 -4432.455284610580 -6.88294130284133 -0.38118845679158 -3.32264532919402
2025-09-18T04:48:00.000 175.153872112531 4538.638420316120 -5059.165976361590 -7.19621369815452 -1.80850638653461 -1.86826151018126
2025-09-18T04:52:00.000 -1537.383113693020 3945.499108128520 -5318.388759506210 -6.98817158567535 -3.10424733430663 -0.27878535374150
2025-09-18T04:56:00.000 -3138.568741917220 3066.609823250430 -5191.329941200570 -6.27383663185363 -4.17539236916724 1.33130083374960
2025-09-18T05:00:00.000 -4512.296782637860 1965.511863698960 -4687.014242248950 -5.10399697130193 -4.94472567289317 2.84597041483076
2025-09-18T05:04:00.000 -5558.642833502480 721.846356042513 -3841.715077588300 -3.56202195153042 -5.35609840113038 4.15547187766586
2025-09-18T05:08:00.000 -6201.098156692330 -574.237462050308 -2716.517180438610 -1.75859835455967 -5.37868701221647 5.16406272703417
2025-09-18T05:12:00.000 -6392.269387250340 -1828.514271797300 -1393.081622131890 0.17571521665650 -5.00962888782379 5.79710551265966
2025-09-18T05:16:00.000 -6117.590500559790 -2949.524968773580 32.158610439780 2.09957635170618 -4.27482097240342 6.00701445337672
2025-09-18T05:20:00.000 -5396.657404566660 -3855.373074324730 1455.039919476440 3.87149437651928 -3.22761506657791 5.77747322800962
2025-09-18T05:24:00.000 -4281.924449731110 -4479.888233643920 2771.438875213670 5.36098182007528 -1.94484714703917 5.12515210867101
2025-09-18T05:28:00.000 -2854.800976173600 -4777.571737410160 3885.073246686230 6.45877734887681 -0.52081521703255 4.09826419532014
2025-09-18T05:32:00.000 -1219.526898528900 -4726.921086520250 4714.646470342220 7.08505200242921 0.94012791557266 2.77260617343971
2025-09-18T05:36:00.000 504.607298375144 -4331.889878864010 5199.765743411130 7.19488073736974 2.33151330258884 1.24544346150967
2025-09-18T05:40:00.000 2192.011580059190 -3621.467886608530 5305.239384580470 6.78092808883137 3.55240433431290 -0.37176083309369
2025-09-18T05:44:00.000 3719.893163198980 -2647.494156637770 5023.533648236700 5.87366633017746 4.51444665226197 -1.96137873587395
2025-09-18T05:48:00.000 4977.092971670030 -1480.875968091390 4375.249265680600 4.53896640424279 5.14799664080261 -3.40793132125103
2025-09-18T05:52:00.000 5872.083413045870 -206.493560262280 3407.651321573570 2.87365529930964 5.40698409485246 -4.60602861368236
2025-09-18T05:56:00.000 6339.645973306370 1082.914123792660 2191.301886924310 0.99885732692539 5.27241194849782 -5.46811726031751
2025-09-18T06:00:00.000 6345.710258999540 2293.484886409700 814.968654301346 -0.94856278181595 4.75405183668458 -5.93102645577857
2025-09-18T06:04:00.000 5889.935022599270 3337.134731262710 -620.866220528970 -2.82616448501302 3.89000000192210 -5.96096380338700
2025-09-18T06:08:00.000 5005.754646541810 4138.062612913370 -2011.437531668730 -4.49675626479571 2.74386085037604 -5.55627137009992
2025-09-18T06:12:00.000 3757.831620203650 4638.313875477560 -3255.460903238910 -5.83893416562501 1.39976234999042 -4.74737405280557
2025-09-18T06:16:00.000 2237.158673432320 4801.938246409850 -4262.562253622790 -6.75600821518392 -0.04425051573840 -3.59411110657543
2025-09-18T06:20:00.000 554.280721855258 4617.446514291180 -4959.781916793030 -7.18260862719756 -1.48363423967443 -2.18080126914025
2025-09-18T06:24:00.000 -1168.758628341620 4098.474464567300 -5296.708249424840 -7.08876625277298 -2.81478343892993 -0.60986591897252
2025-09-18T06:28:00.000 -2807.153745736560 3282.689956381560 -5248.953341749100 -6.48147068499687 -3.94217039172599 1.00551485469422
2025-09-18T06:32:00.000 -4242.151381920540 2229.078702428340 -4819.823499985840 -5.40388692767754 -4.78464708166958 2.54901874481157
2025-09-18T06:36:00.000 -5369.454083556140 1013.819908065930 -4040.142441517080 -3.93269903766497 -5.28093384603636 3.90896548162934
2025-09-18T06:40:00.000 -6106.731025618940 -275.046833904162 -2966.198123395500 -2.17330107361399 -5.39411201654724 4.98609683288098
2025-09-18T06:44:00.000 -6399.725416118540 -1543.874920575140 -1675.873770615850 -0.25291992497600 -5.11477101774418 5.70088344030335
2025-09-18T06:48:00.000 -6226.449264764650 -2700.207901031050 -263.120009695715 1.68841568972258 -4.46224843322698 5.99986657828026
2025-09-18T06:52:00.000 -5599.038461057810 -3659.601394416390 1168.870012983960 3.50812885015185 -3.48365101764245 5.86006540057804
2025-09-18T06:56:00.000 -4563.053209476260 -4351.958743824480 2515.314965072100 5.07216343982915 -2.25066888570515 5.29138703219956
2025-09-18T07:00:00.000 -3194.119000285190 -4726.788722684860 3677.709073102740 6.26565047967010 -0.85391162192782 4.33583149271243
2025-09-18T07:04:00.000 -1592.239974797680 -4756.919325624190 4571.145935537610 7.00154606333131 0.60417052470015 3.06395118722913
2025-09-18T07:08:00.000 125.675310576809 -4440.408413907510 5130.538296057330 7.22684617756224 2.01711544241553 1.56925279324476
2025-09-18T07:12:00.000 1834.446665479460 -3800.552402029300 5315.276521851240 6.92592397565288 3.28232866655729 -0.03906942973358
2025-09-18T07:16:00.000 3409.706378537000 -2884.079945301140 5112.056820114070 6.12106632753025 4.30825170738629 -1.64400118251182
2025-09-18T07:20:00.000 4736.841153068130 -1757.737982956390 4535.783965901440 4.87081846427706 5.02060688404140 -3.12887534912590
2025-09-18T07:24:00.000 5719.252598193350 -503.480360497815 3628.489123608850 3.26586494906655 5.36769491227905 -4.38563671691190
2025-09-18T07:28:00.000 6285.364846323240 787.425711552901 2456.332052031180 1.42286339912318 5.32411717012663 -5.32250514801408
2025-09-18T07:32:00.000 6393.917155115440 2021.012862194960 1104.845627293830 -0.52374148114354 4.89296691935983 -5.87084589754151
2025-09-18T07:36:00.000 6037.079100663360 3107.506899305810 -327.297650655316 -2.43156615673527 4.10591533047328 -5.99055405391191
2025-09-18T07:40:00.000 5241.060437917350 3967.956873130750 -1735.579239383160 -4.16116307707028 3.02090200249930 -5.67333434572300
2025-09-18T07:44:00.000 4064.110767792390 4540.035133560420 -3017.381206695880 -5.58665700498108 1.71760020760537 -4.94317398784349
2025-09-18T07:48:00.000 2592.113296805010 4782.539229821620 -4079.533370125410 -6.60507489678609 0.29124952061967 -3.85425525138412
2025-09-18T07:52:00.000 932.150792655102 4678.268652304210 -4845.056743625270 -7.14371639852625 -1.15466289904139 -2.48639785610128
2025-09-18T07:56:00.000 -795.354005648028 4235.082895280820 -5258.593741389440 -7.16463338969284 -2.51601503559617 -0.93882330574530
2025-09-18T08:00:00.000 -2465.261805491410 3485.199070312380 -5290.229054535200 -6.66664067090599 -3.69508270789031 0.67687957255404
2025-09-18T08:04:00.000 -3956.575143146740 2482.856644776080 -4937.555069000280 -5.68521474410885 -4.60710524360405 2.24439004708065
2025-09-18T08:08:00.000 -5160.988675818870 1300.504913896060 -4225.864262496240 -4.29009438767108 -5.18595463529887 3.65048040074978
2025-09-18T08:12:00.000 -5990.641682961740 23.748218405704 -3206.481591750840 -2.58103474340433 -5.38883639813705 4.79272037034633
2025-09-18T08:16:00.000 -6384.595702931930 -1254.707148541330 -1953.264543415520 -0.68136502284889 -5.19981052336358 5.58696503143846
2025-09-18T08:20:00.000 -6313.507955973370 -2441.746604219460 -557.401929123811 1.27050814798021 -4.63156048103082 5.97392661805861
2025-09-18T08:24:00.000 -5782.045234600000 -3450.724836636660 879.202160194313 3.13142454185666 -3.72501727844530 5.92425308727280
2025-09-18T08:28:00.000 -4828.701139952740 -4207.932822265680 2251.470081002920 4.76444584484146 -2.54639076728580 5.44105981029838
2025-09-18T08:32:00.000 -3523.020701944500 -4658.117417329130 3458.995727267850 6.04948108742174 -1.18228410568686 4.55992229885954
2025-09-18T08:36:00.000 -1960.385539109210 -4768.588528818090 4413.541269486230 6.89267982387871 0.26714722495485 3.34594971173201
2025-09-18T08:40:00.000 -254.857526249795 -4531.536348413100 5045.522027979670 7.23308313356687 1.69602536031779 1.88844275533280
2025-09-18T08:44:00.000 1469.243797382280 -3964.476796478280 5309.018891565650 7.04663567482481 3.00046700375391 0.29406367530385
2025-09-18T08:48:00.000 3086.411606328100 -3108.867037583690 5185.007493330960 6.34747214226429 4.08601361056497 -1.32109218774492
2025-09-18T08:52:00.000 4478.995994041300 -2027.040432334800 4682.637041092380 5.18650071023493 4.87414380097958 -2.83969374573586
2025-09-18T08:56:00.000 5545.651070859810 -797.716771700869 3838.557122165330 3.64794094490583 5.30765074295443 -4.15125980580606
2025-09-18T09:00:00.000 6208.687897062500 489.657199780865 2714.309787231600 1.84355333359234 5.35491648856999 -5.16008795695813
2025-09-18T09:04:00.000 6419.785454000860 1741.384296875360 1391.917873246490 -0.09513271723796 5.01241082095309 -5.79230811050007
2025-09-18T09:08:00.000 6163.617660951030 2866.369037040590 -32.084690362638 -2.02641422488846 4.30524411474239 -6.00166209659404
2025-09-18T09:12:00.000 5459.027805881680 3782.828599980050 -1453.764658577080 -3.80906315411952 3.28544033296279 -5.77316810265368
2025-09-18T09:16:00.000 4357.607249694780 4424.322410200680 -2769.491320238550 -5.31317530937799 2.02798232353150 -5.12428401169853
2025-09-18T09:20:00.000 2939.768351449480 4744.581163890780 -3883.577918412990 -6.42995180139642 0.62486941039282 -4.10326163452499
2025-09-18T09:24:00.000 1308.706699554110 4720.752869662730 -4715.228291934840 -7.07941222883733 -0.82199607860280 -2.78508223889973
2025-09-18T09:28:00.000 -417.187717659162 4354.886451378460 -5204.277303831210 -7.21558636567563 -2.20823850149554 -1.26560853528753
2025-09-18T09:32:00.000 -2112.871037787950 3673.641291263690 -5315.371123147180 -6.82919898584670 -3.43432563528036 0.34551857396554
2025-09-18T09:36:00.000 -3655.507819329250 2726.315857226050 -5040.375310917150 -5.94779676408121 -4.41217309624799 1.93235359563658
2025-09-18T09:40:00.000 -4933.138437336570 1581.374844668110 -4398.971761897180 -4.63399757418107 -5.07105940627051 3.38037086438838
2025-09-18T09:44:00.000 -5852.667661298670 321.669177063021 -3437.367449006190 -2.98156063084265 -5.36254890162281 4.58432290620859
2025-09-18T09:48:00.000 -6346.669897513310 -961.394452181823 -2225.166364024710 -1.10947895943297 -5.26431570453079 5.45570512040515
2025-09-18T09:52:00.000 -6378.514819775150 -2174.427168236590 -850.500120067277 0.84613864078860 -4.78235243855445 5.92967359497138
2025-09-18T09:56:00.000 -5945.317053177580 -3228.908184585750 586.330725933653 2.74196120358867 -3.95108087106769 5.97040079844127
2025-09-18T10:00:00.000 -5078.358387922030 -4047.796275898900 1980.257185797560 4.43847218530768 -2.83116717168520 5.57429173019968
2025-09-18T10:04:00.000 -3840.839169872290 -4571.317489147880 3229.286979123450 5.81093641780490 -1.50487965089491 4.77040794914671
2025-09-18T10:08:00.000 -2323.153592588770 -4761.400430406900 4242.110348952240 6.75890013227494 -0.06963758533591 3.61810836840016
2025-09-18T10:12:00.000 -636.118763471466 -4604.430463220910 4944.853917833760 7.21368353755814 1.36953292984237 2.20235332673649
2025-09-18T10:16:00.000 1097.269651189260 -4112.102611328400 5286.422567991840 7.14293322295427 2.70798791976233 0.62676144414903
2025-09-18T10:20:00.000 2750.800723466320 -3320.452022603010 5242.091467063030 6.55233667024739 3.84873493671869 -0.99383227786606
2025-09-18T10:24:00.000 4204.164248929260 -2287.184229420580 4815.223334528390 5.48505553610435 4.70923491845896 -2.54160478758586
2025-09-18T10:28:00.000 5351.609926508820 -1087.493358217980 4036.982423593770 4.01853507280284 5.22713275491306 -3.90405128901526
2025-09-18T10:32:00.000 6109.580009041980 191.336710394926 2964.105636139250 2.25922902358331 5.36467345010693 -4.98184607214012
2025-09-18T10:36:00.000 6422.834022135330 1456.232865718470 1674.851571226140 0.33527278878581 5.11171759912399 -5.69609708253128
2025-09-18T10:40:00.000 6268.581672818220 2615.129349933670 263.329952190696 -1.61273471063253 4.48678990300513 -5.99449430801973
2025-09-18T10:44:00.000 5658.219196800540 3583.749122075810 -1167.423489612730 -3.44232223006057 3.53588303196943 -5.85545775343663
2025-09-18T10:48:00.000 4636.467793904930 4291.821444739610 -2513.078680567420 -5.02004267856236 2.32894885159893 -5.28983580947718
2025-09-18T10:52:00.000 3277.969819770290 4688.203200068430 -3675.718600109050 -6.23154924904808 0.95438725555249 -4.33982177409038
2025-09-18T10:56:00.000 1681.667061047080 4744.506257555690 -4570.977634146440 -6.98988399811771 -0.48779948717676 -3.07535631772843
2025-09-18T11:00:00.000 -36.518276553295 4456.990819122370 -5134.058552455990 -7.24123445147696 -1.89345244542472 -1.58851593556175
2025-09-18T11:04:00.000 -1752.064399827920 3846.678731168240 -5324.250411790470 -6.96807154129093 -3.16156952034509 0.01324610862286
2025-09-18T11:08:00.000 -3340.704245879430 2957.767193886320 -5127.732320579500 -6.18999822533619 -4.20110156793015 1.61460731464134
2025-09-18T11:12:00.000 -4687.203564176990 1854.497025228990 -4558.523450743450 -4.96225866919440 -4.93700361986104 3.10016024075601
2025-09-18T11:16:00.000 -5693.544397715950 616.672014811303 -3657.587285954330 -3.37236358700969 -5.31542457930245 4.36208357412940
2025-09-18T11:18:00.000 -6045.016847203200 -24.866500235571 -3102.248412997490 -2.47645309745149 -5.36058930102584 4.87948578590802
2025-09-18T11:22:00.000 -6412.153363959990 -1294.854023999230 -1832.241531195260 -0.56383339567007 -5.15790584387939 5.63923242669618
2025-09-18T11:26:00.000 -6312.156217864650 -2470.485451439700 -428.396974746801 1.39240692009588 -4.57896594779475 5.98774679488608
2025-09-18T11:30:00.000 -5751.812988019780 -3465.926392324900 1006.768137428240 3.24868976309222 -3.66548417864861 5.89850013044055
2025-09-18T11:34:00.000 -4771.762549560250 -4208.447237195890 2368.262114012170 4.86834354501062 -2.48429626167497 5.37758021152349
2025-09-18T11:38:00.000 -3443.532075285460 -4643.885867529260 3556.469114866920 6.13235081088591 -1.12225230633504 4.46340901726268
2025-09-18T11:42:00.000 -1864.158484097410 -4740.643730979710 4484.575657914300 6.94844004037821 0.32067399325975 3.22350590657640
2025-09-18T11:46:00.000 -148.925921553354 -4491.929951912760 5084.949631998010 7.25772362530840 1.73908424000647 1.74912350714933
2025-09-18T11:50:00.000 1577.165163350780 -3916.112656284960 5313.993498921650 7.03849466185865 3.02995260747909 0.14801930198155
2025-09-18T11:54:00.000 3188.483639098080 -3055.273177546320 5155.178215798490 6.30715243713765 4.09984632148800 -1.46331663244630
2025-09-18T11:58:00.000 4567.795370020580 -1972.118404299430 4620.175532651020 5.11688918032644 4.87131213531810 -2.96773634468017
2025-09-18T12:02:00.000 5614.715611513520 -745.464272036726 3748.017422422140 3.55409837401325 5.28837621798077 -4.25576829842380
2025-09-18T12:06:00.000 6252.990174666290 535.440458173157 2602.296472187120 1.73230523722624 5.32061069433035 -5.23342961714853
2025-09-18T12:10:00.000 6436.100927286560 1777.369203433760 1266.605126481360 -0.21567415920067 4.96555933521134 -5.82911105383334
2025-09-18T12:14:00.000 6150.770188869160 2889.938072653730 -161.547500429417 -2.14739806366066 4.24926969088938 -5.99923419244485
2025-09-18T12:18:00.000 5417.982960380520 3792.277916336310 -1577.929749586650 -3.92161461574907 3.22448164644427 -5.73173250117219
2025-09-18T12:22:00.000 4291.391683967890 4418.991419799460 -2879.315430084260 -5.40910592959161 1.96653032233703 -5.04696071765789
2025-09-18T12:26:00.000 2853.229229902850 4724.892034414960 -3971.086953676750 -6.50236903128479 0.56739436938162 -3.99577105520255
2025-09-18T12:30:00.000 1208.144102023850 4688.165636290940 -4774.086514901530 -7.12316933617661 -0.87136007315898 -2.65527230962816
2025-09-18T12:34:00.000 -524.484232146547 4311.781893248520 -5230.226582230520 -7.22760916772610 -2.24600150363216 -1.12282750787461
2025-09-18T12:38:00.000 -2219.132830829560 3623.140305171230 -5306.516728889480 -6.80859105865657 -3.45783961577136 0.49101578426225
2025-09-18T12:42:00.000 -3753.022703791650 2672.057481248400 -4997.328964560580 -5.89593890058474 -4.41978231559961 2.07005994910778
2025-09-18T12:46:00.000 -5014.799299347490 1527.266412347530 -4324.817346360060 -4.55451809398845 -5.06220317906730 3.50031921886192
2025-09-18T12:50:00.000 -5912.483007752460 271.615720913909 -3337.448497562300 -2.88008833774921 -5.33780514363096 4.67775153495819
2025-09-18T12:54:00.000 -6380.210438661420 -1003.762754908750 -2106.718804576720 -0.99332624634106 -5.22538818698856 5.51571592038593
2025-09-18T12:58:00.000 -6383.256907368660 -2206.015697791040 -722.138595128613 0.96849480865355 -4.73198838373238 5.95174930323646
2025-09-18T13:02:00.000 -5920.848530962340 -3247.393550589690 715.236048133826 2.86152118265302 -3.89291828430857 5.95281254710171
2025-09-18T13:06:00.000 -5026.419220308940 -4051.809307844640 2100.273282360580 4.54641428148423 -2.76947076864826 5.51824885385784
2025-09-18T13:10:00.000 -3765.200512712720 -4560.553698773750 3331.620631111120 5.89926628176912 -1.44419866772872 4.68001127947289
2025-09-18T13:14:00.000 -2229.337454951120 -4736.643991957320 4319.275088679500 6.82112583260142 -0.01441698643148 3.50006284142225
2025-09-18T13:18:00.000 -530.977637180402 -4567.486208316760 4991.218774388730 7.24525608813688 1.41524919449170 2.06532024926703
2025-09-18T13:22:00.000 1206.059691478140 -4065.671064424050 5298.620241679190 7.14159930159189 2.74084924702906 0.48081973733233
2025-09-18T13:26:00.000 2855.318152095310 -3267.922792219360 5219.256423246160 6.51829895313381 3.86638747516851 -1.13805443966742
2025-09-18T13:30:00.000 4296.814929758750 -2232.375576145460 4759.026815055520 5.42078818723629 4.71046411284624 -2.67371204441232
2025-09-18T13:34:00.000 5425.646244540980 -1034.384707620480 3951.506386537790 3.92862296668486 5.21181339369729 -4.01443817751445
2025-09-18T13:38:00.000 6159.598556644150 238.879532114918 2855.574138564420 2.15022282260440 5.33389424292025 -5.06240288927116
2025-09-18T13:42:00.000 6445.186801117440 1494.748336440960 1551.181323924100 0.21514493197346 5.06772986745306 -5.74092008689367
2025-09-18T13:46:00.000 6261.644818710890 2641.816622799220 133.547445253667 -1.73518259541225 4.43281801376745 -6.00029561925721
2025-09-18T13:50:00.000 5622.517326772450 3596.676302629030 -1293.848447278490 -3.55811144374021 3.47589249075330 -5.82186148602369
2025-09-18T13:54:00.000 4574.630396587980 4290.065344790070 -2626.937074719650 -5.12071818621003 2.26733576863652 -5.21936619630388
2025-09-18T13:58:00.000 3194.526619479520 4671.918575415710 -3768.737192919170 -6.30983867047973 0.89566886382222 -4.23769968276647
2025-09-18T14:02:00.000 1582.699202817700 4714.906239176760 -4636.416589187780 -7.04019514608362 -0.53937156207411 -2.94905412487445
2025-09-18T14:06:00.000 -143.825498908257 4416.246701114620 -5167.187321774430 -7.26000682543468 -1.93419673811119 -1.44720123073799
2025-09-18T14:10:00.000 -1859.937948129370 3797.752115045870 -5322.674076371220 -6.95399165560628 -3.18861018668972 0.15940017667490
2025-09-18T14:14:00.000 -3441.329696973240 2904.195393079140 -5091.548188141500 -6.14402161475462 -4.21254272454458 1.75510892291431
2025-09-18T14:18:00.000 -4773.263485230410 1800.146629781660 -4490.322979543830 -4.88757667907740 -4.93200397024112 3.22483157567088
2025-09-18T14:22:00.000 -5758.747406743420 565.474645984930 -3562.290229443600 -3.27427847815593 -5.29429988298797 4.46182324776690
2025-09-18T14:26:00.000 -6325.597284024540 -710.278248040187 -2374.589022178390 -1.42011565130360 -5.27203956532406 5.37531668835042
2025-09-18T14:30:00.000 -6431.881301488400 -1934.296410770820 -1013.525708491600 0.54026999834929 -4.86563558818629 5.89742431201127
2025-09-18T14:34:00.000 -6069.256685864850 -3017.285382685620 421.624823040015 2.46335549572337 -4.10390783846605 5.98873660562914
2025-09-18T14:38:00.000 -5263.811558607860 -3880.122442217690 1825.922230284860 4.20761869072983 -3.04231982688309 5.64183224604238
2025-09-18T14:42:00.000 -4074.236810384540 -4459.804478202880 3096.597669439060 5.64469505085583 -1.75885054843529 4.88212436015906
2025-09-18T14:46:00.000 -2587.436881250240 -4714.141177537850 4140.740877300250 6.66932782790780 -0.34781103105254 3.76578079216379
2025-09-18T14:50:00.000 -911.999747924816 -4624.808460328200 4882.169817660680 7.20715633760425 1.08749604540226 2.37507050137362
2025-09-18T14:54:00.000 829.876339876090 -4198.583085947100 5266.952482021170 7.21974667949258 2.44251893293554 0.81197562064125
2025-09-18T14:58:00.000 2511.340975297560 -3466.712943988910 5267.232577130240 6.70688680631737 3.61906220676752 -0.80955339815382
2025-09-18T15:02:00.000 4010.056136364480 -2482.569858707200 4883.131109111020 5.70613195349845 4.53203165136723 -2.37167284746306
2025-09-18T15:06:00.000 5216.979487526710 -1317.776301005060 4142.696253245000 4.29007346671749 5.11530872479144 -3.76086759936919
2025-09-18T15:10:00.000 6044.221516944880 -57.071076228531 3099.903019360490 2.56142455460002 5.32637779796362 -4.87586787708096
2025-09-18T15:14:00.000 6431.489631162910 1207.789876058600 1830.812565342320 0.64607958089496 5.14971146726872 -5.63507696948051
2025-09-18T15:18:00.000 6350.590873800780 2384.731795430690 428.061172111221 -1.31601107084809 4.59824098434897 -5.98287166957559
2025-09-18T15:22:00.000 5807.565287799160 3388.142038003670 -1005.946318239920 -3.18133738501143 3.71255601387520 -5.89401457735638
2025-09-18T15:26:00.000 4842.228826163380 4145.185405681930 -2366.618357161230 -4.81376153862872 2.55785696497950 -5.37562684016153
2025-09-18T15:30:00.000 3525.139805232880 4601.130399471050 -3554.908046050430 -6.09482652730626 1.21880262422760 -4.46645175592382
2025-09-18T15:34:00.000 1952.276844532590 4723.251735459470 -4484.555142998720 -6.93243077031953 -0.20705673933393 -3.23354101771667
2025-09-18T15:38:00.000 237.908419628268 4503.050230103220 -5088.257583295210 -7.26705442344697 -1.61663858278081 -1.76679552687190
2025-09-18T15:42:00.000 -1493.696099257770 3956.695909041210 -5322.371523451460 -7.07526301575930 -2.90862582762052 -0.17227268976360
2025-09-18T15:46:00.000 -3117.111091259780 3123.776668266900 -5169.907536109900 -6.37085544854070 -3.99027302109708 1.43522497401555
2025-09-18T15:50:00.000 -4514.609088406780 2064.484757207240 -4641.711371745160 -5.20383694231504 -4.78359429738421 2.93985021467472
2025-09-18T15:54:00.000 -5584.514711890070 855.415085783424 -3775.772688121430 -3.65728258919190 -5.23068537272955 4.23254185931202
2025-09-18T15:58:00.000 -6248.567279544180 -415.791616529029 -2634.677749995830 -1.84220312023586 -5.29804177423406 5.21862593745144
2025-09-18T16:02:00.000 -6457.786396878080 -1656.704471666910 -1301.284090924240 0.10982713172081 -4.97959706995262 5.82498889909436
2025-09-18T16:06:00.000 -6196.308046522730 -2776.847075030660 127.209444760340 2.05611805969173 -4.29767716007910 6.00606759784217
2025-09-18T16:10:00.000 -5482.785733406640 -3694.405441009150 1546.388699929760 3.85356832416426 -3.30175182835496 5.74775934975577
2025-09-18T16:14:00.000 -4369.145696862990 -4342.363129132180 2852.400366212220 5.36984671436060 -2.06487118770433 5.06883762129882
2025-09-18T16:18:00.000 -2936.729349864760 -4673.511749227500 3949.722263493800 6.49374133443419 -0.67795419497774 4.01947416396516
2025-09-18T16:22:00.000 -1290.176149633350 -4663.902506987870 4758.250216287040 7.14349294471683 0.75734508938286 2.67709681405402
2025-09-18T16:26:00.000 450.383742863109 -4314.500554364260 5219.131649293670 7.27247643306444 2.13636666325006 1.14021753307959
2025-09-18T16:30:00.000 2158.156222644000 -3650.983092774770 5298.955074937980 6.87203555269451 3.35907036150665 -0.47897283209964
2025-09-18T16:34:00.000 3708.870200593270 -2721.775804216300 4992.065011460140 5.97166813611596 4.33700444577271 -2.06274670613133
2025-09-18T16:38:00.000 4989.710441783360 -1594.527245659780 4320.905218611560 4.63677893826596 4.99937174098552 -3.49602490699914
2025-09-18T16:42:00.000 5907.439749977740 -351.243836539263 3334.409353523850 2.96417551826943 5.29804035612175 -4.67444896934397
2025-09-18T16:46:00.000 6395.185672357180 917.611503115199 2104.516976107630 1.07550118542980 5.21114148662469 -5.51186557725110
2025-09-18T16:50:00.000 6417.407079456980 2119.682090604180 720.982518150500 -0.89138091789529 4.74491526350944 -5.94691723014869
2025-09-18T16:54:00.000 5972.592775038350 3167.500549962220 -715.186259128529 -2.79255732521463 3.93366500673243 -5.94784323311684
2025-09-18T16:58:00.000 5093.389674953650 3984.963680698760 -2099.205781722510 -4.48913230636309 2.83714407722222 -5.51513958367556
2025-09-18T17:02:00.000 3844.106499065800 4512.908120261820 -3330.283968005630 -5.85782152863323 1.53583985480335 -4.68130030660019
2025-09-18T17:06:00.000 2315.837908989860 4713.360104170930 -4319.004512648200 -6.80003602249441 0.12468936265981 -3.50795012522633
2025-09-18T17:10:00.000 619.676900676382 4572.144227562200 -4993.749232282870 -7.24860382313448 -1.29414499276598 -2.08080942727460
2025-09-18T17:14:00.000 -1121.376715112830 4099.743760607060 -5305.732602093300 -7.17197649474902 -2.61855426364117 -0.50325181446638
2025-09-18T17:18:00.000 -2781.211619765230 3330.431063619650 -5232.359919325860 -6.57582918373407 -3.75349981490817 1.11109434052401
2025-09-18T17:22:00.000 -4239.507459921960 2319.809354539660 -4778.779078300280 -5.50248414935669 -4.61725887804326 2.64596371288393
2025-09-18T17:26:00.000 -5390.256675460160 1140.931033406590 -3977.577825343910 -4.02827972847797 -5.14700192576655 3.99025861159091
2025-09-18T17:30:00.000 -6149.400472510300 -120.810636550662 -2886.610703827020 -2.25881195692647 -5.30338294383891 5.04578262332605
2025-09-18T17:34:00.000 -6461.065384700500 -1373.741358882490 -1585.017577080000 -0.32202811697504 -5.07381653471729 5.73450220400014
2025-09-18T17:38:00.000 -6301.895539947220 -2526.544790902500 -167.611703626559 1.64064407466683 -4.47397558140687 6.00475137366627
2025-09-18T17:42:00.000 -5683.046439646610 -3495.037082835420 1262.040320582110 3.48496794568195 -3.54730402081123 5.83582128176779
2025-09-18T17:46:00.000 -4649.486318931950 -4208.485140115000 2599.333249441530 5.07523557605213 -2.36170506631344 5.23984104070177
2025-09-18T17:50:00.000 -3276.672276264200 -4614.874715133750 3746.442264027580 6.29470627192064 -1.00426388025345 4.26078998824965
2025-09-18T17:54:00.000 -1664.898210830260 -4684.737210749220 4619.588296268390 7.05444482243037 0.42544637608730 2.97094357195736
2025-09-18T17:58:00.000 68.203930417316 -4413.239322936820 5155.173747499820 7.29973208265724 1.82302288688585 1.46508862710777
2025-09-18T18:02:00.000 1796.348036264420 -3820.401774369630 5314.330451802230 7.01349183854054 3.08699047936435 -0.14677450410799
2025-09-18T18:06:00.000 3393.760648045850 -2949.533822717630 5085.626813535170 6.21698984430427 4.12587811804588 -1.74736060036944
2025-09-18T18:10:00.000 4744.229289866800 -1864.058817552890 4485.828230787120 4.96815996459553 4.86450780801786 -3.22036759092919
2025-09-18T18:14:00.000 5749.464254882640 -642.947586118258 3558.674640122490 3.35755298856061 5.24927178515591 -4.45862534867936
2025-09-18T18:18:00.000 6336.228817368220 624.957403243466 2371.773235981500 1.50224411517483 5.25204581475584 -5.37162793060231
2025-09-18T18:22:00.000 6461.772482660060 1847.379186658960 1011.735650286980 -0.46239548956748 4.87257017243178 -5.89256282504772
2025-09-18T18:26:00.000 6117.027030778890 2935.367155716220 -422.159261606365 -2.39276564491577 4.13867819344260 -5.98334608260029
2025-09-18T18:30:00.000 5327.316986689160 3809.855770781910 -1825.270415038090 -4.14769631786875 3.10441606939940 -5.63772989495293
2025-09-18T18:34:00.000 4150.446223384010 4407.494995629180 -3095.368426459580 -5.59947210190612 1.84579739252232 -4.88185464354937
2025-09-18T18:38:00.000 2672.285842596490 4685.222462737920 -4140.152864660080 -6.64331717040046 0.45477222065607 -3.77172592998736
2025-09-18T18:42:00.000 1000.350845013120 4623.257613989990 -4883.907324680400 -7.20463235020789 -0.96779917041084 -2.38861755961911
2025-09-18T18:46:00.000 -744.064912688688 4226.370029140800 -5272.843706941940 -7.24378068178684 -2.31941162071022 -0.83284080564117
2025-09-18T18:50:00.000 -2434.592571405670 3523.411506124610 -5278.821220981250 -6.75827420752810 -3.50303357011494 0.78342385340136
2025-09-18T18:54:00.000 -3948.730741969210 2565.207677307930 -4901.279032462750 -5.78261696478899 -4.43357424867184 2.34382158494173
2025-09-18T18:58:00.000 -5176.500322593240 1421.001800621480 -4167.308854460900 -4.38613060326676 -5.04354249052263 3.73557258035302
2025-09-18T19:02:00.000 -6028.330727097690 173.625407215205 -3129.860754390850 -2.66867024251518 -5.28791009370307 4.85724431188789
2025-09-18T19:06:00.000 -6441.657113180110 -1086.356113480000 -1864.122564005300 -0.75417720913906 -5.14773624694889 5.62612641530241
2025-09-18T19:10:00.000 -6385.719826886550 -2267.180628034750 -462.220503084879 1.21784095615509 -4.63216023334135 5.98476876858959
2025-09-18T19:14:00.000 -5864.081523236540 -3282.655061403420 973.474813194819 3.10269849053315 -3.77821287425838 5.90585973278387
2025-09-18T19:18:00.000 -4914.552570680600 -4058.594137044400 2337.926576920200 4.76154188894137 -2.64835466601453 5.39472959748289
2025-09-18T19:22:00.000 -3606.439054921320 -4538.403823758740 3531.311391918110 6.07254294279286 -1.32569140783901 4.48915253870391
2025-09-18T19:26:00.000 -2035.300592639350 -4687.245948826360 4466.447372436230 6.94004568474436 0.09275465120682 3.25597221663987
2025-09-18T19:30:00.000 -315.815713064224 -4494.510035687600 5075.177078317080 7.30131488535292 1.50337976591019 1.78584687982700
2025-09-18T19:34:00.000 1426.681594403130 -3974.477669583360 5313.278456936550 7.13077010384507 2.80361566683443 0.18632252968279
2025-09-18T19:38:00.000 3065.346990899690 -3165.179172679840 5163.572376240970 6.44138477517425 3.89929539122583 -1.42617149354462
2025-09-18T19:42:00.000 4480.963327484660 -2125.576791985270 4637.071416766960 5.28334971769892 4.71114746841391 -2.93447732533775
2025-09-18T19:46:00.000 5570.504650512720 -931.313871536495 3772.177681148770 3.74063669594711 5.18026412046711 -4.22885928450461
2025-09-18T19:50:00.000 6254.604890345860 330.720279954740 2631.954123882320 1.92531542444428 5.27242751710907 -5.21479707742938
2025-09-18T19:54:00.000 6483.411429275540 1568.674097128180 1299.602446044090 -0.03020747619001 4.98082510528567 -5.82008469437588
2025-09-18T19:58:00.000 6240.326776335320 2692.458276027800 -127.612181319159 -1.98297194831276 4.32689639715350 -6.00049913240026
2025-09-18T20:02:00.000 5543.252622684120 3620.385447044300 -1545.532560493790 -3.79025395226132 3.35876187573525 -5.74319840300641
2025-09-18T20:06:00.000 4443.238920987070 4285.174515953700 -2850.812179852090 -5.32032386844907 2.14759543234623 -5.06773928279339
2025-09-18T20:10:00.000 3020.605906538820 4638.851998170460 -3948.539520281960 -6.46250795135512 0.78204134249527 -4.02432044192789
2025-09-18T20:14:00.000 1378.900927888950 4656.130147070950 -4759.121984017030 -7.13502116323818 -0.63870567477156 -2.68953172333684
2025-09-18T20:18:00.000 -362.722407303954 4336.067045942330 -5223.925855232520 -7.29025124194190 -2.01216062442263 -1.16033399668271
2025-09-18T20:22:00.000 -2078.080569448200 3701.996753683010 -5309.342055611820 -6.91749184382389 -3.23967032128878 0.45292436531954
2025-09-18T20:26:00.000 -3642.910414068770 2799.798242866230 -5009.094132940050 -6.04332003181064 -4.23306859117693 2.03410439050707
2025-09-18T20:30:00.000 -4943.639553341180 1694.655698250440 -4344.694043739880 -4.72978343437602 -4.92053422144430 3.46908173711121
2025-09-18T20:34:00.000 -5885.488868148500 466.523011928136 -3364.026736262410 -3.07064150323758 -5.25158396951270 4.65348974304741
2025-09-18T20:38:00.000 -6399.409453410050 -795.503543879596 -2138.095026902580 -1.18536654931115 -5.20105076999022 5.50025170325488
2025-09-18T20:42:00.000 -6447.318719973740 -1999.580714253860 -756.043767407796 0.78897297854968 -4.77145729037359 5.94627769924764
2025-09-18T20:46:00.000 -6025.163778838270 -3057.858704046430 681.270112556322 2.70766611382460 -3.99343936936426 5.95779105938047
2025-09-18T20:50:00.000 -5163.422737311630 -3893.037972420000 2068.732246316550 4.42954677001696 -2.92373622164047 5.53335471595172
2025-09-18T20:54:00.000 -3924.926196748100 -4444.161858444730 3304.817624689370 5.82794503554967 -1.64092611370401 4.70415278699054
2025-09-18T20:58:00.000 -2400.155660980540 -4671.148904419910 4299.182957004770 6.80058940232040 -0.23922702301188 3.53150948884549
2025-09-18T21:02:00.000 -700.433613884405 -4557.679257718360 4979.321370986430 7.27707879545258 1.17884727851211 2.10172302986920
2025-09-18T21:06:00.000 1050.326503379270 -4112.260187757310 5295.777814890280 7.22341299727461 2.51016628319395 0.51939544552924
2025-09-18T21:10:00.000 2724.643061725040 -3367.497547869510 5225.645463138080 6.64400416349283 3.65821389090122 -1.10017203464603
2025-09-18T21:14:00.000 4200.681911697860 -2377.678149047130 4774.149910457390 5.58117516759559 4.53989861854754 -2.63925159649787
2025-09-18T21:18:00.000 5371.019065898750 -1214.833253255960 3974.235794735110 4.11199522615396 5.09129294978267 -3.98590115233021
2025-09-18T21:22:00.000 6150.407918642830 36.429879776503 2884.227973197920 2.34316186292599 5.27218066448301 -5.04187064083132
2025-09-18T21:26:00.000 6482.042389434430 1285.031027220530 1583.649874098790 0.40358177937162 5.06924123356323 -5.72984921851193
2025-09-18T21:30:00.000 6341.805721582360 2440.079841798960 167.455062527182 -1.56494042934334 4.49739523324292 -5.99944546534445
2025-09-18T21:34:00.000 5740.099081351180 3417.573369176270 -1260.976059109050 -3.41841150878174 3.59876717997505 -5.83128230341632
2025-09-18T21:38:00.000 4721.035949957570 4146.586133794260 -2597.494272451090 -5.02167497403387 2.43949818549571 -5.23834207910012
2025-09-18T21:42:00.000 3359.081040513880 4574.444965030070 -3744.857731771830 -6.25853823241418 1.10454406330125 -4.26479436301506
2025-09-18T21:46:00.000 1753.442641741220 4670.472052594030 -4619.820731198330 -7.04021120392788 -0.30893597377157 -2.98228947050641
2025-09-18T21:50:00.000 20.729657151036 4428.049053685320 -5159.070565684100 -7.31123768372158 -1.69882599042183 -1.48420538363651
2025-09-18T21:54:00.000 -1713.488217035990 3864.936237200810 -5323.630152557290 -7.05272725873271 -2.96525896035122 0.12124671263699
2025-09-18T21:58:00.000 -3323.600590663460 3021.914534664800 -5101.529661678940 -6.28319354034749 -4.01732431893579 1.71849698580997
2025-09-18T22:02:00.000 -4692.820433502750 1959.897685323400 -4508.641987764730 -5.05725133241291 -4.77910526576596 3.19238771846868
2025-09-18T22:06:00.000 -5721.483110869150 755.686239471618 -3587.655776018690 -3.46225070988924 -5.19492721326828 4.43590603016629
2025-09-18T22:10:00.000 -6334.294120782020 -503.418826479906 -2405.194082213510 -1.61282570940154 -5.23355765017149 5.35785015215541
2025-09-18T22:14:00.000 -6485.994183396540 -1725.851366721210 -1047.166496876960 0.35682922064836 -4.89100865970954 5.88976147412220
2025-09-18T22:18:00.000 -6164.930332765900 -2822.467453199600 387.391968033700 2.30258621329298 -4.19141882850976 5.99150628755435
2025-09-18T22:22:00.000 -5394.148600329420 -3713.179216389070 1793.600294058110 4.08131245414465 -3.18568647502395 5.65490551439593
2025-09-18T22:26:00.000 -4229.788814096440 -4332.964881297070 3068.568177199720 5.56218474930249 -1.94762683622303 4.90460832873318
2025-09-18T22:30:00.000 -2756.889390783660 -4636.699306234000 4119.077881953030 6.63671324556032 -0.56815187015900 3.79602039849708
2025-09-18T22:34:00.000 -1083.014753008580 -4602.441093810790 4868.478539360380 7.22684136740263 0.85170478586427 2.41085404044135
2025-09-18T22:38:00.000 669.762696734566 -4232.936396168310 5262.249674230830 7.29035410196843 2.20854346788425 0.85061860259780
2025-09-18T22:42:00.000 2373.801956598060 -3555.278791672440 5271.853699531080 6.82322860563168 3.40404022637754 -0.77099521516259
2025-09-18T22:46:00.000 3905.094806412850 -2618.879892323980 4896.703834189950 5.85958825302548 4.35160542748986 -2.33609452942091
2025-09-18T22:50:00.000 5152.196905377730 -1491.899211109540 4164.189046720680 4.46938779712545 4.98254420253420 -3.73084262117560
2025-09-18T22:54:00.000 6024.282716788790 -256.334236858602 3127.716436814180 2.75351988028306 5.25092122857073 -4.85354200237330
2025-09-18T22:58:00.000 6457.787395635760 997.886676864298 1862.893966052910 0.83692780547420 5.13704011371837 -5.62204586926289
2025-09-18T23:02:00.000 6421.142019272850 2179.456197214750 462.058298088946 -1.14033218387941 4.64922844646578 -5.98002532945659
2025-09-18T23:06:00.000 5917.167780046770 3202.408095772140 -972.511590370508 -3.03356095242181 3.82341047693618 -5.90151461346833
2025-09-18T23:10:00.000 4982.855763679690 3992.467454705790 -2336.176540629370 -4.70456407786369 2.72043984404443 -5.39291125078828
2025-09-18T23:14:00.000 3686.527922634620 4492.483330570170 -3529.666390354970 -6.03205228381903 1.42122903417582 -4.49223005638822
2025-09-18T23:18:00.000 2122.680598860620 4666.517177259730 -4466.333337082120 -6.92050577605582 0.02048694577959 -3.26590319387128
2025-09-18T23:22:00.000 404.963268160923 4502.304708055300 -5078.363051488280 -7.30669713689448 -1.38042869468797 -1.80341329482252
2025-09-18T23:26:00.000 -1342.086106886600 4011.979892937880 -5321.520336098080 -7.16354851576726 -2.68074040149920 -0.21057684178287
2025-09-18T23:30:00.000 -2991.928449334170 3231.099244441610 -5178.184212593120 -6.50148006526061 -3.78713496943939 1.39791671980267
2025-09-18T23:34:00.000 -4424.951750205870 2216.095186997880 -4658.555413346780 -5.36748544472923 -4.61991961103395 2.90619366008401
2025-09-18T23:38:00.000 -5536.944174794960 1040.340981122200 -3800.007607927700 -3.84223914016089 -5.11844842424036 4.20498857128859
2025-09-18T23:42:00.000 -6246.618265282400 -210.974074893757 -2664.582889591370 -2.03511657841728 -5.24555486729107 5.19922801088756
2025-09-18T23:46:00.000 -6501.690659815760 -1446.904152713290 -1334.710135605090 -0.07703365237555 -4.99084030028253 5.81524131337179
2025-09-18T23:50:00.000 -6282.957082248020 -2577.370424909270 92.690211751546 1.88896561843769 -4.37195368328184 6.00677368918840
2025-09-18T23:54:00.000 -5605.940276326700 -3519.828410469920 1513.301325085180 3.71838241975574 -3.43370875816701 5.75892022627491
2025-09-18T23:58:00.000 -4519.888103639590 -4205.456108891860 2823.177052778220 5.27655475074524 -2.24490793937829 5.08968911012956
2025-09-19T00:02:00.000 -3104.111584538130 -4584.298533035220 3926.523937420530 6.44923420876562 -0.89292772355050 4.04852610786656
2025-09-19T00:06:00.000 -1462.013597394280 -4628.918659319420 4742.798645774120 7.15110323978714 0.52319216444702 2.71218966674607
2025-09-19T00:10:00.000 286.608082770332 -4336.307607193640 5212.568250012850 7.33163806217857 1.90016323606438 1.17873284091157
2025-09-19T00:14:00.000 2014.372893165230 -3727.992935479160 5301.760002217330 6.97845849962066 3.13807831731329 -0.43991571244469
2025-09-19T00:18:00.000 3595.549863124800 -2848.360633840000 5004.010574271030 6.11752480433402 4.14740611392527 -2.02611838170110
2025-09-19T00:22:00.000 4915.072407233590 -1761.438215432040 4341.070853560990 4.81127078044221 4.85495870473342 -3.46457544881423
2025-09-19T00:26:00.000 5876.849458078650 -546.311313048300 3361.272355100040 3.15449677686206 5.20923679876805 -4.65042567172043
2025-09-19T00:30:00.000 6410.787100311320 708.584229757919 2136.078519015570 1.26776081042017 5.18431238042497 -5.49695941670050
2025-09-19T00:34:00.000 6477.980474322180 1911.889751683510 754.920214656563 -0.71116307635572 4.78196501399287 -5.94213496761205
2025-09-19T00:38:00.000 6073.650940438700 2976.033487827800 -681.353490526910 -2.63744856869252 4.03181178433730 -5.95349412796014
2025-09-19T00:42:00.000 5227.514785098710 3823.701548400410 -2067.945244121790 -4.37035261625435 2.98915384915539 -5.53078133510375
2025-09-19T00:46:00.000 4001.495273910860 4393.514011526910 -3303.863799830990 -5.78389950611510 1.73059427515556 -4.70573979011580
2025-09-19T00:50:00.000 2485.025503167750 4644.443818757330 -4299.328864058220 -6.77620666780435 0.34801984952513 -3.53936678927723
2025-09-19T00:54:00.000 788.377215421080 4558.654230204370 -4982.227438430940 -7.27645322199745 -1.05838881820181 -2.11693311798520
2025-09-19T00:58:00.000 -965.386817537637 4142.627401077190 -5303.188737525300 -7.24939194526052 -2.38736269054171 -0.54150436985143
2025-09-19T01:02:00.000 -2649.223183428890 3426.580431763830 -5238.986379003040 -6.69722661638922 -3.54349377507003 1.07337261517517
2025-09-19T01:06:00.000 -4141.096113218370 2462.278101951730 -4794.129865124150 -5.65922416696524 -4.44362595150576 2.61141866523054
2025-09-19T01:10:00.000 -5332.605485803340 1319.407941697120 -4000.584208176710 -4.20916203333191 -5.02241299168473 3.96140644346469
2025-09-19T01:14:00.000 -6136.766823479510 80.724590360383 -2915.637705994340 -2.45079757576383 -5.23701852077371 5.02477883964648
2025-09-19T01:18:00.000 -6494.448894150750 -1163.808486004180 -1617.978378798540 -0.51118180630202 -5.07065524934282 5.72293025329409
2025-09-19T01:22:00.000 -6378.949426761390 -2323.525541519890 -202.118782287591 1.46812004893808 -4.53442026916588 6.00353533957717
2025-09-19T01:26:00.000 -5798.222584268300 -3313.768984316600 1228.510241075220 3.34177488384911 -3.66700646544403 5.84513739658666
2025-09-19T01:30:00.000 -4794.428921816300 -4062.219091465310 2569.242540227840 4.97189888499408 -2.53189519272814 5.25900850581051
2025-09-19T01:34:00.000 -3440.844897560470 -4514.301479837420 3721.999128284630 6.23877505039105 -1.21251807480338 4.28840148766671
2025-09-19T01:38:00.000 -1836.357133430910 -4637.213568171650 4602.591647792960 7.05003950518111 0.19433894719286 3.00500643604762
2025-09-19T01:42:00.000 -98.053889512213 -4422.239022992100 5146.876888124620 7.34721331571248 1.58599728691944 1.50306199053307
2025-09-19T01:46:00.000 1647.398365791080 -3885.262791024670 5315.332827547600 7.10935652130774 2.86135383537596 -0.10773499954001
2025-09-19T01:50:00.000 3272.957091683480 -3065.519193801350 5095.836896531760 6.35423731956705 3.92809573514305 -1.71015347764054
2025-09-19T01:54:00.000 4660.348165623800 -2022.695569559220 4504.466386538030 5.13669400222479 4.70903951271650 -3.18777667523130
2025-09-19T01:58:00.000 5708.563090959450 -832.653324414070 3584.338120241200 3.54498336188041 5.14739986702644 -4.43302810363524
2025-09-19T02:02:00.000 6341.214546900890 418.008211677797 2402.547825364140 1.69485172734087 5.21108403880004 -5.35489010730228
2025-09-19T02:06:00.000 6512.194039667380 1638.241463644760 1045.342677709360 -0.27868200037538 4.89538838591422 -5.88581941004147
2025-09-19T02:10:00.000 6209.129699253930 2739.230654928370 -388.179325350236 -2.23123686677269 4.22353017932301 -5.98699760279265
2025-09-19T02:14:00.000 5454.334866145180 3640.945682825900 -1793.394754767680 -4.02003307847159 3.24504850833072 -5.65149758255976
2025-09-19T02:18:00.000 4303.089905219320 4278.036256726490 -3067.911651651600 -5.51487450357442 2.03190852161319 -4.90467315823329
2025-09-19T02:22:00.000 2839.430351004060 4604.558511026970 -4119.091416651080 -6.60778013222401 0.67281054123499 -3.80187524472058
2025-09-19T02:26:00.000 1169.855288880470 4597.191791427560 -4870.747856762860 -7.22060688400555 -0.73361617832540 -2.42391562126831
2025-09-19T02:30:00.000 -584.487083213449 4256.757844630960 -5268.522888828350 -7.31001599204076 -2.08599826533838 -0.87076083659511
2025-09-19T02:34:00.000 -2296.493747673390 3608.033987634130 -5283.646605909400 -6.86994177746406 -3.28722224327149 0.74557700684333
2025-09-19T02:38:00.000 -3842.110629588730 2697.936864857450 -4914.911833912490 -5.93169696954688 -4.25093209827225 2.30870734427678
2025-09-19T02:42:00.000 -5109.105739462290 1592.227568390480 -4188.788850092340 -4.56196768012330 -4.90734995116496 3.70569232635131
2025-09-19T02:46:00.000 -6005.098758618490 370.922975182869 -3157.657407074330 -2.85861832296683 -5.20819088367163 4.83482319005019
2025-09-19T02:50:00.000 -6464.328863184760 -877.341258139330 -1896.225584031910 -0.94441025753331 -5.13042569844476 5.61289520204359
2025-09-19T02:54:00.000 -6452.682731386680 -2061.680178675850 -496.287945946187 1.04124736971450 -4.67858502216193 5.98172763420271
2025-09-19T02:58:00.000 -5970.486557560270 -3095.657808410250 939.930506630468 2.95262248864300 -3.88505427160004 5.91324667913613
2025-09-19T03:02:00.000 -5052.663242842560 -3903.755326020480 2307.365426355510 4.64904400044518 -2.80784887601380 5.41204233479576
2025-09-19T03:06:00.000 -3766.182598732240 -4427.024508293840 3505.969588027800 6.00586288178651 -1.52613293242229 4.51505807409357
2025-09-19T03:10:00.000 -2205.033693946210 -4627.443366300660 4448.168124542010 6.92397802614923 -0.13397444753469 3.28856404497243
2025-09-19T03:14:00.000 -483.180854914619 -4490.633786958300 5065.290390576670 7.33699365726622 1.26690906145316 1.82276658106461
2025-09-19T03:18:00.000 1273.866313596410 -4026.798169276960 5312.501684652370 7.21559626374553 2.57464560727757 0.22484160977418
2025-09-19T03:22:00.000 2938.199257043540 -3269.872353026910 5171.945182429440 6.56914084486226 3.69448990261626 -1.38891120041096
2025-09-19T03:26:00.000 4388.723767519000 -2275.008310780270 4653.961976586750 5.44471391467701 4.54541642248108 -2.90118996293234
2025-09-19T03:30:00.000 5519.866793766070 -1114.588052810690 3796.335282626210 3.92382936097231 5.06569518735845 -4.20195744295630
2025-09-19T03:34:00.000 6249.227071697750 126.963304160635 2661.599397546290 2.11697574605706 5.21734926567490 -5.19625522171587
2025-09-19T03:38:00.000 6523.644387097090 1359.279771394840 1332.550464869930 0.15588647152135 4.98919789578426 -5.81126757159392
2025-09-19T03:42:00.000 6323.184102450960 2492.662143765470 -93.781323446265 -1.81602880817049 4.39799509671323 -6.00198656088194
2025-09-19T03:46:00.000 5662.653346427790 3444.696591092570 -1513.283745853560 -3.65451135226151 3.48732378817149 -5.75481000865177
2025-09-19T03:50:00.000 4590.466502134110 4146.334906050630 -2822.484941884790 -5.22557867442284 2.32422706758263 -5.08860078392060
2025-09-19T03:54:00.000 3184.940175079570 4546.912556076080 -3926.179617056630 -6.41554615584952 0.99385700957238 -4.05287778540732
2025-09-19T03:58:00.000 1548.405762743280 4617.729985670380 -4744.333940669310 -7.13913973302319 -0.40707309990788 -2.72368787932883
2025-09-19T04:02:00.000 -200.334901920294 4353.966414136060 -5217.764055566310 -7.34507600461660 -1.77748167564677 -1.19762833028839
2025-09-19T04:06:00.000 -1934.569541492450 3774.880041545200 -5312.239448195380 -7.01900851069766 -3.01893361610835 0.41517816161299
2025-09-19T04:10:00.000 -3528.660564292430 2922.370136017020 -5020.832974215130 -6.18416519618976 -4.04224689508114 1.99861662924917
2025-09-19T04:14:00.000 -4866.920180876610 1858.025201280530 -4364.422365977970 -4.89980264028194 -4.77345062314310 3.43839109541254
2025-09-19T04:18:00.000 -5851.867004756090 658.833404686486 -3390.318836706280 -3.25759458380089 -5.15898484519316 4.62982456477681
2025-09-19T04:22:00.000 -6411.338252324990 -588.237503173751 -2169.037668704200 -1.37567567274491 -5.16979995222750 5.48541219656336
2025-09-19T04:26:00.000 -6503.927013313400 -1792.459058293440 -789.367401825231 0.60924696071978 -4.80391073990207 5.94139945694801
2025-09-19T04:30:00.000 -6122.301916582960 -2865.980171710040 648.012550577347 2.55171976213666 -4.08722565802961 5.96320115856529
2025-09-19T04:34:00.000 -5293.975332355950 -3730.383835398030 2037.969182543080 4.30874045824110 -3.07199385828163 5.54860491086191
2025-09-19T04:38:00.000 -4079.344613390240 -4322.576509909930 3278.788952476540 5.75108007083282 -1.83280889904118 4.72810414613916
2025-09-19T04:42:00.000 -2567.157501444880 -4599.475225688340 4279.772383605400 6.77322092663306 -0.46072350741313 3.56236173870249
2025-09-19T04:46:00.000 -867.837841140357 -4541.115904559660 4967.920050781950 7.30109389290628 0.94389987056641 2.13720721169401
2025-09-19T04:50:00.000 894.704533881211 -4151.992059187730 5293.195469240130 7.29697596982849 2.27884607076407 0.55696314487969
2025-09-19T04:54:00.000 2592.120168133620 -3460.620527178010 5232.061417459290 6.76176310382622 3.44732245285269 -1.06320969177045
2025-09-19T04:58:00.000 4100.898198809500 -2517.408681346530 4789.092460209370 5.73457757857052 4.36476039008650 -2.60559281754620
2025-09-19T05:02:00.000 5311.237539358120 -1391.002430574080 3996.613164302470 4.28991847978031 4.96463224747471 -3.95798400383238
2025-09-19T05:06:00.000 6134.990140115180 -163.357011096678 2912.406759268460 2.53268350358662 5.20323458996246 -5.02173629795683
2025-09-19T05:10:00.000 6512.126375786060 1076.173048574580 1615.572083058140 0.59092155832739 5.06305890397652 -5.71898599039444
2025-09-19T05:14:00.000 6415.213551199320 2237.359746784370 200.781523932088 -1.39346393036862 4.55440673226624 -5.99867153501868
2025-09-19T05:18:00.000 5851.490431001870 3235.746050920390 -1228.681165878250 -3.27528430734154 3.71479377035029 -5.84059112835643
2025-09-19T05:22:00.000 4862.314210960000 3998.879599155600 -2568.579310524700 -4.91725370961529 2.60607034803903 -5.25702603365725
2025-09-19T05:26:00.000 3519.990172364410 4471.599651086580 -3721.423423798820 -6.20036319100872 1.30952952022955 -4.29150580058906
2025-09-19T05:30:00.000 1922.308142057290 4619.961645385250 -4603.570633938640 -7.03247892257681 -0.08046104849171 -3.01507758688447
2025-09-19T05:34:00.000 185.310313689523 4433.540839536190 -5151.183746194250 -7.35445249632704 -1.46345713607684 -1.52068985288533
2025-09-19T05:38:00.000 -1565.113289115460 3926.034357618250 -5324.680689465300 -7.14373838246976 -2.74006268072213 0.08370752731026
2025-09-19T05:42:00.000 -3202.176077271700 3134.189808486250 -5111.442056726510 -6.41539936495113 -3.81864235250527 1.68263647387807
2025-09-19T05:46:00.000 -4607.136239169520 2115.205532162420 -4526.698487991250 -5.22107364255420 -4.62137435947049 3.16079336584132
2025-09-19T05:50:00.000 -5677.742191301410 942.750525117655 -3612.547402929650 -3.64582916602503 -5.08964420443721 4.41089329771964
2025-09-19T05:54:00.000 -6335.659124252040 -298.195488787148 -2435.108906134380 -1.80283637550294 -5.18845889703005 5.34126440083543
2025-09-19T05:58:00.000 -6532.345664171600 -1517.412970306960 -1079.917308531880 0.17426580608725 -4.90949450651670 5.88287124455445
2025-09-19T06:02:00.000 -6252.844498819900 -2626.011061378630 354.211668252066 2.14094031232791 -4.27216485931497 5.99482664451199
2025-09-19T06:06:00.000 -5517.137457759310 -3543.020906464850 1762.415501118610 3.95246209955117 -3.32272987169417 5.66809187127944
2025-09-19T06:10:00.000 -4378.803429592970 -4201.479585669720 3041.632484010480 5.47546525536684 -2.13087414522071 4.92660351882035
2025-09-19T06:14:00.000 -2921.004018990920 -4553.423335794150 4098.317048792780 6.59834876952445 -0.78418024570970 3.82515699776712
2025-09-19T06:18:00.000 -1250.231168675880 -4573.384431715640 4855.355465421110 7.23949184065611 0.61867193786819 2.44497239336399
2025-09-19T06:22:00.000 511.633508695290 -4260.157439857470 5257.665516869460 7.35294376893052 1.97544700935769 0.88722385227824
2025-09-19T06:26:00.000 2236.255396070550 -3636.756461081980 5276.092159282040 6.93110580658442 3.18774463627831 -0.73451217854057
2025-09-19T06:30:00.000 3798.118307927190 -2748.666148274550 4909.427521712610 6.00491713527431 4.16778224501778 -2.30228622720536
2025-09-19T06:34:00.000 5083.564541783430 -1660.540042506150 4184.461386591030 4.64164955038556 4.84455789462721 -3.70212454665727
2025-09-19T06:38:00.000 5998.990692614090 -451.548956029747 3154.057651596730 2.94023079702776 5.16881086854377 -4.83199410746937
2025-09-19T06:42:00.000 6477.691494509040 790.313264095851 1893.382112538410 1.02455402222689 5.11679555736522 -5.60925234948045
2025-09-19T06:46:00.000 6484.814644427050 1974.643821173270 494.464576654047 -0.96544952781822 4.69234124169806 -5.97693025685487
2025-09-19T06:50:00.000 6019.994386700490 3015.277926431680 -940.555010447792 -2.88415551335632 3.92674142334566 -5.90833195057314
2025-09-19T06:54:00.000 5117.374575645590 3836.644656439250 -2307.001560778980 -4.59146590440217 2.87640262891817 -5.40913043661666
2025-09-19T06:58:00.000 3842.990978868480 4379.304695927980 -3505.402013657280 -5.96338494919709 1.61847210151255 -4.51669098118170
2025-09-19T07:02:00.000 2289.762341843490 4604.224495410070 -4448.760893283230 -6.90122585555621 0.24471493836251 -3.29687678867121
2025-09-19T07:06:00.000 570.564016509786 4495.450440260350 -5068.786949574860 -7.33825268045867 -1.14549077752963 -1.83866414648895
2025-09-19T07:10:00.000 -1189.968254259950 4061.087132411730 -5320.659101454050 -7.24366430274363 -2.45217678496537 -0.24750254441111
2025-09-19T07:14:00.000 -2864.317856115370 3332.624716931100 -5186.116467232600 -6.62435181623414 -3.58154459908876 1.36201254629406
2025-09-19T07:18:00.000 -4331.098647800230 2362.685692817350 -4674.717154698460 -5.52421066276970 -4.45226443913005 2.87394159165663
2025-09-19T07:22:00.000 -5483.650122627700 1221.361618055160 -3823.233463892240 -4.02145408059057 -5.00094748054839 4.17872953073903
2025-09-19T07:26:00.000 -6237.745761500940 -8.677472568153 -2693.193450624320 -2.22381574268177 -5.18685617936218 5.18089800847943
2025-09-19T07:30:00.000 -6537.867602326940 -1238.056277359130 -1366.625074975790 -0.26144916099399 -4.99529060334703 5.80620408173736
2025-09-19T07:34:00.000 -6361.524082210480 -2377.191619926930 59.796317055462 1.72230573999601 -4.43931902383633 6.00771037317899
2025-09-19T07:38:00.000 -5721.128824543630 -3342.923003522750 1481.831513686710 3.58174799937696 -3.55909082055393 5.76976951009994
2025-09-19T07:42:00.000 -4663.237210926220 -4064.720373925830 2795.421805486000 5.17995228505122 -2.41907971441241 5.10959073665493
2025-09-19T07:46:00.000 -3265.108320473830 -4489.971375299340 3904.483492225650 6.39965878343660 -1.10311438986122 4.07594249901564
2025-09-19T07:50:00.000 -1628.879775651640 -4587.840563362390 4728.038929931680 7.15204344609685 0.29235167084947 2.74507594971694
2025-09-19T07:54:00.000 126.047966855375 -4351.434298248430 5206.121986437280 7.38290548164371 1.66549532371861 1.21470416275164
2025-09-19T07:58:00.000 1871.804515934460 -3798.190051952140 5304.059647569770 7.07619426489913 2.91660656880973 -0.40343627344625
2025-09-19T08:02:00.000 3481.332807977420 -2968.511123179150 5014.869095196020 6.25461505921277 3.95512868829900 -1.99169168546969
2025-09-19T08:06:00.000 4837.515171555440 -1922.810991764440 4359.703133404250 4.97784016397736 4.70581559676989 -3.43460486279665
2025-09-19T08:10:00.000 5841.622666521560 -737.177098651328 3386.341697773410 3.33853994540184 5.11411291882665 -4.62708140464192
2025-09-19T08:14:00.000 6420.502723482910 502.113087993326 2165.778474776330 1.45595902604678 5.15019851621958 -5.48195548994163
2025-09-19T08:18:00.000 6531.993137161460 1704.854649980010 787.099549269961 -0.53247247182600 4.81141717391155 -5.93661309295347
2025-09-19T08:22:00.000 6168.093460646410 2783.529665980490 -649.039826173892 -2.48128680690847 4.12271202140213 -5.95790467442653
2025-09-19T08:26:00.000 5355.576200745870 3659.767878537410 -2037.859235179560 -4.24806578117313 3.13488321112076 -5.54483118956789
2025-09-19T08:30:00.000 4153.922570538890 4270.109706623520 -3278.214699959840 -5.70437611826656 1.92054595017032 -4.72844260434608
2025-09-19T08:34:00.000 2650.796289455810 4570.578674692970 -4280.010577927150 -6.74521048968730 0.56837609241750 -3.56910657900484
2025-09-19T08:38:00.000 955.501621376801 4539.737545310500 -4970.684343367260 -7.29624375355155 -0.82362982847764 -2.15160223462974
2025-09-19T08:42:00.000 -809.007992563179 4180.079542738140 -5300.312641472990 -7.31862114563875 -2.15525112572022 -0.57861281711376
2025-09-19T08:46:00.000 -2514.931685680470 3517.723246939410 -5245.032498107120 -6.81094231728239 -3.33091613654981 1.03659637024459
2025-09-19T08:50:00.000 -4038.640594904000 2600.526891871480 -4808.688229166710 -5.80919696088673 -4.26605446414419 2.57769923978601
2025-09-19T08:54:00.000 -5269.428151427340 1494.745614468750 -4022.616434538970 -4.38451245319753 -4.89280919804730 3.93322294057966
2025-09-19T08:58:00.000 -6117.458408992080 280.420226588375 -2943.558993138770 -2.63879183508264 -5.16489480008430 5.00419100461970
2025-09-19T09:02:00.000 -6520.412444439490 -954.280326146244 -1649.768364761820 -0.69814637421424 -5.06136061529040 5.71148800803252
2025-09-19T09:06:00.000 -6448.284363626680 -2119.428522289950 -235.459599130639 1.29588402648167 -4.58869750885151 6.00213391559452
2025-09-19T09:10:00.000 -5905.849226735880 -3129.976267770200 1196.056199601720 3.19687207251221 -3.78089550470912 5.85388605350984
2025-09-19T09:14:00.000 -4932.464977627640 -3912.121444009550 2540.049915402230 4.86495167066044 -2.69707050705907 5.27726440122690
2025-09-19T09:18:00.000 -3599.178317413300 -4408.821169890650 3698.195446715080 6.17760856846260 -1.41686009777053 4.31475441023535
2025-09-19T09:22:00.000 -2003.404159337510 -4584.006489187030 4585.886153937690 7.03902235113945 -0.03426960605723 3.03744111976927
2025-09-19T09:26:00.000 -261.617745180917 -4425.155110000330 5138.450797225570 7.38706271948011 1.34977272064355 1.53920088050446
2025-09-19T09:30:00.000 1499.238679009360 -3944.064032012820 5315.764900844770 7.19707420436702 2.63471146040882 -0.07050213400308
2025-09-19T09:34:00.000 3150.977814370650 -3175.905994733110 5105.069388716590 6.48335373249080 3.72746241225102 -1.67447959024191
2025-09-19T09:38:00.000 4573.416389413450 -2176.637583002700 4521.820162553530 5.29787156923579 4.54891803212830 -3.15617690851199
2025-09-19T09:42:00.000 5663.018170889450 -1018.966640366310 3608.558142014190 3.72661387743181 5.03941161249873 -4.40775678589014
2025-09-19T09:46:00.000 6340.411731822250 212.867068105754 2431.881730559070 1.88379916080746 5.16314101704330 -5.33780616723202
2025-09-19T09:50:00.000 6556.246141148850 1429.199128102040 1077.661635579280 -0.09611348532266 4.91102775987332 -5.87818899310429
2025-09-19T09:54:00.000 6294.895535260790 2541.509044061420 -355.232227103070 -2.06831800036774 4.30166015709449 -5.98943178228111
2025-09-19T09:58:00.000 5575.635930195940 3468.951033474670 -1762.232659013600 -3.88863725366439 3.37999805851412 -5.66385030354938
2025-09-19T10:02:00.000 4451.160658930090 4144.301609278420 -3040.822557545830 -5.42454513136463 2.21384497967970 -4.92606144777881
2025-09-19T10:06:00.000 3003.564025021020 4518.832606191410 -4098.074601872620 -6.56507068712567 0.88850554665307 -3.83078516899853
2025-09-19T10:10:00.000 1338.176708141320 4565.734633318530 -4857.367635809270 -7.22863486061116 -0.49982572610402 -2.45825830587410
2025-09-19T10:14:00.000 -424.163205110972 4281.890326117670 -5263.791044578860 -7.36823486449465 -1.85108336774564 -0.90805185172988
2025-09-19T10:18:00.000 -2155.784165545650 3687.967563999320 -5287.950086353650 -6.97419810208773 -3.06824977684793 0.70803818213751
2025-09-19T10:22:00.000 -3731.229405222090 2826.897458477990 -4927.972557918500 -6.07449999899995 -4.06384542078917 2.27373345008137
2025-09-19T10:26:00.000 -5036.109221971650 1760.869427017380 -4209.670188539860 -4.73294376241878 -4.76578688227558 3.67589892337168
2025-09-19T10:30:00.000 -5975.286993435410 567.003061956376 -3184.843079415780 -3.04531407195384 -5.12250741635263 4.81240167097888
2025-09-19T10:34:00.000 -6479.857235395880 -668.076678539881 -1927.740517354930 -1.13324864083238 -5.10692516061704 5.59945926199405
2025-09-19T10:38:00.000 -6512.410524959300 -1854.465779196120 -529.839934937033 0.86402076618611 -4.71907957824943 5.97830663885309
2025-09-19T10:42:00.000 -6070.039456132860 -2905.595346735740 906.797913173544 2.80002297424707 -3.98661261377388 5.92014280252816
2025-09-19T10:46:00.000 -5184.739725107870 -3744.689266716240 2277.080044216730 4.53227767589364 -2.96300126788486 5.42871424184493
2025-09-19T10:50:00.000 -3921.101261201480 -4310.521288589600 3480.736937069380 5.93343384386401 -1.72348465704175 4.54022053794031
2025-09-19T10:54:00.000 -2371.459730050910 -4561.951122729660 4429.805944238310 6.90107653620668 -0.35912017988792 3.32029163237471
2025-09-19T10:58:00.000 -648.967012802537 -4480.889748795130 5055.103449401110 7.36518913946040 1.03032344591005 1.85875038606311
2025-09-19T11:02:00.000 1120.805913399870 -4073.487391731290 5311.200539760880 7.29279301966037 2.34382547305542 0.26245306107404
2025-09-19T11:06:00.000 2809.010975992620 -3369.574618075050 5179.593237387600 6.68964936243078 3.48622756933468 -1.35239519987873
2025-09-19T11:10:00.000 4292.800052325940 -2420.453205742850 4669.980419376390 5.59971896750162 4.37480236289107 -2.86836386838845
2025-09-19T11:14:00.000 5464.184211730010 -1295.193747006580 3819.552321263190 4.10213146570312 4.94509146192439 -4.17516303930614
2025-09-19T11:18:00.000 6237.852170483160 -75.667159496216 2690.321637200850 2.30565303559476 5.15553687314759 -5.17745634658888
2025-09-19T11:22:00.000 6557.428195038880 1149.366240408870 1364.681672363170 0.34123881170030 4.99069127868702 -5.80183159884205
2025-09-19T11:26:00.000 6399.699071197210 2290.740317549860 -60.585717827376 -1.64745974838337 4.46269386763639 -6.00260980119396
2025-09-19T11:30:00.000 5776.366995635630 3265.460727928500 -1481.448783025520 -3.51498061118991 3.61051683334286 -5.76545613768152
2025-09-19T11:34:00.000 4733.145318465340 4002.825379655200 -2794.338330409320 -5.12520089722795 2.49693452851373 -5.10850522896446
2025-09-19T11:38:00.000 3346.251500882470 4449.568559362220 -3903.783596030750 -6.36159786600196 1.20351098652932 -4.08060314960420
2025-09-19T11:42:00.000 1716.667049851770 4573.631775265090 -4729.333796474100 -7.13552104251215 -0.17571635889390 -2.75721926508911
2025-09-19T11:46:00.000 -37.307576361551 4366.328561476940 -5211.267679159890 -7.39204840071432 -1.54119706702809 -1.23452967034156
2025-09-19T11:50:00.000 -1788.584839652690 3842.824314370810 -5314.736936342720 -7.11319898592100 -2.79485730812999 0.37758974894374
2025-09-19T11:54:00.000 -3410.299856159830 3040.984263043800 -5032.160417367990 -6.31878807347956 -3.84665093115879 1.96307116243622
2025-09-19T11:58:00.000 -4784.776655892630 2018.710598560460 -4383.768948491730 -5.06515026479061 -4.62060638125634 3.40753735277597
2025-09-19T12:02:00.000 -5811.904815695010 849.917115185778 -3416.270434015390 -3.44160353164103 -5.06006099215281 4.60597329757793
2025-09-19T12:06:00.000 -6416.444687020860 -380.649087050992 -2199.696167002460 -1.56494478172202 -5.13203553855381 5.47027301592715
2025-09-19T12:10:00.000 -6553.710362826130 -1583.474689880160 -822.498656556776 0.42848760214200 -4.83012562756335 5.93606142446402
2025-09-19T12:14:00.000 -6213.118156524350 -2670.825313545850 614.825436364850 2.39263305469875 -4.17556218914519 5.96809293550595
2025-09-19T12:18:00.000 -5419.181456388300 -3563.284780862140 2007.159184495500 4.18301288616047 -3.21601721776150 5.56339236175609
2025-09-19T12:22:00.000 -4229.772582235690 -4195.705822212890 3252.608867027240 5.66791199090453 -2.02195459037874 4.75165116898658
2025-09-19T12:26:00.000 -2731.804381952710 -4522.054044036790 4260.121982151140 6.73860263589737 -0.68113136871144 3.59288208142705
2025-09-19T12:30:00.000 -1034.691290355410 -4518.757039761260 4956.211139665040 7.31742199092822 0.70825047061940 2.17247031540236
2025-09-19T12:34:00.000 737.796529744814 -4186.311129307640 5290.269363190630 7.36302207723428 2.04505879058732 0.59444854790980
2025-09-19T12:38:00.000 2456.585351598010 -3549.116460621530 5238.127156416820 6.87274225806546 3.23239474720144 -1.02622255606532
2025-09-19T12:42:00.000 3996.610966035300 -2653.637828198010 4803.703901022840 5.88239965488848 4.18433923838405 -2.57179746549788
2025-09-19T12:46:00.000 5245.794145369280 -1565.050298740830 4018.704758263670 4.46382219886794 4.83181577873543 -3.92981814062444
2025-09-19T12:50:00.000 6113.167387319580 -362.562211546801 2940.375208257000 2.72007121796737 5.12769788437048 -5.00123048614335
2025-09-19T12:54:00.000 6535.534492066590 866.312261921963 1647.385147858380 0.77815120517087 5.05034404733781 -5.70764940734381
2025-09-19T12:58:00.000 6482.168677528490 2032.126071765770 234.125609772316 -1.22001680475213 4.60544444511578 -5.99733121173629
2025-09-19T13:02:00.000 5957.140291182130 3050.082117161690 -1196.234803385230 -3.12824568132058 3.82582978800998 -5.84936710979083
2025-09-19T13:06:00.000 4998.992667045300 3846.290041748840 -2539.396136928850 -4.80729297400149 2.76896258176908 -5.27527760954365
2025-09-19T13:10:00.000 3677.783774635800 4363.170021997290 -3697.630465846730 -6.13542660758333 1.51238713702380 -4.31789669825632
2025-09-19T13:14:00.000 2089.782388349440 4563.561866674570 -4586.901202323820 -7.01723088000771 0.14762388409841 -3.04768828998638
2025-09-19T13:18:00.000 350.334305588010 4433.264884686850 -5142.852964345870 -7.38999239395643 -1.22669269332850 -1.55713972366619
2025-09-19T13:22:00.000 -1414.490473056900 3981.905925905270 -5325.294976232550 -7.22748176410486 -2.51177520116039 0.04606780117451
2025-09-19T13:26:00.000 -3076.865214361850 3242.164492725350 -5120.958874795910 -6.54131164937485 -3.61538344204664 1.64654393778400
2025-09-19T13:30:00.000 -4516.222035748710 2267.457693781590 -4544.426240206330 -5.38006558603501 -4.45790720352380 3.12888048443502
2025-09-19T13:34:00.000 -5627.826243022070 1128.229996028290 -3637.193876755160 -3.82640664305385 -4.97792860124445 4.38551252334524
2025-09-19T13:38:00.000 -6330.364666136220 -92.978927609377 -2464.867747212700 -1.99182374271183 -5.13671227515877 5.32430314490086
2025-09-19T13:42:00.000 -6572.037158259280 -1307.399631211500 -1112.607861538790 -0.00933921053364 -4.92151567912504 5.87554331101934
2025-09-19T13:46:00.000 -6334.612164508840 -2426.497782878290 320.977552400799 1.97604981808927 -4.34711775842955 5.99766272913850
2025-09-19T13:50:00.000 -5635.010792339890 -3368.548025919880 1731.073365228680 3.81831853290979 -3.45517217874808 5.68092602223513
2025-09-19T13:54:00.000 -4524.172601406140 -4064.762829735700 3014.482215439160 5.38187825253921 -2.31113421420036 4.94847851287054
2025-09-19T13:58:00.000 -3083.255491054640 -4464.421585974020 4077.345212392710 6.55210937178485 -0.99911282899381 3.85445479872939
2025-09-19T14:02:00.000 -1417.527900568240 -4538.576597325080 4842.091570839860 7.24392390035488 0.38474404422665 2.47950788486016
2025-09-19T14:06:00.000 351.476552251650 -4282.077936741910 5253.073889088270 7.40764000013819 1.73952368665565 0.92452777661941
2025-09-19T14:10:00.000 2094.893728766770 -3713.818963273320 5280.521650707140 7.03209399392420 2.96695091248855 -0.69709058921992
2025-09-19T14:14:00.000 3685.853074018100 -2875.277633253100 4922.579509795990 6.14492751499855 3.97819817546910 -2.26747056136937
2025-09-19T14:18:00.000 5008.592016408900 -1827.493017216190 4205.394997021950 4.81051137751836 4.70001940071312 -3.67249746630736
2025-09-19T14:22:00.000 5966.792093827770 -646.694531544619 3181.255045872710 3.12563699510307 5.07984762145296 -4.80974283250121
2025-09-19T14:26:00.000 6490.631299009600 581.177785890923 1924.866059231180 1.21300415756348 5.08988860027472 -5.59600145063292
2025-09-19T14:30:00.000 6541.973276993310 1766.739614466980 527.942341914733 -0.78766499341745 4.72944253938929 -5.97367570214606
2025-09-19T14:34:00.000 6117.231129145450 2823.730834262850 -907.529166548400 -2.72999965081815 4.02511009520036 -5.91532849181828
2025-09-19T14:38:00.000 5247.627388625750 3675.380612463160 -2276.839194490510 -4.47217104586355 3.02884398187299 -5.42584355374529
2025-09-19T14:42:00.000 3996.793947368040 4260.035269258260 -3480.296132571700 -5.88761495039793 1.81383762390593 -4.54184936072385
2025-09-19T14:46:00.000 2455.948107527710 4535.593685302240 -4430.524811020750 -6.87442130029643 0.46875816555282 -3.32860846522879
2025-09-19T14:50:00.000 737.084931458220 4482.418023260340 -5058.725825214730 -7.36227000922523 -0.90902850247056 -1.87464650143882
2025-09-19T14:54:00.000 -1035.170362011160 4104.585672133230 -5319.486670539120 -7.31674554346495 -2.22041277407262 -0.28513815917992
2025-09-19T14:58:00.000 -2732.450326584810 3429.492724476380 -5193.900525572020 -6.74119677355342 -3.37126655570918 1.32546331328600
2025-09-19T15:02:00.000 -4231.709823665690 2505.894154668600 -4690.875528601920 -5.67638057422961 -4.27873008195901 2.84113168467126
2025-09-19T15:06:00.000 -5423.940777137570 1400.512433478770 -3846.572907233720 -4.19793371448412 -4.87679661564569 4.15206770153778
2025-09-19T15:10:00.000 -6222.038803918360 193.394912873961 -2721.993139240820 -2.41178657114739 -5.12117524637264 5.16233440482454
2025-09-19T15:14:00.000 -6567.284720092890 -1027.771087419130 -1398.764759273930 -0.44719819275895 -4.99296002615740 5.79710864550796
2025-09-19T15:18:00.000 -6433.885038475620 -2174.013709967000 26.682639961761 1.55238265231692 -4.50050934411570 6.00872984357962
2025-09-19T15:22:00.000 -5831.116585613350 -3161.650820736190 1450.171618070510 3.44003181048607 -3.67933206031798 5.78078733196294
2025-09-19T15:26:00.000 -4802.793018372330 -3918.553714525090 2767.529240919670 5.07677230654977 -2.58958488633214 5.12976738967484
2025-09-19T15:30:00.000 -3424.024510824940 -4389.539150181480 3882.388041282020 6.34247146347440 -1.31139018695370 4.10377340216299
2025-09-19T15:34:00.000 -1795.559479788330 -4540.430786054360 4713.341941182380 7.14492099836631 0.06147078299393 2.77852040708165
2025-09-19T15:38:00.000 -36.250038969445 -4360.479535767450 5199.882841363440 7.42630756062970 1.42878348303629 1.25131075789804
2025-09-19T15:42:00.000 1725.701056515060 -3863.022957615970 5306.722005773870 7.16691445027174 2.69125808898183 -0.36631058400968
2025-09-19T15:46:00.000 3362.050806746660 -3084.412859234570 5026.237544856470 6.38605403416543 3.75749574654376 -1.95670207645367
2025-09-19T15:50:00.000 4753.741031736470 -2081.352445771720 4378.956944425630 5.14050017187789 4.55029674966093 -3.40428933239667
2025-09-19T15:54:00.000 5799.467787878860 -926.815769024580 3412.081418969970 3.52058309602036 5.01208108411740 -4.60368212709628
2025-09-19T15:58:00.000 6423.042296418130 295.193518724405 2196.123033730420 1.64408099105484 5.10909563431020 -5.46722179755378
2025-09-19T16:02:00.000 6579.034982888150 1495.720962304950 819.825162948172 -0.35201271118883 4.83417208539280 -5.93162228084747
2025-09-19T16:06:00.000 6256.198103035310 2587.395553343470 -616.326362954967 -2.32165288224049 4.20761660726048 -5.96298846009922
2025-09-19T16:10:00.000 5478.310705420400 3490.886906091970 -2007.538304499550 -4.12087013453130 3.27568786870344 -5.55955295382563
2025-09-19T16:14:00.000 4302.345285180670 4140.734967143860 -3252.477859106910 -5.61879533353112 2.10694196756608 -4.75168203434784
2025-09-19T16:18:00.000 2814.117430401090 4490.078143957830 -4260.705823418570 -6.70738089012588 0.78677934834759 -3.59913471631781
2025-09-19T16:22:00.000 1121.868219700340 4513.924065117250 -4959.182331187540 -7.30883449189669 -0.58908096090068 -2.18619252988015
2025-09-19T16:26:00.000 -651.651103654271 4210.800902222340 -5297.408473496980 -7.38064431460795 -1.92153878785568 -0.61523768466429
2025-09-19T16:30:00.000 -2377.973387556710 3602.734213687650 -5250.900384696680 -6.91787481848670 -3.11496645007930 1.00056273045083
2025-09-19T16:34:00.000 -3931.989792936310 2733.648858641760 -4822.870229828200 -5.95329073721778 -4.08351919909032 2.54486779416966
2025-09-19T16:38:00.000 -5200.799230373300 1666.309154859000 -4044.053743005070 -4.55534320970975 -4.75695995524884 3.90596178210094
2025-09-19T16:42:00.000 -6091.812940842860 477.952012288187 -2970.665828897760 -2.82396824750172 -5.08567726366273 4.98449959149501
2025-09-19T16:46:00.000 -6539.582897467830 -745.160245601198 -1680.541577585290 -0.88414234575665 -5.04459733673198 5.70080925345758
2025-09-19T16:50:00.000 -6510.831090803960 -1913.950890672390 -267.634488437153 1.12262261492572 -4.63564271075435 6.00119777279018
2025-09-19T16:54:00.000 -6007.169113350140 -2943.119871429060 1164.834825524040 3.04900494043721 -3.88818159287863 5.86270952710675
2025-09-19T16:58:00.000 -5065.123513873140 -3757.512218159970 2512.055250532760 4.75325520491369 -2.85685984840844 5.29516154795475
2025-09-19T17:02:00.000 -3753.463578177670 -4297.724576912250 3675.459087782730 6.11017317551019 -1.61744856689533 4.34041274290800
2025-09-19T17:06:00.000 -2168.042319074050 -4524.498786100370 4570.056096933610 7.02068821088635 -0.26094959394766 3.06896884130019
2025-09-19T17:10:00.000 -424.608445832759 -4421.543809494570 5130.663823906430 7.41902733829144 1.11348446370767 1.57429923014770
2025-09-19T17:14:00.000 1349.754559453780 -3996.601003313460 5316.580213730210 7.27697670528731 2.40594568477240 -0.03434764336955
2025-09-19T17:18:00.000 3025.875270995890 -3280.770387744970 5114.427802098780 6.60539057849859 3.52282653864426 -1.63987310676045
2025-09-19T17:22:00.000 4481.800127152140 -2326.207976988770 4539.046615678550 5.45319448519786 4.38327928680353 -3.12561646257817
2025-09-19T17:26:00.000 5611.566789258770 -1202.368229395490 3632.404173555740 3.90395009337305 4.92485734102170 -4.38349578145254
2025-09-19T17:30:00.000 6332.880794016270 8.984755441653 2460.615011381920 2.07023791242915 5.10807715599178 -5.32159013685634
2025-09-19T17:34:00.000 6593.194360472350 1219.691992387680 1109.191952993800 0.08582757890127 4.91950634646166 -5.87124718583322
2025-09-19T17:38:00.000 6373.625015402560 2341.642591772330 -323.207449727008 -1.90422303032185 4.37301039172608 -5.99226753578132
2025-09-19T17:42:00.000 5690.393604317380 3293.267138072530 -1732.040258943430 -3.75431890804949 3.50892727761938 -5.67618597952736
2025-09-19T17:46:00.000 4593.584269327140 4005.563716734320 -3014.644615867820 -5.32971066697082 2.39091034051106 -4.94697054033903
2025-09-19T17:50:00.000 3163.294293428590 4427.102356179010 -4077.794181912340 -6.51654849906187 1.10077038999747 -3.85871336512593
2025-09-19T17:54:00.000 1503.617680023900 4527.646381109260 -4844.430794583370 -7.22984261104873 -0.26779428026415 -2.49115469623372
2025-09-19T17:58:00.000 -265.000611364147 4300.188188309590 -5259.108937504960 -7.41902247309011 -1.61607918703194 -0.94352412127364
2025-09-19T18:02:00.000 -2014.425470434240 3761.318455104570 -5291.833663755510 -7.07087197798981 -2.84726762683664 0.67256164205318
2025-09-19T18:06:00.000 -3617.908477418300 2949.982240752780 -4940.116786506370 -6.21006082586742 -3.87290322253311 2.24078056631215
2025-09-19T18:10:00.000 -4959.035521456700 1924.758299115250 -4229.180238331550 -4.89760886214085 -4.61877361153371 3.64784342060943
2025-09-19T18:14:00.000 -5940.050762137480 759.793256781770 -3210.291686225690 -3.22717946846120 -5.03016081099786 4.79127008662041
2025-09-19T18:18:00.000 -6489.020833436640 -460.410026861671 -1957.268148657240 -1.31911733786752 -5.07607922779211 5.58681156746657
2025-09-19T18:22:00.000 -6565.302681860960 -1647.058022805360 -561.284830709251 0.68772423703045 -4.75208441765454 5.97507503311966
2025-09-19T18:26:00.000 -6162.788358165660 -2713.579633018390 875.735375060404 2.64621244805370 -4.08108450986876 5.92652630147007
2025-09-19T18:30:00.000 -5310.569135831190 -3582.078885552900 2248.660036531790 4.41209621527107 -3.11208258447833 5.44422937279151
2025-09-19T18:34:00.000 -4070.832950134900 -4189.194887989320 3457.034665487330 5.85565736920635 -1.91633013035378 4.56378359349466
2025-09-19T18:38:00.000 -2534.163524993850 -4490.772106222060 4412.558103262630 6.87141628029937 -0.58159206766968 3.35017998627120
2025-09-19T18:42:00.000 -812.767133022896 -4465.041791563380 5045.564116680540 7.38574079145340 0.79452522092684 1.89270029374469
2025-09-19T18:46:00.000 967.836562601073 -4114.116693720910 5310.053901369250 7.36193290639075 2.11184524449863 0.29802717756645
2025-09-19T18:50:00.000 2677.995485124520 -3463.728421414850 5186.926267158750 6.80234953506809 3.27489114129787 -1.31773547502593
2025-09-19T18:54:00.000 4193.272723786360 -2561.290913995950 4685.266749253740 5.74781993516578 4.19948444856355 -2.83715996651228
2025-09-19T18:58:00.000 5403.391670377740 -1472.476716803480 3841.679009980210 4.27484704486828 4.81855905714295 -4.14971257405237
2025-09-19T19:02:00.000 6220.218274709860 -276.499612107935 2717.677705507990 2.49040021570999 5.08702566103517 -5.15958523761460
2025-09-19T19:06:00.000 6584.238499751730 939.601257067194 1395.283003835610 0.52460118510352 4.98522827741772 -5.79282670530084
2025-09-19T19:10:00.000 6469.006605831580 2087.321458275260 -28.963434049470 -1.47885675625637 4.52071720054478 -6.00316571446974
2025-09-19T19:14:00.000 5883.116906094770 3083.202585942490 -1451.110642872460 -3.37347357701241 3.72773645269372 -5.77552795958889
2025-09-19T19:18:00.000 4869.554262189550 3854.979712705260 -2767.487992575300 -5.02104560118201 2.66472042484457 -5.12731676843300
2025-09-19T19:22:00.000 3502.395625241340 4346.864654162560 -3882.362809208190 -6.30227757943125 1.40960671707132 -4.10676000211008
2025-09-19T19:26:00.000 1881.211721635960 4523.511187311980 -4714.887824446240 -7.12525216155103 0.05371320745475 -2.78883215760292
2025-09-19T19:30:00.000 123.711729371264 4372.418372067210 -5204.837336300930 -7.43150627187654 -1.30504782329225 -1.26931243271858
2025-09-19T19:34:00.000 -1642.750030985150 3904.689424978570 -5316.787698426660 -7.19951871394955 -2.56902453172100 0.34211923258705
2025-09-19T19:38:00.000 -3290.220048386500 3154.163256998350 -5042.551717097930 -6.44579894516105 -3.64747465077708 1.92945939979410
2025-09-19T19:42:00.000 -4699.173778529500 2175.019813839450 -4401.760762772320 -5.22371685830154 -4.46256112953198 3.37818742578674
2025-09-19T19:46:00.000 -5767.023753248320 1038.028944174410 -3440.579174114360 -3.62032887471210 -4.95472386976896 4.58300860631663
2025-09-19T19:50:00.000 -6415.592592901270 -174.402908614980 -2228.573422032140 -1.75089146004888 -5.08719992067662 5.45540992122419
2025-09-19T19:54:00.000 -6596.997321516960 -1374.114256953320 -853.850527526345 0.24885975035830 -4.84918891183858 5.93043723896094
2025-09-19T19:58:00.000 -6297.431738307200 -2473.628563717810 583.285587123920 2.23248350772704 -4.25725499882426 5.97216259374608
2025-09-19T20:02:00.000 -5538.398402103750 -3392.660662550010 1977.737519972660 4.05408867388994 -3.35440598352035 5.57686431494032
2025-09-19T20:06:00.000 -4375.215859230050 -4064.124753259940 3227.457456927530 5.57962048251332 -2.20693044036372 4.77355516570511
2025-09-19T20:10:00.000 -2892.881535838580 -4439.135791126500 4241.089220953680 6.69742505126147 -0.89918892114368 3.62165972034545
2025-09-19T20:14:00.000 -1199.652716012780 -4490.559975333420 4944.699393474990 7.32643093845506 0.47310606749774 2.20596241035619
2025-09-19T20:18:00.000 580.985604053221 -4214.881891544860 5287.107930164070 7.42149652902323 1.81003584157761 0.63010246645880
2025-09-19T20:22:00.000 2319.338917567410 -3632.358952057090 5243.519112850240 6.97628951070859 3.01459542458387 -0.99102915144510
2025-09-19T20:26:00.000 3888.896510216140 -2785.485294267070 4817.233589029940 6.02345114689911 3.99957199877923 -2.53958929056396
2025-09-19T20:30:00.000 5175.428211219870 -1735.899618289750 4039.366938271680 4.63209567140510 4.69356020042296 -3.90295764898173
2025-09-19T20:34:00.000 6085.236155304680 -559.966865986765 2966.641989258790 2.90325549802422 5.04599972229411 -4.98166448218145
2025-09-19T20:38:00.000 6552.027799976280 656.721597300649 1677.328329142910 0.96290661868476 5.03110665034940 -5.69676226593538
2025-09-19T20:42:00.000 6541.843181672970 1825.595434618820 265.556749092209 -1.04711986220719 4.65001801024526 -5.99589419792671
2025-09-19T20:46:00.000 6055.617787688360 2861.622854842210 -1165.610884503060 -2.97975644218657 3.93092227038701 -5.85749087666549
2025-09-19T20:50:00.000 5129.076456310010 3689.585324372100 -2511.815071773470 -4.69399698894970 2.92686112410256 -5.29234625882236
2025-09-19T20:54:00.000 3829.990440345210 4249.575815847600 -3675.095340103990 -6.06546687910194 1.71154522213604 -4.34261472866405
2025-09-19T20:58:00.000 2253.050470272350 4501.293130778970 -4571.040329740950 -6.99555305907999 0.37357746122251 -3.07825314002219
2025-09-19T21:02:00.000 512.827667316259 4426.819484020560 -5134.813554787010 -7.41807912719153 -0.99026694889626 -1.59136448617524
2025-09-19T21:06:00.000 -1264.539982455340 4031.754185143800 -5325.666906082380 -7.30328552778990 -2.28192614364945 0.01061396193111
2025-09-19T21:10:00.000 -2950.323207203850 3344.717628165020 -5129.737004830570 -6.65941608026567 -3.40868913442393 1.61236321457820
2025-09-19T21:14:00.000 -4422.287538391060 2415.315436281150 -4561.007426622300 -5.53205540258245 -4.28937583400209 3.09843217730561
2025-09-19T21:18:00.000 -5573.362813611270 1310.690112382640 -3660.410065934040 -4.00135696314817 -4.85987992253467 4.36100556322784
2025-09-19T21:22:00.000 -6319.396507288350 110.843060176219 -2493.066401535390 -2.17713240484397 -5.07785982263118 5.30755546324068
2025-09-19T21:26:00.000 -6605.442730622900 -1097.046779569710 -1143.759526057350 -0.19155026439120 -4.92630415963540 5.86784437064622
2025-09-19T21:30:00.000 -6410.037893165130 -2224.957652295370 289.133463653253 1.81024493470785 -4.41533878134592 5.99963725725657
2025-09-19T21:34:00.000 -5747.027871798660 -3190.550448302850 1700.863229989380 3.68108010541053 -3.58194835486260 5.69249858824399
2025-09-19T21:38:00.000 -4664.660074634800 -3923.334556996720 2988.128136814390 5.28333420194628 -2.48722853950575 4.96884446663081
2025-09-19T21:42:00.000 -3241.992994868570 -4369.912926632840 4056.790921087820 6.49950628681493 -1.21161234402723 3.88211844941076
2025-09-19T21:46:00.000 -1582.955589130360 -4497.902628974210 4828.855147813160 7.24113146919825 0.15138038753214 2.51245226733468
2025-09-19T21:50:00.000 191.419917680903 -4298.212835455770 5248.132066052860 7.45491869423026 1.50238987405967 0.96026322766600
2025-09-19T21:54:00.000 1951.878819784770 -3785.576047618370 5284.218767294900 7.12593632660160 2.74340917510444 -0.66129497630131
2025-09-19T21:58:00.000 3570.280203707670 -2997.409431969730 4934.605691602120 6.27834878598513 3.78450617408200 -2.23428087638773
2025-09-19T22:02:00.000 4928.835185962790 -1991.096796072900 4224.832324158350 4.97372922903512 4.55021904090729 -3.64429749840209
2025-09-19T22:06:00.000 5928.609435181110 -839.856298044050 3206.655510873510 3.30674969736987 4.98483668895841 -4.78855213438699
2025-09-19T22:10:00.000 6496.746668235790 372.523555758036 1954.353751209150 1.39877557157726 5.05657954317317 -5.58333361251400
2025-09-19T22:14:00.000 6591.873669024840 1557.778963070060 559.354105881216 -0.61078772578451 4.76019964670762 -5.97039533816919
2025-09-19T22:18:00.000 6207.220790426960 2629.654784306340 -876.482752395010 -2.57483147121880 4.11762542788545 -5.92163317157283
2025-09-19T22:22:00.000 5371.107912971930 3510.281343883080 -2248.415076188270 -4.34993818656763 3.17631485566427 -5.44125672771016
2025-09-19T22:26:00.000 4144.748489963380 4135.879129970240 -3456.556495451780 -5.80712664971110 2.00546617141392 -4.56522739577329
2025-09-19T22:30:00.000 2617.605374008770 4461.356451740350 -4413.183191177250 -6.84138977721836 0.69058496971217 -3.35822202791420
2025-09-19T22:34:00.000 900.714023614587 4463.451505275390 -5049.030320908220 -7.37895023389573 -0.67305423445543 -1.90837080734801
2025-09-19T22:38:00.000 -881.418033877194 4142.254185461130 -5318.143214515140 -7.38187461228908 -1.98727747024108 -0.32060836057587
2025-09-19T22:42:00.000 -2599.711706606190 3521.083507853710 -5201.030743579920 -6.85013450665678 -3.15777395569137 1.29074020001420
2025-09-19T22:46:00.000 -4129.625944762090 2644.800375726630 -4706.001626463320 -5.82137483008752 -4.10033154577731 2.80962378334855
2025-09-19T22:50:00.000 -5359.968656625500 1576.689092246230 -3868.642524664970 -4.36862122965762 -4.74652233589818 4.12607039105123
2025-09-19T22:54:00.000 -6200.899071636870 394.062428371118 -2749.443264086370 -2.59586939778225 -5.04863133245631 5.14377911758533
2025-09-19T22:58:00.000 -6590.601757583120 -817.208942064717 -1429.626200664130 -0.63132567716833 -4.98357874953366 5.78742510820800
2025-09-19T23:02:00.000 -6500.048107904790 -1968.909016257100 -5.351999542293 1.38165645478573 -4.55510684812321 6.00870777103915
2025-09-19T23:06:00.000 -5935.379939577260 -2976.982156196060 1419.303934049090 3.29520924491855 -3.79400073732538 5.79048409612137
2025-09-19T23:10:00.000 -4937.618978706040 -3767.822554929540 2740.097065421170 4.96848072408936 -2.75600211712536 5.14853402315570
2025-09-19T23:14:00.000 -3579.625907819910 -4283.777530996020 3860.420437843040 6.27871433151676 -1.51741886521688 4.13026702992900
2025-09-19T23:18:00.000 -1960.609197697080 -4487.380452992140 4698.467858960780 7.13042318590795 -0.16905648502167 2.81076653482360
2025-09-19T23:22:00.000 -198.725923003587 -4364.019521320690 5193.202221354010 7.46212829594956 1.19061607093860 1.28691737381847
2025-09-19T23:26:00.000 1577.639094246910 -3922.896728451060 5308.724275113060 7.25047490096798 2.46286416230912 -0.33002229871970
2025-09-19T23:30:00.000 3239.189375882970 -3196.239862108400 5036.752683078470 6.51118696739734 3.55560085035568 -1.92250318175953
2025-09-19T23:34:00.000 4664.998046541730 -2236.958765705680 4397.168349689440 5.29791999880694 4.38958083206454 -3.37474335142929
2025-09-19T23:38:00.000 5751.241919530310 -1114.854159956370 3436.610315116500 3.69873167656046 4.90416788485954 -4.58089876303970
2025-09-19T23:42:00.000 6418.768698499960 88.412702319696 2225.143737134190 1.82996108112164 5.06177260798356 -5.45279185610674
2025-09-19T23:46:00.000 6618.945696937210 1285.240563779920 851.201808316287 -0.17193924101939 4.85084150061059 -5.92653036314442
2025-09-19T23:50:00.000 6337.313592518500 2388.513192730980 -584.886343111352 -2.16043698237475 4.28699754301101 -5.96755376062816
2025-09-19T23:54:00.000 5594.667348567200 3318.038514057500 -1978.325552324290 -3.99019292355474 3.41191334405822 -5.57342673659458
2025-09-19T23:58:00.000 4445.431146307360 4006.439885262200 -3227.613285937730 -5.52807123284617 2.29002289042441 -4.77381441203389
2025-09-20T00:02:00.000 2973.503691683990 4404.037981815270 -4241.984749546370 -6.66306926948962 1.00337175512695 -3.62788293313632
2025-09-20T00:06:00.000 1285.976511589320 4482.336854927850 -4947.950252789020 -7.31401751675190 -0.35465461824913 -2.21947461410800
2025-09-20T00:10:00.000 -494.713005776528 4235.929538732750 -5294.472485456820 -7.43483895747488 -1.68618380633947 -0.65068510094983
2025-09-20T00:14:00.000 -2239.565443736830 3682.760477905800 -5256.486237041600 -7.01717593684813 -2.89560590862961 0.96540693770917
2025-09-20T00:18:00.000 -3822.152366848070 2862.799052737960 -4836.611284045020 -6.09065781726582 -3.89600825726871 2.51247230973990
2025-09-20T00:22:00.000 -5127.542508192440 1835.246161221810 -4065.000296031030 -4.72098493574278 -4.61494860918971 3.87868475469563
2025-09-20T00:26:00.000 -6060.528067042460 674.429842395114 -2997.336747059250 -3.00597025362802 -4.99960643434841 4.96437469105595
2025-09-20T00:30:00.000 -6552.630893651610 -535.423680281460 -1711.026424746520 -1.06932854111928 -5.02089004545740 5.68935677753360
2025-09-20T00:34:00.000 -6567.351102245040 -1706.246040893270 -299.728291884634 0.94777105449395 -4.67619753248430 5.99934285805713
2025-09-20T00:38:00.000 -6103.114833086650 -2752.617455174420 1133.477520770180 2.89734152572178 -3.99010241570286 5.87067115478867
2025-09-20T00:42:00.000 -5193.549660862070 -3598.131732295960 2483.736740699320 4.63591445103286 -3.01269726331020 5.31236905576503
2025-09-20T00:46:00.000 -3905.043904196350 -4181.112280782940 3652.260533047950 6.03575169594320 -1.81583205524810 4.36561140043915
2025-09-20T00:50:00.000 -2331.750976758630 -4459.179757563740 4553.686651660730 6.99467169237682 -0.48738149535268 3.10033118858031
2025-09-20T00:54:00.000 -588.520209514260 -4412.287338623790 5122.329945659190 7.44335800908933 0.87560029014772 1.60947032320615
2025-09-20T00:58:00.000 1197.578424905150 -4044.073114934420 5316.881855358310 7.34984031645422 2.17398634293015 0.00199579550567
2025-09-20T01:02:00.000 2896.511950528580 -3381.495912250280 5123.320904027790 6.72146304808677 3.31373510024972 -1.60507777403993
2025-09-20T01:06:00.000 4384.650934175320 -2472.817032048860 4555.839864319790 5.60390232459299 4.21234953282547 -3.09498842861896
2025-09-20T01:10:00.000 5553.650988567590 -1384.144226334840 3655.820540976500 4.07816849048349 4.80450424047018 -4.35926020952902
2025-09-20T01:14:00.000 6318.335213370390 -194.700876937088 2488.900719970120 2.25521358537078 5.04694851612425 -5.30549311088237
2025-09-20T01:18:00.000 6622.982047926120 1008.921771968570 1140.248174306190 0.26803967274754 4.92193630181798 -5.86437827030054
2025-09-20T01:22:00.000 6445.485055288200 2139.101829963100 -291.656605188778 -1.73795237362480 4.43873272524810 -5.99503517034479
2025-09-20T01:26:00.000 5799.025624924510 3113.654436452110 -1702.295754922080 -3.61601963646428 3.63308915109325 -5.68837051392334
2025-09-20T01:30:00.000 4731.027248653420 3861.889047851480 -2988.866600097390 -5.22936529503545 2.56438668324374 -4.96762612002906
2025-09-20T01:34:00.000 3319.520712633860 4329.744424167330 -4057.839315222160 -6.46128965784248 1.31091910696291 -3.88628744180883
2025-09-20T01:38:00.000 1667.272704065810 4483.622133532880 -4831.728580078350 -7.22355201009241 -0.03619689029863 -2.52364993095547
2025-09-20T01:42:00.000 -105.782630483789 4312.656012585380 -5254.566698856110 -7.46205467745897 -1.37976206261866 -0.97862461965021
2025-09-20T01:46:00.000 -1871.172363011430 3829.360612382990 -5295.779821385730 -7.16007205910848 -2.62326174464192 0.63733979169101
2025-09-20T01:50:00.000 -3500.995129825340 3068.677861532430 -4952.284031113300 -6.33904652218700 -3.67735941630458 2.20789674439192
2025-09-20T01:54:00.000 -4876.959825082540 2085.522282611800 -4248.723135685430 -5.05719909468783 -4.46589772716057 3.61963901107860
2025-09-20T01:58:00.000 -5898.822725138520 950.968525960670 -3235.827458455460 -3.40591991385781 -4.93118078960849 4.76985502261418
2025-09-20T02:02:00.000 -6491.699374697080 -252.723604840568 -1986.957475010050 -1.50402321943885 -5.03832501086127 5.57383914528114
2025-09-20T02:06:00.000 -6611.745699468390 -1437.988214571790 -592.968399507086 0.51015938037224 -4.77839172582068 5.97152976763704
2025-09-20T02:10:00.000 -6249.661507926760 -2518.376395576080 844.368334046794 2.48893532648610 -4.16964659553705 5.93271118541064
2025-09-20T02:14:00.000 -5431.571790528070 -3415.001708343440 2219.912556956090 4.28672382540107 -3.25645791791821 5.45973261561845
2025-09-20T02:18:00.000 -4217.148600695220 -4062.441367798760 3433.012728015410 5.77137411566845 -2.10591782133342 4.58740916783270
2025-09-20T02:22:00.000 -2695.134149492780 -4413.585251850390 4395.012853671230 6.83431687983741 -0.80252672446075 3.38020147591486
2025-09-20T02:26:00.000 -976.673977130332 -4443.043283279280 5035.778212115880 7.39852602402485 0.55837553828296 1.92694112099546
2025-09-20T02:30:00.000 812.928840272083 -4148.898705196380 5308.738370476770 7.42367617198626 1.87772228868315 0.33392513661155
2025-09-20T02:34:00.000 2543.360070190230 -3552.741688539820 5194.157487850870 6.90850291598300 3.05984792825244 -1.28284758550333
2025-09-20T02:38:00.000 4088.697263794440 -2698.036838151560 4700.492423912130 5.89062813160665 4.01919656970249 -2.80583758109535
2025-09-20T02:42:00.000 5336.464128965410 -1646.972860619300 3863.761771763840 4.44384480539549 4.68618154119012 -4.12423877774293
2025-09-20T02:46:00.000 6195.771798181770 -476.015108470579 2744.981387716460 2.67323324290147 5.01217690727902 -5.14182311928148
2025-09-20T02:50:00.000 6603.997267178430 729.607856688053 1425.787777004900 0.70788039799974 4.97327770923990 -5.78407166850905
2025-09-20T02:54:00.000 6531.462173124100 1882.128045620100 2.497917438696 -1.30849285871124 4.57240142453156 -6.00398016214812
2025-09-20T02:58:00.000 5983.664435274510 2897.710097511030 -1420.987005858350 -3.22833099583254 3.83921576009306 -5.78578956897994
2025-09-20T03:02:00.000 5000.836210255260 3702.640578431080 -2740.889291185580 -4.91161656845429 2.82782029151128 -5.14624084482245
2025-09-20T03:06:00.000 3654.840642592100 4238.705547312600 -3861.209315520120 -6.23640484694057 1.61242547425683 -4.13292868050093
2025-09-20T03:10:00.000 2043.738811345860 4467.344071428530 -4700.694805640880 -7.10759816195203 0.28152611057522 -2.82031451705758
2025-09-20T03:14:00.000 284.534713841495 4372.287239242480 -5198.614665775400 -7.46326633194860 -1.06873156091609 -1.30384761940231
2025-09-20T03:18:00.000 -1495.278742286620 3960.582833667560 -5318.973191176780 -7.27834169010755 -2.34130457320912 0.30700535610014
2025-09-20T03:22:00.000 -3166.773633245060 3262.017610040700 -5052.981627494600 -6.56596895832015 -3.44481136890846 1.89628061241126
2025-09-20T03:26:00.000 -4608.691645910360 2327.015196113950 -4419.683103361310 -5.37659432154619 -4.29962560974621 3.34930313220644
2025-09-20T03:30:00.000 -5716.079222310110 1223.138624447960 -3464.705750632340 -3.79494138789842 -4.84341021733634 4.56051758290643
2025-09-20T03:34:00.000 -6407.908679263890 30.363692626565 -2257.153057884860 -1.93457958862596 -5.03572704459859 5.44103223075045
2025-09-20T03:38:00.000 -6633.144440058850 -1164.606804389120 -884.789461621103 0.06954348777269 -4.86140871621895 5.92527725068682
2025-09-20T03:42:00.000 -6374.763441407160 -2274.656704281130 552.256516568925 2.07069867954175 -4.33229022905573 5.97656407145269
2025-09-20T03:46:00.000 -5651.257837296550 -3218.731144000520 1948.883572942220 3.92162103948528 -3.48677983238794 5.59048205926530
2025-09-20T03:50:00.000 -4515.354562792280 -3927.916146916340 3202.884073187790 5.48615465119315 -2.38696859674546 4.79537967859086
2025-09-20T03:54:00.000 -3050.059692516120 -4350.567374294120 4222.577734526130 6.64974917146907 -1.11371315908470 3.65003316488036
2025-09-20T03:58:00.000 -1362.405581439830 -4456.066342681710 4933.578618069260 7.32791675823949 0.23976479623991 2.23880431375431
2025-09-20T04:02:00.000 424.506166496178 -4236.955457501690 5284.171368497290 7.47196434779186 1.57486063249438 0.66505259223097
2025-09-20T04:06:00.000 2180.516301961420 -3709.378249818720 5248.971771285550 7.07206461614042 2.79468454927250 -0.95650012956913
2025-09-20T04:10:00.000 3777.829112368110 -2911.834640720040 4830.667639319090 6.15755607161919 3.81090430254217 -2.50801018723049
2025-09-20T04:14:00.000 5100.195861998060 -1902.379565665370 4059.795645933740 4.79479873894081 4.54985002653672 -3.87660523394936
2025-09-20T04:18:00.000 6051.317529927830 -754.457091705303 2992.570474825330 3.08273087478132 4.95772376327397 -4.96246586344989
2025-09-20T04:22:00.000 6561.895306379920 448.386019880727 1706.858956193270 1.14608755435573 5.00470965681770 -5.68612967743310
2025-09-20T04:26:00.000 6594.778945915440 1618.588161164380 296.525388264043 -0.87360314966523 4.68740991156840 -5.99461175490918
2025-09-20T04:30:00.000 6147.758800586210 2671.012825384170 -1135.466610770410 -2.82855188242801 4.02933122170388 -5.86558952948403
2025-09-20T04:34:00.000 5253.713994079300 3529.235561761520 -2484.683688255080 -4.57603540141289 3.07907471366681 -5.30920220610138
2025-09-20T04:38:00.000 3978.070225162280 4131.138545845670 -3652.945298017480 -5.98926288895196 1.90646570219796 -4.36701788658066
2025-09-20T04:42:00.000 2413.825569457630 4433.366173576220 -4555.478870221650 -6.96659463263705 0.59700603947394 -3.10841808846908
2025-09-20T04:46:00.000 674.644489055986 4414.327784250150 -5126.968231960720 -7.43840337198358 -0.75454598716716 -1.62511251909707
2025-09-20T04:50:00.000 -1113.401171813680 4075.602850173410 -5326.108666499190 -7.37140372187473 -2.05100159948845 -0.02427574273836
2025-09-20T04:54:00.000 -2820.806545607400 3441.726091186050 -5138.435064365500 -6.77038430456756 -3.19931313149566 1.57886635040083
2025-09-20T04:58:00.000 -4323.769551069120 2558.444995635470 -4577.333858844060 -5.67784181470704 -4.11675409525550 3.06874768901532
2025-09-20T05:00:00.000 -4963.634736213470 2042.621025500300 -4168.373488614780 -4.97025584454224 -4.46727351519573 3.73694241644371
2025-09-20T05:04:00.000 -5961.701862871990 909.295812564460 -3130.579360667280 -3.29576856379146 -4.91961672780085 4.85874645695742
2025-09-20T05:08:00.000 -6526.144609003620 -290.139858638117 -1864.468023995200 -1.37867510768631 -5.01463733552781 5.62773798995446
2025-09-20T05:12:00.000 -6615.185888983730 -1468.427950863940 -462.165929015088 0.64162279274510 -4.74428973138987 5.98647387113676
2025-09-20T05:16:00.000 -6221.768091968500 -2539.616761781420 973.932869928044 2.61697873659080 -4.12754312728996 5.90748993195819
2025-09-20T05:20:00.000 -5374.309198615290 -3425.474620528140 2338.748802541510 4.40190510144946 -3.20938039325649 5.39609556630515
2025-09-20T05:24:00.000 -4134.648758013720 -4061.357803484950 3532.404309770060 5.86519976002366 -2.05727601109160 4.49000332622644
2025-09-20T05:28:00.000 -2593.389463029560 -4400.995526668940 4467.666797037410 6.89987785387026 -0.75587539719564 3.25616298203454
2025-09-20T05:32:00.000 -863.088426307411 -4419.841436424500 5076.358833507720 7.43103819779396 0.59961746254905 1.78533833747860
2025-09-20T05:36:00.000 930.088949743429 -4116.751522158010 5314.250045329480 7.42076387713986 1.91057853116822 0.18507582365636
2025-09-20T05:40:00.000 2655.559202778330 -3513.956865693980 5164.161810934360 6.87031453450846 3.08196619615724 -1.42807833616245
2025-09-20T05:44:00.000 4187.745786398210 -2655.405092232340 4637.143551795760 5.81989144989511 4.02893029537428 -2.93684807711040
2025-09-20T05:48:00.000 5415.120396006290 -1603.578217651060 3771.648767037690 4.34568366168009 4.68275010282704 -4.23145243177948
2025-09-20T05:52:00.000 6248.281661685290 -435.017251107849 2630.802611754030 2.55485813850392 4.99575135877169 -5.21735408014917
2025-09-20T05:56:00.000 6626.530710017400 765.214541855115 1297.863948186580 0.57799000510395 4.94505030788783 -5.82237409490858
2025-09-20T06:00:00.000 6522.392508555090 1909.744311119590 -129.839574204205 -1.44033005184568 4.53445975817253 -6.00223677746566
2025-09-20T06:04:00.000 5943.694019458400 2915.331130343370 -1548.090457061950 -3.35241497650430 3.79438143883105 -5.74420001483013
2025-09-20T06:08:00.000 4932.933945619410 3709.004459484680 -2853.514489653750 -5.01887458374703 2.77943640871362 -5.06793552487703
2025-09-20T06:12:00.000 3564.006888293710 4233.391462160340 -3951.193546744130 -6.31909568970609 1.56409745740723 -4.02373202561897
2025-09-20T06:16:00.000 1936.613006384990 4450.793793924330 -4761.548195756060 -7.15987799295287 0.23678390766798 -2.68823768337698
2025-09-20T06:20:00.000 168.899650103395 4345.750477871140 -5225.968190201640 -7.48147898500378 -1.10671869317239 -1.15845136136365
2025-09-20T06:24:00.000 -1611.046750161740 3926.012037153840 -5310.877169537770 -7.26123828836159 -2.36987921319008 0.45524218868737
2025-09-20T06:28:00.000 -3274.295986710870 3221.922478490430 -5010.033929149090 -6.51476248697368 -3.46200938838606 2.03672570988606
2025-09-20T06:32:00.000 -4700.165233022770 2284.284639097010 -4344.982666319980 -5.29484041499447 -4.30425615710100 3.47186005514079
2025-09-20T06:36:00.000 -5784.818065965680 1180.851421536180 -3363.646895392350 -3.68836111926744 -4.83509065937233 4.65625256430077
2025-09-20T06:40:00.000 -6448.838519136470 -8.412462764595 -2137.074230740310 -1.81083943622216 -5.01495059757565 5.50279258354345
2025-09-20T06:44:00.000 -6643.220076416640 -1197.040164060670 -754.458180180073 0.20132862367326 -4.82965694142241 5.94842290655273
2025-09-20T06:48:00.000 -6353.210087316870 -2298.381906898270 683.308744667724 2.20087839743411 -4.29192181022836 5.95938373593788
2025-09-20T06:52:00.000 -5599.611623049580 -3232.022931707280 2071.064879022020 4.04066667191401 -3.44073688625324 5.53418828131872
2025-09-20T06:56:00.000 -4437.358932340960 -3929.811281203210 3307.246528632180 5.58534421374792 -2.33861810944061 4.70409686696572
2025-09-20T07:00:00.000 -2951.382654544490 -4340.930596729580 4301.478303439590 6.72184481068481 -1.06654447173905 3.53043475923286
2025-09-20T07:04:00.000 -1250.229242599290 -4435.594856635200 4981.234997682060 7.36761981707891 0.28233096961237 2.09963845450568
2025-09-20T07:08:00.000 542.009587109934 -4207.136183770020 5297.090373421560 7.47638855393023 1.60971669903361 0.51651571074135
2025-09-20T07:12:00.000 2294.792448523250 -3672.376374503100 5226.196964433260 7.04090504570682 2.81932762736360 -1.10359554963454
2025-09-20T07:16:00.000 3880.552108012790 -2870.328000891290 4773.842707161780 6.09302198680555 3.82356803199869 -2.64292101389061
2025-09-20T07:20:00.000 5183.871748524060 -1859.375760598160 3973.054434568440 4.70157750008834 4.54958084105977 -3.98946361599603
2025-09-20T07:24:00.000 6109.840439599960 -713.078372271599 2882.236779696890 2.96762654548397 4.94453357011465 -5.04500189055730
2025-09-20T07:28:00.000 6590.996721422270 485.135072634656 1580.986129031040 1.01752265951744 4.97955613484236 -5.73228761105360
2025-09-20T07:32:00.000 6592.348430137850 1648.041188417330 164.307710269708 -1.00617696785319 4.65213874786083 -6.00100434470863
2025-09-20T07:36:00.000 6114.008878845940 2691.040998735410 -1264.375657104850 -2.95536397320841 3.98655164273105 -5.83181188783008
2025-09-20T07:40:00.000 5191.156198951130 3538.410419734630 -2600.895687832060 -4.68782954825189 3.03197414256537 -5.23783815753509
2025-09-20T07:44:00.000 3891.305609044890 4128.836649395310 -3748.023755260040 -6.07797607525993 1.85851270475282 -4.26335731924589
2025-09-20T07:48:00.000 2309.195743893420 4419.802581914990 -4622.545287670160 -7.02587097886021 0.55168356814570 -2.98008174755649
2025-09-20T07:52:00.000 559.759892515145 4390.530910952560 -5161.195403944350 -7.46408687500264 -0.79399872284110 -1.48145019068123
2025-09-20T07:56:00.000 -1230.216128486960 4043.323183778770 -5325.045986538350 -7.36171127425949 -2.08182402494109 0.12437273883244
2025-09-20T08:00:00.000 -2931.092845325110 3403.307116730560 -5102.168612434830 -6.72599533657295 -3.21935319360582 1.72180943106936
2025-09-20T08:04:00.000 -4419.528107820920 2516.657950214370 -4508.483442318990 -5.60187928902499 -4.12461464264261 3.19569229809229
2025-09-20T08:08:00.000 -5587.231738911280 1447.403229068870 -3586.722333619910 -4.06923646751410 -4.73168799393086 4.43902926908750
2025-09-20T08:12:00.000 -6348.814833157930 272.970163507449 -2403.551812353020 -2.23802736429201 -4.99556177194463 5.36060023161728
2025-09-20T08:16:00.000 -6648.181888316230 -921.310517623519 -1044.930567781090 -0.24098808409726 -4.89588277816291 5.89192077079825
2025-09-20T08:20:00.000 -6462.904171561400 -2048.406650690240 390.056699463434 1.77579241458355 -4.43901709309237 5.99290093558527
2025-09-20T08:24:00.000 -5806.106276352870 -3026.042894078370 1796.497188201620 3.66407682131184 -3.65801544083123 5.65542324275121
2025-09-20T08:28:00.000 -4725.592735747980 -3782.849003284510 3071.469566665660 5.28496590252397 -2.61011727203597 4.90410727602505
2025-09-20T08:32:00.000 -3300.302345655550 -4263.673898705170 4121.728475076790 6.51958848178929 -1.37236997272706 3.79442893728276
2025-09-20T08:36:00.000 -1634.367779619240 -4433.641527491590 4870.621006864640 7.27816800443343 -0.03552871388522 2.40822252071800
2025-09-20T08:40:00.000 150.662882976996 -4280.595636208380 5263.647832752840 7.50610799294848 1.30297154604961 0.84708704771982
2025-09-20T08:44:00.000 1924.733322253410 -3815.876568553540 5272.330046375350 7.18748599315871 2.54594414688220 -0.77507208786462
2025-09-20T08:48:00.000 3558.713663458060 -3073.423261752260 4896.179316807430 6.34583814228614 3.60335881904350 -2.34029692866919
2025-09-20T08:52:00.000 4933.691604727240 -2107.291224896210 4162.678356198880 5.04227302510302 4.39856659238771 -3.73479390691576
2025-09-20T08:56:00.000 5949.550401684750 -987.779131612269 3125.320996141810 3.37143532683508 4.87370434342036 -4.85691102247017
2025-09-20T09:00:00.000 6532.282116898330 203.635717773978 1859.788994559630 1.45498894568763 4.99407549051109 -5.62455192402095
2025-09-20T09:04:00.000 6639.478546551830 1380.223352933930 458.472521684774 -0.56702385070567 4.75092731700123 -5.98150670295660
2025-09-20T09:08:00.000 6263.509472400760 2456.375205934290 -976.321065355201 -2.54666522661285 4.16231651426509 -5.90188859720123
2025-09-20T09:12:00.000 5432.073490876880 3353.919718505010 -2339.941061111600 -4.33936101246224 3.27175277445977 -5.39217466925725
2025-09-20T09:16:00.000 4206.052477631690 4007.856745428190 -3533.132952726380 -5.81491155132421 2.14475331565944 -4.49051364381760
2025-09-20T09:20:00.000 2674.870394783570 4371.040834773750 -4469.290769990180 -6.86708310670536 0.86359871866022 -3.26341185104836
2025-09-20T09:24:00.000 949.822696674601 4417.461923642580 -5080.649051101310 -7.42082930052323 -0.47895398026203 -1.80034210358264
2025-09-20T09:28:00.000 -844.017131592871 4143.967327948880 -5323.021056136230 -7.43697406640369 -1.78629795303282 -0.20713756240321
2025-09-20T09:32:00.000 -2576.729944974210 3570.386119808270 -5178.833359539970 -6.91445565155316 -2.96460369037300 1.40154600044430
2025-09-20T09:36:00.000 -4122.716449273420 2738.105365294960 -4658.328911881530 -5.89015250505518 -3.92905611387831 2.90982377344554
2025-09-20T09:40:00.000 -5369.591895561020 1707.202485683950 -3798.932692737850 -4.43675840121159 -4.60962853040473 4.20839348064788
2025-09-20T09:44:00.000 -6226.286761899890 552.275730990759 -2662.736985293590 -2.65827763990349 -4.95610110302385 5.20221282430320
2025-09-20T09:48:00.000 -6629.811886625220 -642.819000097048 -1332.219408884690 -0.68339948795696 -4.94212519783395 5.81759590241256
2025-09-20T09:52:00.000 -6550.129694067250 -1791.039544262030 95.649998741579 1.34367668033901 -4.56774328175785 6.00829904060741
2025-09-20T09:56:00.000 -5992.602399573460 -2808.583363484350 1516.513774526630 3.27404143815221 -3.85979835726977 5.75947898535311
2025-09-20T10:00:00.000 -4997.741781999690 -3621.148366022440 2826.394396901440 4.96561434164787 -2.87013076705388 5.08915410682966
2025-09-20T10:04:00.000 -3638.215508659170 -4169.491338036650 3929.472750229920 6.29425958805454 -1.67153940755348 4.04681353457411
2025-09-20T10:08:00.000 -2013.373807096630 -4413.789498978140 4745.199407465540 7.16311833087228 -0.35200073951629 2.70938024737277
2025-09-20T10:12:00.000 -241.810478014047 -4336.475321522230 5214.185845304380 7.50960557870093 0.99219044640739 1.17504620824445
2025-09-20T10:16:00.000 1547.380227176030 -3943.390705951910 5302.408277812270 7.30920603169255 2.26340715689259 -0.44425450812544
2025-09-20T10:20:00.000 3223.948863869750 -3263.278647599160 5003.580304370620 6.57684964255781 3.36954240210975 -2.03068261339715
2025-09-20T10:24:00.000 4665.882684712260 -2345.677323113330 4339.568282343130 5.36583510168353 4.23043599382152 -3.46887513257519
2025-09-20T10:28:00.000 5768.210705439360 -1257.352127609730 3358.805581083520 3.76404904418284 4.78354060027283 -4.65410701334595
2025-09-20T10:32:00.000 6450.629676588300 -77.499378003807 2132.830633413570 1.88799983828076 4.98847865622934 -5.49974123158913
2025-09-20T10:36:00.000 6663.443952200200 1107.993406491490 751.135212117482 -0.12529209458239 4.83026636844944 -5.94380786706105
2025-09-20T10:40:00.000 6391.296645026380 2212.849392203680 -685.398104892462 -2.12851966060675 4.32069039834088 -5.95397098455462
2025-09-20T10:44:00.000 5654.306381890370 3156.772659564720 -2071.958898728690 -3.97526036838004 3.49748334065716 -5.53006368802072
2025-09-20T10:48:00.000 4506.492611629130 3871.353251456750 -3307.574458379500 -5.53123022283451 2.42128149287546 -4.70396015669885
2025-09-20T10:52:00.000 3031.638609882040 4305.011613209940 -4302.504761962320 -6.68417307130039 1.17077995809282 -3.53673217342733
2025-09-20T10:56:00.000 1337.017972568170 4426.625941427260 -4984.692175929660 -7.35169053322162 -0.16331285050693 -2.11367698501999
2025-09-20T11:00:00.000 -454.453306331053 4227.625274081230 -5304.818662359740 -7.48648095569508 -1.48490122431226 -0.53783369245683
2025-09-20T11:04:00.000 -2213.011301224560 3722.482810565810 -5239.704503050930 -7.07904090770131 -2.69912386976174 1.07726573352388
2025-09-20T11:08:00.000 -3811.220567875260 2947.655849245340 -4793.906884560460 -6.15816599018329 -3.71867261280887 2.61533725842111
2025-09-20T11:12:00.000 -5132.985613412230 1959.053098234720 -3999.438538436970 -4.78907521542822 -4.46968118256241 3.96512943848451
2025-09-20T11:16:00.000 -6081.874534310050 828.168136624084 -2913.648094675820 -3.06958505271300 -4.89697117061916 5.02805153022662
2025-09-20T11:20:00.000 -6588.233285814840 -362.952236490623 -1615.280207234490 -1.12378081904350 -4.96837355321642 5.72552983468586
2025-09-20T11:24:00.000 -6614.512992501410 -1527.603991183440 -198.896198338040 0.90647527396059 -4.67760098420729 6.00526771055187
2025-09-20T11:28:00.000 -6158.302838119270 -2580.810981885400 1232.026092063600 2.87215195431831 -4.04530839181957 5.84582170660695
2025-09-20T11:32:00.000 -5252.661167667280 -3445.664306895460 2572.782028257130 4.62859187752299 -3.11766030236659 5.25850253124402
2025-09-20T11:36:00.000 -3963.712895044140 -4059.071570020040 3725.268374961260 6.04672392583501 -1.96287137723043 4.28665429397798
2025-09-20T11:40:00.000 -2385.669671521060 -4376.432121493060 4605.292744365970 7.02301911320893 -0.66579165508621 3.00204247545502
2025-09-20T11:44:00.000 -633.754535233998 -4374.844732755580 5148.742290480820 7.48693562773159 0.67877381880877 1.49911662852060
2025-09-20T11:48:00.000 1164.325083272540 -4054.652098568400 5316.167548087720 7.40549652160001 1.97308034468983 -0.11232441124990
2025-09-20T11:52:00.000 2877.665588561270 -3439.316113340210 5095.524659124980 6.78512155887324 3.12335898021509 -1.71506209120846
2025-09-20T11:56:00.000 4381.580172030970 -2573.673788717850 4502.979650431270 5.67091259493994 4.04626134403703 -3.19257352906489
2025-09-20T12:00:00.000 5566.588360462410 -1520.720536111140 3581.762242717930 4.14377327858557 4.67475353367060 -4.43723663879112
2025-09-20T12:04:00.000 6346.379918918250 -357.074881965869 2399.067664453870 2.31474617183788 4.96304029258627 -5.35816637657105
2025-09-20T12:08:00.000 6664.156162700380 832.564129353897 1041.215082184270 0.31727043662141 4.89003884384061 -5.88790599209983
2025-09-20T12:12:00.000 6496.880865169310 1961.608988075700 -392.651486028388 -1.70251395370227 4.46123742006590 -5.98777091661209
2025-09-20T12:16:00.000 5857.007461750620 2947.971214413540 -1797.892613222200 -3.59690173535966 3.70840181127341 -5.65094523139533
2025-09-20T12:20:00.000 4791.490238598680 3720.110389737210 -3072.127417319570 -5.22793795647331 2.68707124243833 -4.90290644572928
2025-09-20T12:24:00.000 3378.171751757420 4222.235912480930 -4122.759005342620 -6.47774773217393 1.47207397349130 -3.79911163232577
2025-09-20T12:28:00.000 1719.921066300830 4418.256760247470 -4873.655931777590 -7.25683569032844 0.15169315515563 -2.42039554434104
2025-09-20T12:32:00.000 -62.926470903401 4294.235160420010 -5270.522465294280 -7.50989714864789 -1.17884628501696 -0.86675162267520
2025-09-20T12:36:00.000 -1841.217712232180 3859.257112678950 -5284.649155434890 -7.21909478718930 -2.42400887146263 0.74984179090377
2025-09-20T12:40:00.000 -3486.121396895480 3144.729683016610 -4914.880248826190 -6.40491254621983 -3.49433981139047 2.31302260397272
2025-09-20T12:44:00.000 -4878.226850537920 2202.198113823450 -4187.738166064540 -5.12499342596753 -4.31245782145276 3.70983093836151
2025-09-20T12:48:00.000 -5916.081460504660 1099.774603573660 -3155.660509116500 -3.47055813822931 -4.81850297724925 4.83851715326136
2025-09-20T12:52:00.000 -6523.611863378760 -82.621451527106 -1893.425030648360 -1.56075102641673 -4.97462680461648 5.61585997843129
2025-09-20T12:56:00.000 -6655.900816248510 -1258.980669005330 -492.883077415259 0.46549318110392 -4.76833436680880 5.98377196437832
2025-09-20T13:00:00.000 -6302.750759985140 -2343.504294557690 943.698634896563 2.45960329056249 -4.21394875034962 5.91419958284815
2025-09-20T13:04:00.000 -5489.639609068190 -3256.996689279750 2311.214121151880 4.27480666554510 -3.35184629195554 5.41174218115432
2025-09-20T13:08:00.000 -4275.896233247970 -3932.793577558800 3509.586354015200 5.77764083345370 -2.24538911982853 4.51341762206469
2025-09-20T13:12:00.000 -2750.236542769000 -4321.709709165030 4451.231111137850 6.85822593812974 -0.97589269936316 3.28559234714112
2025-09-20T13:16:00.000 -1024.096194994630 -4395.601310713720 5067.493802244310 7.43821508312067 0.36371807469643 1.81862685227496
2025-09-20T13:20:00.000 776.641405581138 -4149.322643514530 5313.604238316970 7.47620455311448 1.67593258592133 0.21987375048692
2025-09-20T13:24:00.000 2520.844839096920 -3600.979768848320 5171.799137322620 6.97004173257234 2.86562213651745 -1.39427462727607
2025-09-20T13:28:00.000 4081.588476231080 -2790.555943195130 4652.523343195030 5.95668504880420 3.84666297337917 -2.90653222301894
2025-09-20T13:32:00.000 5345.268151809610 -1777.025165691120 3793.658726564600 4.50958064006856 4.54783516521924 -4.20685818364067
2025-09-20T13:36:00.000 6219.837637472380 -634.140170890759 2657.843593901890 2.73392206279939 4.91800846943400 -5.20028055227936
2025-09-20T13:40:00.000 6641.585893193640 554.906133289490 1327.970202776660 0.75921003086581 4.93015526954510 -5.81406207562330
2025-09-20T13:44:00.000 6579.876595678460 1703.558614157670 -98.859411585411 -1.27013688688892 4.58349833052432 -6.00331603463221
2025-09-20T13:48:00.000 6039.445617715270 2728.272497572740 -1518.497147412840 -3.20566692315823 3.90375378578173 -5.75460616523138
2025-09-20T13:52:00.000 5059.998531203460 3554.673523686140 -2827.465953236110 -4.90626953873017 2.94111419169457 -5.08687958526507
2025-09-20T13:56:00.000 3713.157275516930 4122.990872676840 -3930.580777780530 -6.24876678548718 1.76626308799566 -4.04980490086987
2025-09-20T14:00:00.000 2097.032400558440 4392.322048349960 -4747.860447515160 -7.13685539028420 0.46472408678670 -2.71952176901937
2025-09-20T14:04:00.000 328.969883300156 4343.438126446640 -5220.191406298070 -7.50739575694501 -0.86950876620085 -1.19269038236956
2025-09-20T14:08:00.000 -1462.916746538030 3980.022491283380 -5313.423117927220 -7.33421634127339 -2.14058603749656 0.42054769482837
2025-09-20T14:12:00.000 -3148.833242938500 3328.338698299140 -5020.708978099280 -6.62953636174293 -3.25724810856786 2.00409178720883
2025-09-20T14:16:00.000 -4606.462370875270 2435.386615069190 -4363.000973133570 -5.44312585984770 -4.13891032374571 3.44367821899800
2025-09-20T14:20:00.000 -5729.670936938100 1365.666618113120 -3387.682634617890 -3.85941815206673 -4.72121882729030 4.63459634339956
2025-09-20T14:24:00.000 -6436.246489889270 196.674700727828 -2165.359362323880 -1.99223265150918 -4.96094021249085 5.48926099882501
2025-09-20T14:28:00.000 -6674.076105816870 -986.619469848255 -784.909762750158 0.02287677409412 -4.83949283337416 5.94400530024585
2025-09-20T14:32:00.000 -6425.232187694370 -2097.958071313950 652.926243211188 2.03837539115288 -4.36488493326790 5.96437250170654
2025-09-20T14:36:00.000 -5707.516698096650 -3056.198738858630 2042.978353855520 3.90597988514896 -3.57150837486860 5.54820761432286
2025-09-20T14:40:00.000 -4573.246422660420 -3791.389379795950 3283.508866023310 5.48826044423608 -2.51761880205038 4.72609383865492
2025-09-20T14:44:00.000 -3105.326425040840 -4249.978882071370 4283.820211579840 6.66937116438315 -1.28071002432971 3.55878810808832
2025-09-20T14:48:00.000 -1411.001127872590 -4398.721939584060 4970.939258833700 7.36352977091555 0.04859002660764 2.13225519387972
2025-09-20T14:52:00.000 386.120862794230 -4227.018583259720 5294.898638591400 7.52091523389779 1.37338469312538 0.55102578675446
2025-09-20T14:56:00.000 2155.130557796160 -3747.565673565650 5232.268536805520 7.13077783779796 2.59757308794779 -1.06965547411853
2025-09-20T15:00:00.000 3767.284160479470 -2995.360408915270 4787.746928752280 6.22176702820601 3.63250749942101 -2.61198910429476
2025-09-20T15:04:00.000 5105.259320766240 -2025.154784545270 3993.789890476270 4.85986195271406 4.40317140078839 -3.96382586760655
2025-09-20T15:08:00.000 6071.622304687550 -907.529890366365 2908.293562602900 3.14389479389262 4.85346513503076 -5.02657469889436
2025-09-20T15:12:00.000 6595.960709521450 276.171567200243 1610.457749643660 1.19890279987374 4.95042364802649 -5.72243185495833
2025-09-20T15:16:00.000 6640.131971820760 1439.773158844990 195.037575312936 -0.83291506961477 4.68702549105865 -6.00043890569400
2025-09-20T15:20:00.000 6201.122649501760 2498.614434815560 -1234.633692140160 -2.80288009981684 4.08285664234587 -5.84054677325820
2025-09-20T15:24:00.000 5311.244774929450 3375.801017942080 -2574.301986886270 -4.56719112564143 3.18261684276134 -5.25516995487978
2025-09-20T15:28:00.000 4035.627590366760 4007.835391754170 -3726.496375704640 -5.99788914744456 2.05248087216131 -4.28798149063214
2025-09-20T15:32:00.000 2467.264607162370 4349.165039605990 -4607.623382400550 -6.99208596622362 0.77484957762897 -3.01015810522948
2025-09-20T15:36:00.000 720.109228629763 4375.350773863480 -5153.925149693050 -7.47896856704453 -0.55783002307028 -1.51474538234129
2025-09-20T15:40:00.000 -1079.198841287970 4084.674868894770 -5325.913606854680 -7.42411943795341 -1.84975859040267 0.09026009468161
2025-09-20T15:44:00.000 -2800.336045001380 3498.170177339500 -5111.073711432460 -6.83139351646042 -3.00820221819171 1.68935228964629
2025-09-20T15:48:00.000 -4318.489539593580 2658.134462921150 -4524.742808139870 -5.74262950225440 -3.94968983109525 3.16723520355038
2025-09-20T15:52:00.000 -5523.218381998430 1625.208493667680 -3609.120872933340 -4.23515193852074 -4.60573069603616 4.41664243767675
2025-09-20T15:56:00.000 -6326.445582008170 474.166031971328 -2430.423619164100 -2.41701486097166 -4.92779036792512 5.34593639051203
2025-09-20T16:00:00.000 -6669.038208951550 -711.372589113092 -1074.286508082620 -0.42001403214548 -4.89126372219492 5.88600211623973
2025-09-20T16:04:00.000 -6525.418355222770 -1845.027257300830 360.375604328981 1.60980536354737 -4.49796250702224 5.99611559668046
2025-09-20T16:08:00.000 -5905.664026510450 -2844.053745475700 1768.659260419920 3.52325263788654 -3.77622443980043 5.66746467837600
2025-09-20T16:12:00.000 -4854.883202907380 -3635.515345650290 3047.495534428130 5.17952170400279 -2.77892874074934 4.92406532037454
2025-09-20T16:16:00.000 -3449.861985918660 -4161.723198913210 4103.354614294890 6.45714704843535 -1.57941842847758 3.82084997399729
2025-09-20T16:20:00.000 -1793.276248358770 -4384.476941986670 4859.171549084970 7.26315442268834 -0.26568104518137 2.43915685449409
2025-09-20T16:24:00.000 -6.021374693118 -4287.778700573280 5259.945250153830 7.53953762911724 1.06641892757081 0.88031975337472
2025-09-20T16:28:00.000 1781.674945222500 -3878.881102679640 5276.640866276740 7.26691284807874 2.32015450560993 -0.74192954387406
2025-09-20T16:32:00.000 3439.690656622880 -3187.670011376190 4908.194531277490 6.46548901614579 3.40473082413807 -2.30962158121776
2025-09-20T16:36:00.000 4847.373625212070 -2264.478876185240 4181.534414588060 5.19351008741737 4.24154403085477 -3.70881443171461
2025-09-20T16:40:00.000 5902.238850727770 -1176.474139317890 3149.652050911560 3.54326133105657 4.76978329082597 -4.83754002980748
2025-09-20T16:44:00.000 6527.438368519800 -2.822422730096 1887.828275609750 1.63489216448909 4.95088383836234 -5.61322086427557
2025-09-20T16:48:00.000 6677.461643793420 1171.048930029110 488.172984541940 -0.39223834405455 4.77161043955330 -5.97907684320561
2025-09-20T16:52:00.000 6341.538639842960 2259.715350668430 -947.124685543968 -2.38976526229429 4.24526964639912 -5.90848250046004
2025-09-20T16:56:00.000 5544.455943160160 3184.074268723830 -2313.364686405950 -4.21172774340663 3.41087719528727 -5.40727330552401
2025-09-20T17:00:00.000 4344.604895829570 3877.159166457180 -3511.092916634860 -5.72578340061551 2.32985595108840 -4.51298201370083
2025-09-20T17:04:00.000 2829.521960771130 4288.960230967770 -4453.364747927990 -6.82285156732206 1.08116497821546 -3.29157960494936
2025-09-20T17:08:00.000 1109.355176332270 4389.929980485760 -5071.964386908740 -7.42462380964726 -0.24471287461778 -1.83214680438612
2025-09-20T17:12:00.000 -691.161146108323 4172.963543021620 -5322.174385858880 -7.48847363821256 -1.55233353820698 -0.24025071051329
2025-09-20T17:16:00.000 -2441.615797934400 3653.797816033190 -5185.852082815020 -7.00990364531553 -2.74786517374524 1.36950462719642
2025-09-20T17:20:00.000 -4015.123225154110 2869.874723816510 -4672.677955893010 -6.02265303578609 -3.74527264723385 2.88115224032908
2025-09-20T17:24:00.000 -5297.309294451370 1877.758595476150 -3819.548117247820 -4.59672809728763 -4.47216827316994 4.18515974620454
2025-09-20T17:28:00.000 -6194.551447012830 749.218322510894 -2688.103283289070 -2.83414418189348 -4.87503486467831 5.18610346135248
2025-09-20T17:32:00.000 -6640.916602991060 -433.833346361328 -1360.471872077010 -0.86234046820989 -4.92346301420295 5.80980068429079
2025-09-20T17:36:00.000 -6603.233822842430 -1585.251409450010 66.585429877477 1.17477036538800 -4.61288211255757 6.00935816023544
2025-09-20T17:40:00.000 -6083.798340335720 -2621.000661338290 1488.757265098480 3.12744205237997 -3.96545329264928 5.76924685273940
2025-09-20T17:44:00.000 -5120.359319048450 -3465.461965554120 2801.963893899320 4.85197580626856 -3.02865213833100 5.10693539251179
2025-09-20T17:48:00.000 -3783.291077915380 -4057.068225859620 3910.147497857160 6.22189171356761 -1.87132257953904 4.07131499382759
2025-09-20T17:52:00.000 -2170.304578962320 -4352.820756371850 4732.383348941500 7.13727889670098 -0.57836221991969 2.73876907902922
2025-09-20T17:56:00.000 -399.151524303921 -4331.383343466760 5208.794645859820 7.53202503621298 0.75575260687056 1.20716308247494
2025-09-20T18:00:00.000 1401.074780923190 -3994.537422475620 5304.826543015600 7.37819092392732 2.03404113782572 -0.41168268014280
2025-09-20T18:04:00.000 3099.320835467500 -3366.946443282810 5013.634600998090 6.68741282623107 3.16390416853900 -2.00001080047774
2025-09-20T18:08:00.000 4572.002981704610 -2494.331020709400 4356.528394848840 5.50994345679028 4.06348173272472 -3.44234993371130
2025-09-20T18:12:00.000 5711.914131757070 -1440.181227608320 3381.437265939930 3.93121666410195 4.66744770432081 -4.63365068689629
2025-09-20T18:16:00.000 6436.017741873350 -281.197311855767 2159.494423803090 2.06608998677124 4.93173425865896 -5.48680481545960
2025-09-20T18:20:00.000 6691.591216967980 898.263251106219 779.897760091308 0.05075842071149 4.83705581021141 -5.93937105613664
2025-09-20T18:24:00.000 6460.154568788220 2012.369954924740 -656.632497827444 -1.96740047114317 4.39050753166512 -5.95837739230421
2025-09-20T18:28:00.000 5758.850528449990 2980.139134281390 -2045.281631140480 -3.84080051331661 3.62515128008622 -5.54294876180018
2025-09-20T18:32:00.000 4639.111931312750 3731.403053453530 -3284.917609864130 -5.43314571887804 2.59742945148610 -4.72437015229267
2025-09-20T18:36:00.000 3182.699244485060 4211.899904454190 -4285.505326824000 -6.62950568736077 1.38257187983566 -3.56318209640272
2025-09-20T18:40:00.000 1495.564639555710 4387.101939081080 -4974.576887668450 -7.34434037412297 0.06874108859216 -2.14424623947320
2025-09-20T18:44:00.000 -299.903054446538 4244.553587121610 -5302.316737775890 -7.52693007932387 -1.24936864773494 -0.57032706815711
2025-09-20T18:48:00.000 -2073.649035112630 3794.651475597920 -5244.999405996110 -7.16440165481515 -2.47711875325880 1.04517977248349
2025-09-20T18:52:00.000 -3697.151405324900 3069.854991246320 -4806.620764861870 -6.28230780615382 -3.52629782536440 2.58596618107258
2025-09-20T18:56:00.000 -5052.498215883240 2122.438221908810 -4018.663766265830 -4.94309446083743 -4.32094868441991 3.94057276493535
2025-09-20T19:00:00.000 -6040.842926309630 1020.883753500530 -2938.003996209250 -3.24236969866722 -4.80279318655266 5.01011906876603
2025-09-20T19:04:00.000 -6589.677413538100 -154.921297196309 -1643.004228841800 -1.30279949679319 -4.93572499196157 5.71557276915197
2025-09-20T19:08:00.000 -6658.363403897830 -1319.419318925960 -227.969189816999 0.73428767850414 -4.70899377402274 6.00406240799714
2025-09-20T19:12:00.000 -6241.383575573070 -2387.668939191240 1203.730728109400 2.71943146773081 -4.13850945412099 5.85346470841136
2025-09-20T19:16:00.000 -5368.923262625200 -3281.670523282030 2547.330692092640 4.50648685414203 -3.26587452924681 5.27441723024701
2025-09-20T19:20:00.000 -4104.689704716370 -3936.206995585790 3704.522880924510 5.96414288874907 -2.15530075597804 4.30971991074778
2025-09-20T19:24:00.000 -2541.080550304510 -4303.674291546680 4590.779282005370 6.98606609502047 -0.88834339809883 3.03057874113908
2025-09-20T19:28:00.000 -792.253502456376 -4357.495656538450 5141.518186152800 7.49829809064067 0.44242092021592 1.53093493467976
2025-09-20T19:32:00.000 1014.290688479860 -4093.960914118610 5316.736376487580 7.46421782621947 1.74016933397788 -0.07959746571717
2025-09-20T19:36:00.000 2747.003179217950 -3532.408910926420 5103.822361152890 6.88684895178028 2.91080042473299 -1.68376807758772
2025-09-20T19:40:00.000 4279.782724225100 -2713.769957944330 4518.386712638470 5.80825644743918 3.86952314760436 -3.16499265982305
2025-09-20T19:44:00.000 5501.044136602770 -1697.613579311400 3603.135224255610 4.30668047243109 4.54672236879359 -4.41539784405875
2025-09-20T19:48:00.000 6321.825500780740 -557.880394181404 2424.834407513200 2.49133301256386 4.89301335443270 -5.34360844211038
2025-09-20T19:52:00.000 6682.344122387680 622.462484571617 1069.492831529390 0.49470242739831 4.88306455668926 -5.88166397293220
2025-09-20T19:56:00.000 6556.461718938620 1757.494546773080 -363.925853033587 -1.53710903035980 4.51779627658105 -5.99030740056124
2025-09-20T20:00:00.000 5953.623636297910 2764.685033808210 -1770.818675822790 -3.45556822131943 3.82433911106325 -5.66208372456783
2025-09-20T20:04:00.000 4918.089633143520 3570.962433710120 -3048.679180014500 -5.12092173715108 2.85386979860461 -4.92178892483613
2025-09-20T20:08:00.000 3525.541522063670 4118.037601312680 -4104.636420695750 -6.41271114963885 1.67756983335439 -3.82433992642439
2025-09-20T20:12:00.000 1877.368007954430 4366.552004456430 -4862.172167529990 -7.23839341173149 0.38098815719490 -2.45015850324392
2025-09-20T20:16:00.000 93.192162606422 4298.770642800480 -5266.515881652750 -7.53933712987971 -0.94231196930006 -0.89892690984592
2025-09-20T20:20:00.000 -1697.731757372100 3919.721252974690 -5288.427668382470 -7.29429950516132 -2.19729007749562 0.71752459140558
2025-09-20T20:24:00.000 -3365.675065038570 3256.776566182630 -4926.201522945250 -6.52056214905464 -3.29382277042683 2.28286496688956
2025-09-20T20:28:00.000 -4789.588990228700 2357.738817366560 -4205.816783975800 -5.27281614316274 -4.15274548260109 3.68401927723315
2025-09-20T20:32:00.000 -5865.740245482680 1287.546364882910 -3179.221218024770 -3.63995004573095 -4.71128538904644 4.81893131977442
2025-09-20T20:36:00.000 -6515.300811725520 123.745455825394 -1920.785439476990 -1.73947669196828 -4.92786065354120 5.60398699351444
2025-09-20T20:40:00.000 -6690.303591574200 -1049.047477845610 -522.068038948779 0.29045239735357 -4.78558723935376 5.98054296219402
2025-09-20T20:44:00.000 -6377.432363783440 -2145.327678825760 914.812334289438 2.30105315835369 -4.29408482798747 5.91991308187390
2025-09-20T20:48:00.000 -5599.210332095050 -3085.065277790090 2284.743544265150 4.14441872654901 -3.48908103596939 5.42603867619341
2025-09-20T20:52:00.000 -4412.395232535010 -3799.682616623190 3487.478168790550 5.68500837062542 -2.42966811257677 4.53525493307350
2025-09-20T20:56:00.000 -2903.726450607560 -4237.149571247690 4435.112960975150 6.81013815689532 -1.19372392147883 3.31337240721306
2025-09-20T21:00:00.000 -1183.388287390480 -4365.769446755030 5058.554651482830 7.43825459220035 0.12828710420915 1.85028351014530
2025-09-20T21:04:00.000 623.169983375512 -4176.386213249580 5312.485851827800 7.52435923299156 1.44015256620270 0.25296821129280
2025-09-20T21:08:00.000 2384.373173069340 -3682.942084177790 5178.544286541680 7.06265813315667 2.64670479027538 -1.36224600457254
2025-09-20T21:12:00.000 3972.022302409090 -2921.426112671230 4666.593394539630 6.08690378977054 3.66049545607942 -2.87788456555548
2025-09-20T21:16:00.000 5270.539146853630 -1947.261952357720 3813.990814258600 4.66789551676494 4.40795220526685 -4.18363350498512
2025-09-20T21:20:00.000 6185.335391852790 -831.336449205500 2682.927026976660 2.90876755418067 4.83460080202084 -5.18414903859937
2025-09-20T21:24:00.000 6649.757420171810 345.116574247899 1355.955107299200 0.93780044539264 4.90924715219795 -5.80615295324131
2025-09-20T21:28:00.000 6630.057948913840 1496.441837844010 -70.020046691193 -1.10077127523942 4.62653415591593 -6.00414387983585
2025-09-20T21:32:00.000 6127.926977842270 2538.883783962440 -1490.903478156720 -3.05780458681169 4.00753518933914 -5.76408937387935
2025-09-20T21:36:00.000 5180.297505364510 3396.760635807700 -2803.122688845800 -4.79059449891270 3.09801684836187 -5.10431496107496
2025-09-20T21:40:00.000 3856.496329984640 4007.994226976130 -3911.250949090690 -6.17358711351847 1.96480702851494 -4.07388911859980
2025-09-20T21:44:00.000 2252.992163784750 4328.553662345240 -4734.937878145930 -7.10747979196834 0.69048747794230 -2.74851057251637
2025-09-20T21:48:00.000 486.247324936697 4335.501173328390 -5214.611542455330 -7.52584702536823 -0.63282152839439 -1.22453181728030
2025-09-20T21:52:00.000 -1315.707693088320 4028.497933879230 -5315.606211814060 -7.39916971678057 -1.91001518036640 0.38808156716368
2025-09-20T21:56:00.000 -3022.363340540270 3429.741309305880 -5030.528921430670 -6.73638166580347 -3.04943511568342 1.97329492692839
2025-09-20T22:00:00.000 -4509.931829743450 2582.402459068880 -4379.789165827570 -5.58428188910414 -3.96894301125278 3.41676343718313
2025-09-20T22:04:00.000 -5670.144135097620 1547.655128170080 -3410.263636272370 -4.02476510898236 -4.60154699701814 4.61353864865532
2025-09-20T22:08:00.000 -6418.125496771980 400.424568733122 -2192.127742423030 -2.16983844740098 -4.90039947402152 5.47564991888505
2025-09-20T22:12:00.000 -6698.764998539420 -775.936952493856 -813.937321288759 -0.15408032048261 -4.84263783435474 5.93891952470823
2025-09-20T22:16:00.000 -6491.012746559820 -1895.708028213050 623.751059875536 1.87500394368381 -4.43159565989341 5.96824375265502
2025-09-20T22:20:00.000 -5809.665390942930 -2877.152823806140 2015.791242373090 3.76815055017632 -3.69699267164411 5.56081519090161
2025-09-20T22:24:00.000 -4704.369429655530 -3648.640188609940 3260.315020726200 5.38613590768453 -2.69275413205958 4.74656125963860
2025-09-20T22:28:00.000 -3255.888464589710 -4153.969468604180 4266.336194097120 6.61050421712000 -1.49267130874073 3.58560297625351
2025-09-20T22:32:00.000 -1570.035931036580 -4356.468869286840 4960.456999331140 7.35222663228397 -0.18466914107067 2.16342789550965
2025-09-20T22:36:00.000 230.202973753277 -4241.606355718740 5292.189818027960 7.55804064934059 1.13587870535212 0.58421815372725
2025-09-20T22:40:00.000 2013.697793545770 -3817.919786515800 5237.514962075420 7.21360693423985 2.37321912242403 -1.03698318355656
2025-09-20T22:44:00.000 3650.627307065740 -3116.324982716310 4800.521244017150 6.34411100819713 3.43767873072906 -2.58232360673851
2025-09-20T22:48:00.000 5021.825610616970 -2187.894418847970 4013.104347373080 5.01267352165521 4.25199065489453 -3.93931449286909
2025-09-20T22:52:00.000 6027.418689078960 -1100.184313875460 2932.695147095540 3.31600428729387 4.75687281242396 -5.00893980019338
2025-09-20T22:56:00.000 6594.131618295630 67.630269350474 1638.138455248610 1.37775370992093 4.91542655108927 -5.71289386669623
2025-09-20T23:00:00.000 6680.734008806710 1230.520144459180 223.967479272244 -0.66032620851904 4.71611874024851 -5.99961936545094
2025-09-20T23:04:00.000 6281.132901818590 2303.862711310410 -1206.562064093170 -2.64906370782683 4.17385095214147 -5.84847315581804
2025-09-20T23:08:00.000 5424.787292194470 3209.686073637360 -2549.129660939920 -4.44326662404696 3.32879220540118 -5.27125372209325
2025-09-20T23:12:00.000 4174.407204553500 3882.388929496050 -3706.048550413340 -5.91276458541921 2.24313403888097 -4.31102591914424
2025-09-20T23:16:00.000 2621.181591603760 4273.453188937680 -4593.376870701610 -6.95181376677887 0.99613009377032 -3.03847605668636
2025-09-20T23:20:00.000 877.995541923371 4354.833982417280 -5146.906785319250 -7.48634258781119 -0.32193599315214 -1.54630407440287
2025-09-20T23:24:00.000 -928.773778059916 4120.831595344610 -5326.639264605470 -7.47854749395738 -1.61622346837521 0.05765855847661
2025-09-20T23:28:00.000 -2668.267164898890 3588.401694944920 -5119.523352878150 -6.92903087149109 -2.79384758251978 1.65796793024912
2025-09-20T23:32:00.000 -4214.376181616790 2795.935796136460 -4540.352627713770 -5.87656734329734 -3.77004629396684 3.13931484593610
2025-09-20T23:36:00.000 -5454.673703710210 1800.616854412770 -3630.807023610720 -4.39583380612671 -4.47391459072265 4.39424439707505
2025-09-20T23:40:00.000 -6298.531562330160 674.458864421220 -2456.650693360200 -2.59286949685365 -4.85353463126684 5.33073495819922
2025-09-20T23:44:00.000 -6683.877772310040 -500.769496815809 -1103.172731842740 -0.59825760425392 -4.88015020561572 5.87919582845155
2025-09-20T23:48:00.000 -6582.014984496290 -1639.474336599070 330.929290719132 1.44221857094974 -4.55091571262228 5.99829682164097
2025-09-20T23:52:00.000 -5999.957741489120 -2658.560267482760 1740.810404492810 3.37862994857187 -3.88941183210879 5.67851685325052
2025-09-20T23:56:00.000 -4980.048453244850 -3483.630501115130 3023.291143042080 5.06846905686101 -2.94409930823530 4.94319938276471
2025-09-21T00:00:00.000 -3596.806013461260 -4054.544357883540 4084.577886780490 6.38783168257563 -1.78451285350696 3.84667164381197
2025-09-21T00:04:00.000 -1951.300351460530 -4329.832840279850 4847.208793239330 7.24071184471228 -0.49567892794356 2.46975355954525
2025-09-21T00:08:00.000 -163.608861841988 -4289.648115130190 5255.667873591730 7.56558929691393 0.82835888805190 0.91336730850436
2025-09-21T00:12:00.000 1636.002418508060 -3937.112284741360 5280.343123660670 7.33954630076585 2.09141574409808 -0.70890183276541
2025-09-21T00:16:00.000 3316.537653677190 -3297.990594131860 4919.568360918810 6.57934709954835 3.20206006405199 -2.27912762598369
2025-09-21T00:20:00.000 4755.673192464220 -2418.806252766570 4199.691534809710 5.34012135628479 4.07973140504188 -3.68312832586032
2025-09-21T00:24:00.000 5848.592648761330 -1363.528695438780 3173.210940351360 3.71182787226169 4.66051668532172 -4.81848107705525
2025-09-21T00:28:00.000 6515.658935850960 -208.968066934636 1915.025664748390 1.81307414214813 4.90200691712586 -5.60212672801538
2025-09-21T00:32:00.000 6708.305595491380 960.809613378837 517.001253615706 -0.21738046357888 4.78656961374321 -5.97664742293464
2025-09-21T00:36:00.000 6412.676681066940 2060.659061177770 -918.772431130041 -2.23088444372368 4.32291864735444 -5.91485171904119
2025-09-21T00:40:00.000 5650.639407797880 3010.644379968020 -2287.553074465130 -4.08033080564520 3.54545716307779 -5.42193925135948
2025-09-21T00:44:00.000 4478.057591132640 3741.909178645270 -3489.690920320460 -5.63129756982831 2.51149379551220 -4.53482935276074
2025-09-21T00:48:00.000 2980.520345825290 4201.659378577820 -4437.911590315740 -6.77199523396785 1.29666882745422 -3.31900301499909
2025-09-21T00:52:00.000 1266.934400027360 4356.870573802010 -5063.567047090510 -7.42095579179515 -0.01094398312874 -1.86317453747452
2025-09-21T00:56:00.000 -538.417975540270 4196.518806223960 -5321.437869617550 -7.53218544003871 -1.31716542978354 -0.27268485731446
2025-09-21T01:00:00.000 -2304.765209948940 3732.262472836190 -5192.842805782190 -7.09783993543888 -2.52822263001824 1.33792006516050
2025-09-21T01:04:00.000 -3904.090347680490 2997.585514372510 -4686.924924228050 -6.14858773067131 -3.55703157787985 2.85262953008300
2025-09-21T01:08:00.000 -5220.189341259180 2045.477811402670 -3840.062547496620 -4.75170397090002 -4.32905789762303 4.16178563076259
2025-09-21T01:12:00.000 -6157.010035570700 944.777583057306 -2713.426374621900 -3.00698325830821 -4.78758169902909 5.16966478920052
2025-09-21T01:16:00.000 -6645.751067559790 -224.656227839133 -1388.775108317770 -1.04047247377010 -4.89814375673592 5.80156247378648
2025-09-21T01:20:00.000 -6650.156685597190 -1377.696580859410 37.358548832081 1.00431375399055 -4.65166647732914 6.00995898811613
2025-09-21T01:24:00.000 -6169.445891554420 -2430.221716726420 1460.746378627000 2.97719814722050 -4.06561318572269 5.77872388315545
2025-09-21T01:28:00.000 -5238.510616581240 -3305.393705365470 2777.227174193540 4.73301933389870 -3.18283576549787 5.12456603788603
2025-09-21T01:32:00.000 -3925.344083357120 -3939.391521382140 3890.493170666360 6.14287863898114 -2.06823664065865 4.09578192892997
2025-09-21T01:36:00.000 -2325.920219911410 -4286.117912371820 4719.249998093350 7.10396757539074 -0.80362584414191 2.76831204732737
2025-09-21T01:40:00.000 -556.995735837679 -4320.512063791500 5203.144212711210 7.54687980460367 0.51861005920217 1.23958034153097
2025-09-21T01:44:00.000 1252.498883963010 -4040.274405456970 5307.056825072410 7.44008887460002 1.80233367575939 -0.37883557231595
2025-09-21T01:48:00.000 2970.823370733560 -3465.941097918500 5023.557157375350 6.79181024117760 2.95451650047961 -1.96915293496284
2025-09-21T01:52:00.000 4472.922776884390 -2639.345872204900 4373.386786920480 5.64917358036806 3.89171612107515 -3.41576370752741
2025-09-21T01:56:00.000 5649.427425384190 -1620.620769506180 3403.966737049940 4.09505646279627 4.54580629395758 -4.61327087929163
2025-09-21T02:00:00.000 6414.615939231170 -483.894971867782 2186.015553793580 2.24252050844732 4.86901048357654 -5.47411865424358
2025-09-21T02:04:00.000 6712.755740040810 688.073078086946 808.447123115548 0.22688019225411 4.83769951870099 -5.93523987296256
2025-09-21T02:08:00.000 6522.269050242120 1809.967829200110 -628.145538484459 -1.80434078045516 4.45435531782280 -5.96301977862681
2025-09-21T02:12:00.000 5857.336490206700 2800.217386744140 -2018.931808078380 -3.70260723086002 3.74748196906610 -5.55599933090279
2025-09-21T02:16:00.000 4766.760678190860 3587.000381256250 -3262.614015006650 -5.32978109523772 2.76927746048723 -4.74482520135071
2025-09-21T02:20:00.000 3330.207247507210 4113.460507764340 -4268.850613977000 -6.56836035996636 1.59141307312429 -3.58950889403287
2025-09-21T02:24:00.000 1652.217709299660 4341.729299695180 -4964.757935600200 -7.32972733510506 0.29943723892879 -2.17454213824955
2025-09-21T02:28:00.000 -145.459931675418 4255.509539316790 -5300.029436530990 -7.55983646844987 -1.01350924889907 -0.60242160338386
2025-09-21T02:32:00.000 -1932.597532089860 3861.123964243280 -5250.402295612520 -7.24241058065135 -2.25314384567086 1.01357443373272
2025-09-21T02:36:00.000 -3579.702080843710 3187.022602899000 -4819.325026197470 -6.39980271216978 -3.33037898564053 2.55708757733469
2025-09-21T02:40:00.000 -4967.170865853450 2281.811212343450 -4037.763682504380 -5.09167848862009 -4.16730900901478 3.91647870730152
2025-09-21T02:44:00.000 -5993.858014753220 1210.895052199130 -2962.127723539480 -3.41136527562306 -4.70269305240009 4.99261777881988
2025-09-21T02:48:00.000 -6584.481822724120 51.904397350745 -1670.395925195870 -1.47990719452615 -4.89658193785564 5.70601970582068
2025-09-21T02:52:00.000 -6695.346761783620 -1110.853538993140 -256.620513926824 0.56207078239167 -4.73372766992565 6.00317511997957
2025-09-21T02:56:00.000 -6317.845388946670 -2192.571579316460 1175.914355621960 2.56466999179935 -4.22533052964912 5.86126883673186
2025-09-21T03:00:00.000 -5479.284778495960 -3114.273485046770 2522.382299390050 4.38049530207270 -3.40847399882140 5.29036333440142
2025-09-21T03:04:00.000 -4240.886978412890 -3808.719116871790 3684.261965058620 5.87614929154994 -2.34322744059297 4.33258493355709
2025-09-21T03:08:00.000 -2693.170602503920 -4225.378346828270 4576.669428173370 6.94241467706904 -1.10783352729331 3.05865815867235
2025-09-21T03:12:00.000 -949.154757620866 -4334.078826097190 5134.572911028910 7.50209247882846 0.20738227683135 1.56219987481654
2025-09-21T03:16:00.000 863.998580881399 -4127.111497715380 5317.452437350280 7.51516370886062 1.50669244107908 -0.04741121119976
2025-09-21T03:20:00.000 2614.257225429680 -3619.698754412060 5112.135118489140 6.98122128189248 2.69586897909011 -1.65303806773969
2025-09-21T03:24:00.000 4174.237719524130 -2848.834629769660 4533.675472846380 5.93917668756799 3.68876428701502 -3.13793999080819
2025-09-21T03:28:00.000 5430.377066626200 -1870.612568470880 3624.275921211530 4.46463592475055 4.41329475558172 -4.39398411930788
2025-09-21T03:32:00.000 6291.175789995910 -756.210187337511 2450.274974077720 2.66481519554427 4.81664195378447 -5.32940909972429
2025-09-21T03:36:00.000 6693.933479571690 413.252749198859 1097.365737496760 0.67104956024778 4.86932042644159 -5.87571818166957
2025-09-21T03:40:00.000 6609.424172711930 1552.642956850540 -335.663068390089 -1.37079167050305 4.56762273508888 -5.99301145949582
2025-09-21T03:44:00.000 6044.077772782690 2579.093555560470 -1744.222018092680 -3.31134442361391 3.93402003600586 -5.67317395271130
2025-09-21T03:48:00.000 5039.445466689180 3418.114374618200 -3025.675214290200 -5.00919330944157 3.01537961717984 -4.94045712631428
2025-09-21T03:52:00.000 3668.977758614670 4009.025047607490 -4086.890832768100 -6.34154640496095 1.87911901437551 -3.84921981841676
2025-09-21T03:56:00.000 2032.475800743620 4309.272387490510 -4850.964974701340 -7.21287495276749 0.60792277515751 -2.47943531380766
2025-09-21T04:00:00.000 248.732552978018 4297.367334716280 -5262.653873267470 -7.56126827552504 -0.70644431673559 -0.93048839018903
2025-09-21T04:04:00.000 -1553.022382714580 3974.286885576140 -5292.185911242790 -7.36207303007094 -1.96958932093784 0.68597007246262
2025-09-21T04:08:00.000 -3242.271410981450 3363.345372646850 -4937.303596043220 -6.62925768463310 -3.09080339024404 2.25359291998768
2025-09-21T04:12:00.000 -4696.423668179700 2508.573146333850 -4223.455773221460 -5.41458243150696 -3.98913480371163 3.65914780732487
2025-09-21T04:16:00.000 -5809.564492855770 1471.691486039240 -3202.116129106690 -3.80456206784835 -4.59901524166471 4.80027654118382
2025-09-21T04:20:00.000 -6500.190935105320 327.804596672004 -1947.264803543020 -1.91498407155734 -4.87521558075986 5.59296540186282
2025-09-21T04:24:00.000 -6717.338649786790 -839.947150012798 -550.183494251984 0.11692844962933 -4.79648468236505 5.97801888015422
2025-09-21T04:28:00.000 -6444.588599866630 -1946.433917947490 887.131094305812 2.14229145618663 -4.36771324501277 5.92601507043435
2025-09-21T04:32:00.000 -5701.523464489000 -2910.870886257080 2259.513103022760 4.01199172444264 -3.62001267442546 5.44022496583115
2025-09-21T04:36:00.000 -4542.344663085260 -3662.866389489970 3466.519318559190 5.58853290305349 -2.60830286806562 4.55643469674678
2025-09-21T04:40:00.000 -3051.791621694390 -4147.651613620290 4419.922251373520 6.75655708005202 -1.40698831678839 3.33996232457938
2025-09-21T04:44:00.000 -1338.752980332060 -4330.071668861110 5050.201411939400 7.43135617613421 -0.10404071154411 1.88032052837188
2025-09-21T04:48:00.000 471.823260626275 -4197.051937847320 5311.539284765830 7.56452219555474 1.20564447557544 0.28428762510037
2025-09-21T04:52:00.000 2248.049980577630 -3758.444056464670 5185.048495208940 7.14693102669614 2.42702805836899 -1.33184243896919
2025-09-21T04:56:00.000 3860.637717667780 -3046.256703532900 4680.065067050980 6.20918550870205 3.47160914970688 -2.85057995532331
2025-09-21T05:00:00.000 5192.199929391510 -2112.329477642700 3833.443286024260 4.81931942865211 4.26357641970738 -4.16140066233771
2025-09-21T05:04:00.000 6145.753783065440 -1024.623411192280 2706.941168672620 3.07835929260060 4.74525140906971 -5.16860178794417
2025-09-21T05:08:00.000 6651.834607218790 137.682923018314 1382.776276205770 1.11324565395761 4.88142830571250 -5.79845702636202
2025-09-21T05:12:00.000 6673.662456386170 1289.964200896820 -42.359764829912 -0.93228099578279 4.66226290549943 -6.00488289477434
2025-09-21T05:16:00.000 6209.899233440100 2348.387305788000 -1464.428450374360 -2.90850650064339 4.10416398102655 -5.77316415957600
2025-09-21T05:20:00.000 5294.700250193450 3236.099382371660 -2779.764237909740 -4.67127600001308 3.24849879568664 -5.12105647627059
2025-09-21T05:24:00.000 3995.048909025300 3888.852252276100 -3892.715954815320 -6.09288285174717 2.15821061684145 -4.09710220184215
2025-09-21T05:28:00.000 2405.661338740350 4259.599400139320 -4722.586760829190 -7.07126604379881 0.91276054724952 -2.77651315814829
2025-09-21T05:32:00.000 641.972420186255 4321.753258669940 -5209.353036856330 -7.53674511980196 -0.39784832071614 -1.25527292219885
2025-09-21T05:36:00.000 -1168.205452593260 4070.963290086120 -5317.831800657120 -7.45638035391382 -1.67939733622833 0.35683655725405
2025-09-21T05:40:00.000 -2893.767960817770 3525.346793258150 -5040.084613954410 -6.83576875044736 -2.83992060268262 1.94383255438106
2025-09-21T05:44:00.000 -4409.557477382610 2724.213886868500 -4395.985733683460 -5.71864470088651 -3.79576046251870 3.39121850830306
2025-09-21T05:48:00.000 -5605.264134021890 1725.373873190430 -3431.930151325150 -4.18438642281175 -4.47734035595352 4.59378596362487
2025-09-21T05:52:00.000 -6393.438441415980 601.124617122307 -2217.688408873550 -2.34311404144078 -4.83428000735022 5.46315112357363
2025-09-21T05:56:00.000 -6716.044800333540 -566.876264251854 -841.527661043012 -0.32837714109972 -4.83953289994625 5.93461662777200
2025-09-21T06:00:00.000 -6548.958033649050 -1693.541523984550 596.151824079840 1.71252175105893 -4.49179893300914 5.97246432129176
2025-09-21T06:04:00.000 -5903.979495270710 -2696.633905946320 1990.195269354650 3.62942390034367 -3.81606917588598 5.57316996716371
2025-09-21T06:08:00.000 -4828.092073399790 -3502.925300489770 3238.565664565330 5.28128237565723 -2.86191367454532 4.76605001294949
2025-09-21T06:12:00.000 -3399.927870164440 -4053.649801956280 4249.975263737640 6.54706617153195 -1.69948195084667 3.61073572995449
2025-09-21T06:16:00.000 -1723.848154576700 -4308.810221587810 4950.622530051180 7.33469941133494 -0.41400756938973 2.19235024897850
2025-09-21T06:20:00.000 77.840028043459 -4250.028108739090 5289.542915510700 7.58754383587501 0.90072600450984 0.61483075320399
2025-09-21T06:24:00.000 1873.866329936740 -3881.770193312700 5242.200568360210 7.28788668055944 2.14927183873860 -1.00684862190824
2025-09-21T06:28:00.000 3533.485249912250 -3230.941025071990 4812.172396703130 6.45776752353292 3.24115334085019 -2.55474667499349
2025-09-21T06:32:00.000 4935.893096589430 -2344.931684834270 4030.869981796460 5.15751960959007 4.09716458442625 -3.91624225967743
2025-09-21T06:36:00.000 5978.963688242200 -1288.211374803760 2955.287742986160 3.48157047084263 4.65503309416313 -4.99203394302444
2025-09-21T06:40:00.000 6586.709516282000 -137.693017177342 1663.918881542810 1.55204144410792 4.87401758732970 -5.70340472489946
2025-09-21T06:44:00.000 6714.920547510180 1022.858934751140 251.057240583883 -0.48999134082626 4.73816107355763 -5.99826702590893
2025-09-21T06:48:00.000 6354.481224062120 2108.990227935460 -1180.140421531910 -2.49503671923864 4.25773407240895 -5.85536317570893
2025-09-21T06:52:00.000 5532.008991507070 3041.798902665540 -2525.308090698230 -4.31673143191910 3.46840712269048 -5.28589921172031
2025-09-21T06:56:00.000 4307.757678294870 3753.715087267510 -3686.573649506330 -5.82287729466095 2.42829656828673 -4.33238663533562
2025-09-21T07:00:00.000 2771.029055308680 4193.365975621360 -4579.690490361220 -6.90506333983945 1.21339310567555 -3.06507192159031
2025-09-21T07:04:00.000 1033.508912470810 4329.184416445040 -5140.047924548690 -7.48618311864445 -0.08831683505880 -1.57625832394557
2025-09-21T07:08:00.000 -778.856970953269 4151.519809968710 -5327.152026750330 -7.52506736879384 -1.38322600690501 0.02656838500964
2025-09-21T07:12:00.000 -2534.814740889070 3673.232866479690 -5127.403545301460 -7.01888545238195 -2.57840672885911 1.62804146079761
2025-09-21T07:16:00.000 -4107.069625567250 2928.777558141910 -4555.053322643200 -6.00327078534534 -3.58785068644249 3.11275533638801
2025-09-21T07:20:00.000 -5381.301689614300 1971.834590388170 -3651.279492193910 -4.55019829025415 -4.33827127360366 4.37300053439618
2025-09-21T07:24:00.000 -6264.424530246990 871.611498265107 -2481.422847765920 -2.76371955400070 -4.77439545890787 5.31637708488580
2025-09-21T07:28:00.000 -6691.513872381320 -292.035405120399 -1130.448235381280 -0.77312936118650 -4.86337723961173 5.87282673513208
2025-09-21T07:32:00.000 -6630.821886068800 -1434.372243933580 303.138167275503 1.27610231148131 -4.59778113879451 6.00040042820591
2025-09-21T07:36:00.000 -6086.352160208630 -2472.052343839490 1714.535109177320 3.23345803999453 -3.99655009651357 5.68896456860003
2025-09-21T07:40:00.000 -5097.681704505830 -3329.323092935040 3000.448837478690 4.95491523047463 -3.10363991015079 4.96117178723193
2025-09-21T07:44:00.000 -3737.044620101020 -3943.675655973060 4066.816782376850 6.31414791175997 -1.98473930189798 3.87076969943823
2025-09-21T07:48:00.000 -2103.878239605670 -4270.460801428030 4835.787707856940 7.21217630664924 -0.72196129262143 2.49816419644481
2025-09-21T07:52:00.000 -317.386103424849 -4286.071184378400 5251.379435832870 7.58417427952895 0.59252798203420 0.94403448701438
2025-09-21T07:56:00.000 1492.226690500390 -3989.562553521550 5283.465413377780 7.40377789632315 1.86319011093793 -0.67817729715039
2025-09-21T08:00:00.000 3193.215567997110 -3402.639694921460 4929.855670475820 6.68452824469209 2.99793560077492 -2.25049329369150
2025-09-21T08:04:00.000 4661.776988466830 -2568.050797972890 4216.398458401880 5.47868079035466 3.91448914538248 -3.65858031439864
2025-09-21T08:08:00.000 5790.981541942890 -1546.528108409780 3195.137696647710 3.87380602704730 4.54619336257672 -4.79980152547894
2025-09-21T08:12:00.000 6498.573054302360 -412.417566022064 1940.589922540140 1.98675754357555 4.84696588538789 -5.59068225757774
2025-09-21T08:16:00.000 6733.053605406080 751.716861785817 544.350675112323 -0.04457387297620 4.79487963292564 -5.97332005066277
2025-09-21T08:20:00.000 6477.528076456120 1861.151912115060 -891.635172002356 -2.07154173028158 4.39400030223812 -5.91994183175823
2025-09-21T08:24:00.000 5750.944241597290 2835.254629543590 -2262.619002904000 -3.94602754827979 3.67412885952582 -5.43510436962912
2025-09-21T08:28:00.000 4606.591721218140 3603.414696788350 -3468.799227601790 -5.53179093334121 2.68840636194381 -4.55515274245274
2025-09-21T08:32:00.000 3128.007506489450 4110.156155235250 -4422.617396757480 -6.71452413539856 1.50896193600438 -3.34504497172953
2025-09-21T08:36:00.000 1422.718020106650 4319.040623990700 -5055.026435165470 -7.40971665700241 0.22131572746687 -1.89307614709042
2025-09-21T08:40:00.000 -385.607288392702 4215.148903959160 -5320.325507468400 -7.56806904821314 -1.08179245411897 -0.30430696753868
2025-09-21T08:44:00.000 -2166.005323005250 3806.039532582560 -5199.290528711320 -7.17834434235405 -2.30684336335001 1.30694325962127
2025-09-21T08:48:00.000 -3789.455204264150 3121.185373335330 -4700.494802666890 -6.26790222119042 -3.36575946897477 2.82462529448930
2025-09-21T08:52:00.000 -5138.006144567160 2209.945936953320 -3859.784981545520 -4.90117239202045 -4.18184904166101 4.13883283681381
2025-09-21T08:56:00.000 -6113.249850706330 1138.173292671350 -2737.879230644570 -3.17575605773280 -4.69521598189934 5.15343613953363
2025-09-21T09:00:00.000 -6643.596595358630 -16.401494230886 -1416.190446772040 -1.21629335313524 -4.86746232632771 5.79326607425947
2025-09-21T09:04:00.000 -6689.757562617810 -1169.760394241790 8.978017949230 0.83432243131142 -4.68499238390136 6.01026767643244
2025-09-21T09:08:00.000 -6247.885924941780 -2237.767048867660 1433.477817348740 2.82552202015932 -4.16050043634243 5.78762346046647
2025-09-21T09:12:00.000 -5350.026306268300 -3142.443880582240 2753.064783409120 4.61075782261458 -3.33230813993857 5.14138559222030
2025-09-21T09:16:00.000 -4061.753378798300 -3817.804971375100 3871.193694452260 6.05896338626603 -2.26133625490002 4.11921342836893
2025-09-21T09:20:00.000 -2477.235653863000 -4214.728406175660 4706.190230920770 7.06441155938796 -1.02628000299856 2.79656463980057
2025-09-21T09:24:00.000 -712.165370058280 -4304.497718745610 5197.239844047650 7.55450192320845 0.28262685703732 1.27058750124487
2025-09-21T09:28:00.000 1104.790888047620 -4080.777064888750 5308.699832745420 7.49424985269897 1.57022169820022 -0.34732809483212
2025-09-21T09:32:00.000 2841.326876491590 -3559.987842042170 5032.595918270220 6.88847101655257 2.74313842924520 -1.93939203335482
2025-09-21T09:36:00.000 4371.050611227880 -2780.084732678930 4389.148692894640 5.78132259552387 3.71635977845226 -3.38983496831681
2025-09-21T09:40:00.000 5582.597415791900 -1797.819478207240 3425.301822206010 4.25315840535705 4.41918149827880 -4.59303892161331
2025-09-21T09:44:00.000 6387.715740720960 -684.673375466151 2211.369136088070 2.41513762181022 4.80034266634837 -5.46106748131954
2025-09-21T09:48:00.000 6727.779089193700 478.316431385857 835.970935898523 0.40149832499779 4.83201159426945 -5.93031983314043
2025-09-21T09:52:00.000 6578.168707493380 1606.494034017710 -600.461463533929 -1.64040094080827 4.51208031320895 -5.96661670609163
2025-09-21T09:56:00.000 5950.095974005470 2617.832391162800 -1993.115354183400 -3.56125684093135 3.86442430273498 -5.56787362781153
2025-09-21T10:00:00.000 4889.685140322810 3438.975668058820 -3240.561458204110 -5.22128534934850 2.93691945984266 -4.76412930192294
2025-09-21T10:04:00.000 3474.413640934120 4010.565447616870 -4252.190278401240 -6.50058733552247 1.79755665595632 -3.61486899864527
2025-09-21T10:08:00.000 1807.278209589980 4291.453799926070 -4954.731405104050 -7.30760281710846 0.52912084334685 -2.20412776845318
2025-09-21T10:12:00.000 9.234545743596 4261.527648395260 -5297.398463306590 -7.58500098215109 -0.77693688832997 -0.63408953717867
2025-09-21T10:16:00.000 -1789.473578187330 3923.025832534980 -5255.392451189000 -7.31309458153112 -2.02685550238825 0.98211927795526
2025-09-21T10:20:00.000 -3458.532729569570 3300.338864623650 -4831.604342890160 -6.51096915390096 -3.13083617215325 2.52818986124258
2025-09-21T10:24:00.000 -4876.758611194200 2438.326332153960 -4056.448303149930 -5.23525241990173 -4.00906524782339 3.89233117457397
2025-09-21T10:28:00.000 -5940.765829039010 1399.240236572040 -2985.856588841520 -3.57688958446605 -4.59731896624032 4.97498519451582
2025-09-21T10:32:00.000 -6572.554803399260 258.378935368220 -1697.442824993730 -1.65533443054145 -4.85180974872275 5.69616915792570
2025-09-21T10:36:00.000 -6725.438650616690 -901.285542801955 -285.018857131423 0.38948019783080 -4.75289884919442 6.00184478151223
2025-09-21T10:40:00.000 -6387.744017232280 -1995.191787253010 1148.242334339610 2.40759011642676 -4.30710253033618 5.86861522372638
2025-09-21T10:44:00.000 -5583.848665805910 -2943.472681924840 2497.463574964840 4.25046997330902 -3.54682145664405 5.30580905120742
2025-09-21T10:48:00.000 -4372.438905416750 -3676.930613065810 3663.908881239810 5.78264886254484 -2.52797867219002 4.35493638998153
2025-09-21T10:52:00.000 -2842.077504829300 -4142.175517693560 4562.341275697080 6.89215403481006 -1.32549105078306 3.08620375630645
2025-09-21T10:56:00.000 -1104.546445028700 -4305.496291262670 5127.282227156000 7.49863526701882 -0.02735078805698 1.59294825523276
2025-09-21T11:00:00.000 713.450391249872 -4155.211599033940 5317.704287371160 7.55873322118371 1.27195425912017 -0.01569029597399
2025-09-21T11:04:00.000 2479.521189709470 -3702.419283817400 5119.885104875440 7.06860168935306 2.47821869947036 -1.62265284674315
2025-09-21T11:08:00.000 4065.117640884960 -2980.139834696420 4548.338402665260 6.06395502670089 3.50400457060924 -3.11105740554061
2025-09-21T11:12:00.000 5354.810760339150 -2040.943746219400 3644.777231087480 4.61777654866113 4.27482561308643 -4.37251243732066
2025-09-21T11:16:00.000 6254.671893288310 -953.172027403659 2475.117984838430 2.83520847444471 4.73454664693266 -5.31492250623527
2025-09-21T11:20:00.000 6699.161735370460 203.995430019759 1124.736589409370 0.84630085010106 4.84957900957431 -5.86926606213982
2025-09-21T11:24:00.000 6656.019669259370 1346.319286475840 -307.760029983351 -1.20341604398247 4.61165612611732 -5.99505642387217
2025-09-21T11:28:00.000 6128.673261532990 2390.712459596190 -1717.821572076320 -3.16398345492786 4.03859013580006 -5.68357683896301
2025-09-21T11:32:00.000 5155.916963644100 3261.370839798810 -3002.705223469530 -4.89253497817588 3.17283955433050 -4.95846711230949
2025-09-21T11:36:00.000 3808.893006040420 3895.305517468600 -4069.031117379580 -6.26402866411552 2.07800601101117 -3.87353697277724
2025-09-21T11:40:00.000 2185.705138983160 4246.835656430740 -4839.525237633970 -7.18011549398084 0.83378568167921 -2.50829067584335
2025-09-21T11:44:00.000 404.183084510414 4290.748572431330 -5258.476646086250 -7.57563194743487 -0.46998419295774 -0.96178635378791
2025-09-21T11:48:00.000 -1406.606748686240 4023.977186308220 -5295.587023806590 -7.42254974825560 -1.73966418517633 0.65450238911140
2025-09-21T11:52:00.000 -3115.500806159350 3465.752618649750 -4948.047022692270 -6.73150340593170 -2.88409552320650 2.22424632513324
2025-09-21T11:56:00.000 -4598.498401009950 2656.275778658670 -4240.769557521340 -5.55125880788837 -3.82070108041754 3.63408907701000
2025-09-21T12:00:00.000 -5747.599798808280 1653.956839627600 -3224.735570005320 -3.96571773248707 -4.48119471475419 4.78139482729816
2025-09-21T12:04:00.000 -6478.677629376420 531.370490823119 -1973.532523620490 -2.08886195383596 -4.81662167961222 5.58162528653415
2025-09-21T12:08:00.000 -6737.822618513240 -629.902917674742 -578.183200222688 -0.05704290771260 -4.80143491745402 5.97501301637656
2025-09-21T12:12:00.000 -6505.565845058050 -1745.220629052290 859.442504607866 1.98089268890125 -4.43590790614604 5.93160714801007
2025-09-21T12:16:00.000 -5798.530748573230 -2733.161367982280 2234.166124231260 3.87498374062689 -3.74648161104507 5.45402335793028
2025-09-21T12:20:00.000 -4668.283079100230 -3521.617334977380 3445.370357845050 5.48592753161789 -2.78380631862482 4.57739759866702
2025-09-21T12:24:00.000 -3197.449808377780 -4053.151554887320 4404.509594107760 6.69582099470592 -1.61866171384006 3.36649328653966
2025-09-21T12:28:00.000 -1493.501717519810 -4289.190182765320 5041.632347615240 7.41678706949277 -0.33646217946716 1.91048311443443
2025-09-21T12:32:00.000 319.253017207437 -4212.759825326860 5310.433756330620 7.59713582527775 0.96935933349067 0.31594972337347
2025-09-21T12:36:00.000 2108.769287496890 -3829.602035866180 5191.493349924470 7.22439469389885 2.20405373497421 -1.30097239316857
2025-09-21T12:40:00.000 3744.798940975080 -3167.688802485150 4693.594553324250 6.32587341183309 3.27819345382650 -2.82277423860775
2025-09-21T12:44:00.000 5108.247407978360 -2275.198385635930 3853.072123295910 4.96672231853987 4.11379254416899 -4.13868931922457
2025-09-21T12:48:00.000 6099.809976203450 -1217.079337741050 2731.240547810600 3.24576550297220 4.64998499117523 -5.15262980292807
2025-09-21T12:52:00.000 6647.261761694840 -70.354638411453 1409.979150403550 1.28849145117734 4.84764782521889 -5.79038088531867
2025-09-21T12:56:00.000 6710.814353767770 1081.491386012900 -14.230907240088 -0.76194356587118 4.69243624628022 -6.00529499255416
2025-09-21T13:00:00.000 6286.092593039570 2154.654141267530 -1437.423110858340 -2.75549042944958 4.19606097584199 -5.78205909995598
2025-09-21T13:04:00.000 5404.406294039850 3071.193990492030 -2755.851709764960 -4.54671668559136 3.39535316608867 -5.13777271090680
2025-09-21T13:08:00.000 4130.308450161690 3764.748610698030 -3873.636197774700 -6.00578571420765 2.34928683550526 -4.12041055566776
2025-09-21T13:12:00.000 2556.672947551580 4185.295778611480 -4709.726144488310 -7.02788497703716 1.13416034749649 -2.80471793223417
2025-09-21T13:16:00.000 797.803281353659 4302.636174577670 -5203.648529855440 -7.54021347410967 -0.16215784951727 -1.28633635458758
2025-09-21T13:20:00.000 -1018.838379185820 4108.421249952760 -5319.699689692490 -7.50645076439442 -1.44649454773912 0.32517914042054
2025-09-21T13:24:00.000 -2761.683356590100 3616.669780891820 -5049.391475411930 -6.92885210738712 -2.62668298448387 1.91387893684766
2025-09-21T13:28:00.000 -4304.332682861040 2862.783443510770 -4412.054735936840 -5.84803835238835 -3.61767990721747 3.36516923233438
2025-09-21T13:32:00.000 -5534.539267078370 1901.133894183760 -3453.586903602460 -4.34074753578004 -4.34740917918325 4.57355808479964
2025-09-21T13:36:00.000 -6362.355548999860 801.293008454442 -2243.345228199640 -2.51507388415666 -4.76206658506889 5.45025657402333
2025-09-21T13:40:00.000 -6726.851404694060 -356.878903895398 -869.298634538242 -0.50335890815063 -4.83034198415587 5.92999411064237
2025-09-21T13:44:00.000 -6600.845679361850 -1489.017000170960 568.301649555646 1.54725372351759 -4.54632392069697 5.97643675202665
2025-09-21T13:48:00.000 -5993.144160705340 -2512.489557442730 1964.309048140960 3.48595210483362 -3.93033390600745 5.58545802430415
2025-09-21T13:52:00.000 -4948.008448005600 -3352.578425567890 3216.539823214780 5.17005207646418 -3.02756890497708 4.78572892194854
2025-09-21T13:56:00.000 -3541.836652395390 -3948.050392295420 4233.418847549870 6.47614173679704 -1.90443660357971 3.63635629212375
2025-09-21T14:00:00.000 -1877.395470160010 -4255.643238927290 4940.741562829460 7.30921458774372 -0.64332017180911 2.22200839182000
2025-09-21T14:04:00.000 -76.158605367356 -4253.161259170810 5287.050835907620 7.60928201204887 0.66373837123266 0.64637894167066
2025-09-21T14:08:00.000 1730.623998931110 -3940.976476588330 5247.282693982940 7.35524206058976 1.92182671715937 -0.97565371378294
2025-09-21T14:12:00.000 3411.430609431690 -3341.921127068730 4824.473192387830 6.56590806918723 3.03979279036974 -2.52615736793735
2025-09-21T14:16:00.000 4843.929406577200 -2499.611711954210 4049.504245043110 5.29860121918228 3.93659142236858 -3.89238541394895
2025-09-21T14:20:00.000 5923.801822135870 -1475.327861242050 2978.896952264080 3.64528875302794 4.54695091024460 -4.97468963237552
2025-09-21T14:24:00.000 6572.373318784820 -343.623593710086 1690.777006038620 1.72645604376709 4.82626977455660 -5.69384034965739
2025-09-21T14:28:00.000 6742.458477838570 813.100215268015 279.200383619461 -0.31759472614071 4.75419713127793 -5.99719181353197
2025-09-21T14:32:00.000 6421.884839055330 1910.658442218460 -1152.771601473560 -2.33725512215132 4.33632695651808 -5.86284294579208
2025-09-21T14:36:00.000 5634.362768433060 2869.300125975680 -2500.706919997520 -4.18503413721198 3.60376534000374 -5.30133473679096
2025-09-21T14:40:00.000 4437.612919328230 3619.562093575510 -3666.520182571340 -5.72678772081933 2.61053150772472 -4.35461064545061
2025-09-21T14:44:00.000 2918.950887013820 4107.274539962390 -4565.622953903170 -6.85150501519662 1.42922453278894 -3.09241718196272
2025-09-21T14:48:00.000 1188.767527160880 4297.373618311430 -5132.957029834180 -7.47895874241948 0.14543830745605 -1.60669694782691
2025-09-21T14:52:00.000 -627.505633799756 4176.273137660600 -5327.520271688370 -7.56465360976670 -1.14847893644819 -0.00477617195341
2025-09-21T14:56:00.000 -2398.326702365900 3752.736833376650 -5135.174520829990 -7.10240375349691 -2.35967230488114 1.59807189682463
2025-09-21T15:00:00.000 -3995.323002333880 3057.251446231810 -4569.633252202150 -6.12468110381977 -3.40099110271838 3.08632867196671
2025-09-21T15:04:00.000 -5302.387156590680 2139.939928026880 -3671.580439598820 -4.70072342780778 -4.19689321666617 4.35204954246055
2025-09-21T15:08:00.000 -6224.050690581600 1067.119258883110 -2505.934761848560 -2.93240440675959 -4.68881985185570 5.30244431460078
2025-09-21T15:12:00.000 -6692.585090399030 -83.359797057368 -1157.358286100860 -0.94770443258414 -4.83991165486880 5.86689533775661
2025-09-21T15:16:00.000 -6673.218092695340 -1227.744212450500 275.811489364249 1.10842366311918 -4.63820672002120 6.00287072709609
2025-09-21T15:20:00.000 -6166.927254212890 -2282.541809741850 1688.790470983510 3.08491825830177 -4.09789036027625 5.69959057481966
2025-09-21T15:24:00.000 -5210.511489850750 -3170.743395840350 2978.158029109140 4.83630162012277 -3.25847332758618 4.97914729715927
2025-09-21T15:28:00.000 -3873.864337829410 -3827.575663894770 4049.594291983490 6.23405691554456 -2.18172037821314 3.89476540159776
2025-09-21T15:32:00.000 -2254.694195988180 -4205.276992377060 4824.873387424920 7.17632662200876 -0.94669096862372 2.52642046404783
2025-09-21T15:36:00.000 -471.209232616067 -4276.531887634300 5247.556228138950 7.59510895406458 0.35637914577346 0.97451101160507
2025-09-21T15:40:00.000 1346.593182090560 -4036.355169521340 5287.003874674180 7.46066972240235 1.63277217392651 -0.64767750966168
2025-09-21T15:44:00.000 3066.367242627750 -3502.358864358850 4940.497428141060 6.78323007554079 2.78998435054007 -2.22215371090952
2025-09-21T15:48:00.000 4562.950041988950 -2713.447336024380 4233.375158635130 5.61207520209598 3.74412741966954 -3.63445365940979
2025-09-21T15:52:00.000 5727.383709035780 -1727.021022397860 3217.216042309220 4.03218959541551 4.42588147956282 -4.78167316177510
2025-09-21T15:56:00.000 6474.845386994860 -614.856895044531 1966.160343677070 2.15858274322934 4.78551591160434 -5.57989752517605
2025-09-21T16:00:00.000 6750.919185528790 542.084725799221 571.540917773500 0.12807677544896 4.79673989355295 -5.97068179636657
2025-09-21T16:04:00.000 6535.664179883240 1659.587823738630 -864.808403303249 -1.91064931627732 4.45895428009891 -5.92558076402315
2025-09-21T16:08:00.000 5845.100172005360 2656.416366682710 -2238.099533534560 -3.80858324965118 3.79738549591010 -5.44856707651674
2025-09-21T16:12:00.000 4729.903524931210 3460.287924418240 -3448.352648556470 -5.42774024210173 2.86091400996476 -4.57541881368785
2025-09-21T16:16:00.000 3271.508869578830 4013.111431845270 -4407.705141532060 -6.65133916365384 1.71812691274608 -3.37061318621943
2025-09-21T16:20:00.000 1575.996761798580 4275.095298404560 -5046.702110905800 -7.39190875417678 0.45195336098926 -1.92206661897042
2025-09-21T16:24:00.000 -233.657200218219 4227.471236626040 -5319.158549380130 -7.59687456001440 -0.84638286031287 -0.33459867270834
2025-09-21T16:28:00.000 -2026.383570083860 3873.722889675840 -5205.332632860350 -7.25165067667201 -2.08371772899467 1.27751707149448
2025-09-21T16:32:00.000 -3672.268264994540 3239.310049920740 -4713.282014357550 -6.38041644215014 -3.17110206784433 2.79818444318685
2025-09-21T16:36:00.000 -5051.739603466210 2369.930319145080 -3878.366575592720 -5.04476702971331 -4.02981104703919 4.11727869615809
2025-09-21T16:40:00.000 -6064.156555257490 1328.383584009590 -2760.886816262780 -3.34005141989563 -4.59692838231357 5.13833911920949
2025-09-21T16:44:00.000 -6635.229920461550 190.179610047442 -1441.928120270960 -1.38929835114833 -4.83017393364119 5.78575356143254
2025-09-21T16:48:00.000 -6722.691529632590 -961.869940717321 -17.596040486374 0.66525523698340 -4.71143632661821 6.01084318885961
2025-09-21T16:52:00.000 -6319.686123299550 -2043.728230605130 1408.008173492420 2.67267690845574 -4.24879394514947 5.79618809222080
2025-09-21T16:56:00.000 -5455.431638790080 -2976.421511393000 2730.551834472940 4.48527816931279 -3.47605142542780 5.15730855011948
2025-09-21T17:00:00.000 -4193.049191109170 -3691.916694939470 3853.273779104630 5.97000443120873 -2.44998239141227 4.14133432797510
2025-09-21T17:04:00.000 -2624.820978058020 -4138.141919923730 4694.163053571920 7.01843285296778 -1.24595323687446 2.82323104551169
2025-09-21T17:08:00.000 -865.275270234982 -4282.769780296820 5191.963455087790 7.55470322325125 0.04793406992667 1.29984388783959
2025-09-21T17:12:00.000 957.297022127464 -4115.478105014610 5310.549407632920 7.54056399185233 1.33753669096550 -0.31755970738626
2025-09-21T17:16:00.000 2710.178958136420 -3648.593363593010 5041.435586375230 6.97754394736047 2.52936115903691 -1.91126631133496
2025-09-21T17:20:00.000 4265.792049484880 -2916.152500751370 4404.334447476310 5.90667966395058 3.53703372293605 -3.36539908293665
2025-09-21T17:24:00.000 5510.890151750890 -1971.451376442770 3445.727583091720 4.40568098497541 4.28739783506815 -4.57406898231450
2025-09-21T17:28:00.000 6354.780116483960 -883.225015641419 2235.554714577210 2.58374826065578 4.72573619890835 -5.44890124391654
2025-09-21T17:32:00.000 6736.019760061380 269.312271488846 862.160848494701 0.57391545491734 4.82005020146596 -5.92589436350128
2025-09-21T17:36:00.000 6626.978460332020 1402.268531306060 -574.178211919130 -1.47682185921729 4.56360729642206 -5.97025947012168
2025-09-21T17:40:00.000 6035.901005543510 2433.252150376480 -1968.646705209230 -3.41841157621711 3.97559194747199 -5.57925660640803
2025-09-21T17:44:00.000 5006.232101729860 3287.455173181600 -3219.674755266390 -5.10949726102946 3.09955526174109 -4.78241093100072
2025-09-21T17:48:00.000 3613.231337996720 3903.099473214020 -4236.389869900400 -6.42790779064939 1.99979780426084 -3.63871181204621
2025-09-21T17:52:00.000 1958.295057015850 4235.829291070830 -4945.149787598220 -7.27922622772040 0.75626113943674 -2.23179574827908
2025-09-21T17:56:00.000 161.512606056135 4261.771201564520 -5294.719548673110 -7.60292738269581 -0.54132998138920 -0.66359683244322
2025-09-21T18:00:00.000 -1646.959823008570 3979.128642259360 -5259.804497262790 -7.37605013538240 -1.79979837376309 0.95289373089844
2025-09-21T18:04:00.000 -3336.110270339880 3408.249788748220 -4842.786344590950 -6.61443291443810 -2.92878802899721 2.50133130124056
2025-09-21T18:08:00.000 -4783.314497622240 2590.233129403290 -4073.598585484650 -5.37181831687745 -3.84672907469235 3.86976017559392
2025-09-21T18:12:00.000 -5883.105522203120 1584.120258611270 -3007.740343292280 -3.73671699651620 -4.48657160617157 4.95835523764981
2025-09-21T18:16:00.000 -6554.900402937530 462.788933630267 -1722.475464558030 -1.82685797472359 -4.80082671951737 5.68672541978571
2025-09-21T18:20:00.000 -6749.106451397020 -692.242167995792 -311.376418683014 0.21876807568482 -4.76552080775280 6.00032171431455
2025-09-21T18:24:00.000 -6451.028811786820 -1796.772029556900 1122.487800947910 2.25019164954423 -4.38247345351256 5.87512687973133
2025-09-21T18:28:00.000 -5682.149182243960 -2770.166822007160 2474.191755422030 4.11785166396143 -3.67945746701634 5.31986771151759
2025-09-21T18:32:00.000 -4498.602441159800 -3541.402213816780 3644.824217101920 5.68450301358835 -2.70822658043166 4.37556586524798
2025-09-21T18:36:00.000 -2986.905970177510 -4054.330220900790 4548.852464616220 6.83572308578866 -1.54015049155376 3.11190774717810
2025-09-21T18:40:00.000 -1257.467362366050 -4271.742161319260 5120.376461052370 7.48802604628982 -0.26068249844448 1.62174898200776
2025-09-21T18:44:00.000 563.580909490179 -4177.999916772380 5317.869686845990 7.59459587540400 1.03697870996470 0.01408026917918
2025-09-21T18:48:00.000 2343.601214718430 -3780.085793434420 5127.099791928150 7.14827991157693 2.25866502662989 -1.59403539637388
2025-09-21T18:52:00.000 3953.030936714230 -3107.031947452810 4562.071276888550 6.18167455926301 3.31585545696204 -3.08569911942960
2025-09-21T18:56:00.000 5274.703471969250 -2207.820880361820 3664.012194264560 4.76491208266398 4.13180336935537 -4.35229485429026
2025-09-21T19:00:00.000 6212.348507425170 -1147.880041108180 2498.441013887810 3.00101467893895 4.64705615875032 -5.30127193021249
2025-09-21T19:04:00.000 6697.676546214680 -4.369110866918 1150.446739073450 1.01874108580728 4.82395855672905 -5.86314527878971
2025-09-21T19:08:00.000 6695.463076874370 1139.462453954480 -281.536283993242 -1.03686867870819 4.64976317454419 -5.99692983744424
2025-09-21T19:12:00.000 6206.154383832730 2200.413959313810 -1693.000263467520 -3.01549188296585 4.13761086027644 -5.69331089815523
2025-09-21T19:16:00.000 5265.772379231510 3101.458125236990 -2981.092667166070 -4.77287510584403 3.32547252213216 -4.97530136009236
2025-09-21T19:20:00.000 3943.122406518770 3777.376358621020 -4052.189738622280 -6.18178938088797 2.27309879324944 -3.89622164025978
2025-09-21T19:24:00.000 2334.564918985800 4179.431529095900 -4828.670888811170 -7.14116372816399 1.05717502813903 -2.53519797506486
2025-09-21T19:28:00.000 556.887934555182 4278.751214351650 -5254.396672783500 -7.58272793878692 -0.23444838150867 -0.99099654742592
2025-09-21T19:32:00.000 -1261.111398111110 4068.268895934350 -5298.589030473370 -7.47517824433144 -1.50895953980418 0.62504426906577
2025-09-21T19:36:00.000 -2987.762000345060 3563.157507768900 -4957.939225316820 -6.82596795140326 -2.67488703612675 2.19663412032913
2025-09-21T19:40:00.000 -4497.804812539580 2799.767631336450 -4256.865767466160 -5.68081749894517 -3.64819651866745 3.61031022610303
2025-09-21T19:44:00.000 -5681.307914405640 1833.153123738390 -3245.904007418720 -4.12111557060687 -4.35800010963682 4.76316952658822
2025-09-21T19:48:00.000 -6451.676585229480 733.264663205518 -1998.265900301090 -2.25889618148250 -4.75185143533769 5.57033639626716
2025-09-21T19:52:00.000 -6752.154950474070 -420.008167487681 -604.699047447254 -0.22934522449555 -4.79996659001107 5.97154799343085
2025-09-21T19:56:00.000 -6560.260679852120 -1542.640986955670 833.071314974510 1.81890898757284 -4.49798197815020 5.93628292001286
2025-09-21T20:00:00.000 -5889.658561691590 -2552.704367905350 2209.872059090540 3.73523810065489 -3.86763070238300 5.46655184887250
2025-09-21T20:04:00.000 -4789.234631058810 -3376.478478810780 3424.940252482070 5.37867374424219 -2.95516595921837 4.59687691403155
2025-09-21T20:08:00.000 -3339.429080993880 -3953.941928481150 4389.452612585520 6.62892997488963 -1.82770111979873 3.39152331071084
2025-09-21T20:12:00.000 -1646.159652083110 -4243.160811674550 5033.065447420010 7.39524206276226 -0.56786424210054 1.93918404988905
2025-09-21T20:16:00.000 167.057566016775 -4223.262451759510 5308.974055812340 7.62249465897005 0.73256013374576 0.34609216074410
2025-09-21T20:20:00.000 1968.123301539810 -3895.850056755320 5197.212575400600 7.29466741019639 1.97914685673887 -1.27165949531732
2025-09-21T20:24:00.000 3625.916170573170 -3284.837126679550 4706.036248980550 6.43584875450610 3.08151946088879 -2.79640326831553
2025-09-21T20:28:00.000 5019.745346754840 -2434.700414796680 3871.297387376200 5.10836764697715 3.95968279526617 -4.11715428340164
2025-09-21T20:32:00.000 6048.084538905710 -1407.299442154430 2753.893377256860 3.40870174645384 4.54967116292508 -5.13749153300791
2025-09-21T20:36:00.000 6636.012668038640 -277.427320180625 1435.386156622470 1.46079431798923 4.80836642142026 -5.78269850482244
2025-09-21T20:40:00.000 6740.791079622270 872.639599102197 12.069884788736 -0.59279006475253 4.71697280031912 -6.00557247859162
2025-09-21T20:44:00.000 6355.051565387950 1959.208567496290 -1412.146181639230 -2.60176788106490 4.28254644302134 -5.79025588162745
2025-09-21T20:48:00.000 5507.277351692500 2903.344560603950 -2733.436023943720 -4.41955616138830 3.53741430212117 -5.15326758365320
2025-09-21T20:52:00.000 4259.571823616010 3636.657049189600 -3855.702434324740 -5.91432664966751 2.53651157497795 -4.14203169815704
2025-09-21T20:56:00.000 2702.924247343180 4106.222674996940 -4697.562854826780 -6.97861597565709 1.35293747748871 -2.83089518196495
2025-09-21T21:00:00.000 950.438946888371 4278.290683793480 -5198.131363707530 -7.53659084495287 0.07237233929675 -1.31521879810000
2025-09-21T21:04:00.000 -870.869047397425 4140.568584520210 -5321.237890619690 -7.54872843583724 -1.21309948866506 0.29561465478529
2025-09-21T21:08:00.000 -2629.101107656060 3703.004630687760 -5057.899240002190 -7.01404312432036 -2.41125156625605 1.88570624303697
2025-09-21T21:12:00.000 -4196.773431111180 2997.085196653700 -4426.953960360180 -5.97012736585871 -3.43583271147026 3.34040561595754
2025-09-21T21:16:00.000 -5459.859649533900 2073.689542993420 -3473.836693449110 -4.49100527747591 -4.21243416346030 4.55400993620318
2025-09-21T21:20:00.000 -6326.053820539850 999.586972519736 -2267.509982601130 -2.68269657942344 -4.68388978961729 5.43739068533709
2025-09-21T21:24:00.000 -6731.656320749080 -147.267322778396 -895.642270995965 -0.67619693325600 -4.81480558773454 5.92482750145952
2025-09-21T21:28:00.000 -6646.495023430120 -1283.366107430770 541.692191709632 1.38180782543538 -4.59468356981040 5.97941103948763
2025-09-21T21:32:00.000 -6076.393743618090 -2325.816373892590 1939.381277511360 3.33999558001534 -4.03916811316197 5.59642833082215
2025-09-21T21:36:00.000 -5062.853554524530 -3198.534208051880 3195.136731782850 5.05434897469912 -3.18897714516815 4.80395543664262
2025-09-21T21:40:00.000 -3679.937607165520 -3837.904832485040 4217.130961730340 6.39923943893708 -2.10659936788858 3.66048928448564
2025-09-21T21:44:00.000 -2028.702078766070 -4197.451285193400 4930.780544210130 7.27675608268957 -0.87144530359530 2.25027323665216
2025-09-21T21:48:00.000 -229.643883253164 -4251.177552713010 5284.158305745360 7.62370408507321 0.42634040453643 0.67663822082137
2025-09-21T21:52:00.000 1586.154943873690 -3995.339293529540 5251.658774772900 7.41547733839441 1.69256056126101 -0.94573612896690
2025-09-21T21:56:00.000 3286.493353203520 -3448.643668274780 4835.758090973910 6.66741377236960 2.83538995441943 -2.49886034041338
2025-09-21T22:00:00.000 4747.580486184380 -2650.898287012490 4066.825322363760 5.43386355811028 3.77188835263007 -3.86968192874134
2025-09-21T22:04:00.000 5862.997768416940 -1660.149443560050 3000.952175902650 3.80442106260700 4.43390470842734 -4.95817766771693
2025-09-21T22:08:00.000 6551.473802763980 -548.513776304836 1715.930744984530 1.89782471207485 4.77309416093378 -5.68467760321244
2025-09-21T22:12:00.000 6762.909214769970 603.061413558368 305.606062847240 -0.14648094621920 4.76471837760089 -5.99597487223535
2025-09-21T22:16:00.000 6482.123496926310 1710.749434739950 -1127.037340255610 -2.17881501659627 4.40968629578820 -5.86961668366803
2025-09-21T22:20:00.000 5729.945524162760 2694.038432252280 -2477.512850842630 -4.05072995569984 3.73452683325133 -5.31559520682674
2025-09-21T22:24:00.000 4561.542655789190 3481.649274765550 -3647.545548519360 -5.62628997097941 2.78910346369445 -4.37529307643376
2025-09-21T22:28:00.000 3062.196745172050 4016.684269687930 -4552.233368863350 -6.79199157164497 1.64260127763248 -3.11799223859849
2025-09-21T22:32:00.000 1340.929695694420 4260.641830607720 -5126.111518622830 -7.46459875329319 0.37816458914422 -1.63533313924310
2025-09-21T22:36:00.000 -477.444435056603 4196.048653377850 -5327.716957093250 -7.59641515795769 -0.91315217106336 -0.03448738068707
2025-09-21T22:40:00.000 -2261.232545326090 3827.603537495870 -5142.425953014410 -7.17806632489559 -2.13868806352874 1.56934170844892
2025-09-21T22:44:00.000 -3881.152107493170 3181.817888123550 -4583.456643686340 -6.23891399187754 -3.21033156013230 3.06062296199605
2025-09-21T22:48:00.000 -5219.474167427060 2305.208635238450 -3691.019349215070 -4.84540936238046 -4.05045412336848 4.33124987820799
2025-09-21T22:52:00.000 -6178.495258355230 1261.111080254130 -2529.617528138880 -3.09714588508354 -4.59738773837663 5.28810772281325
2025-09-21T22:56:00.000 -6687.790514810450 125.250786667648 -1183.588085804440 -1.12056412261341 -4.81029021688986 5.86015239952035
2025-09-21T23:00:00.000 -6709.622603864570 -1019.717164168320 248.939241569390 0.94006912341296 -4.67267646390859 6.00430474710671
2025-09-21T23:04:00.000 -6241.953781308620 -2090.279952277560 1663.243968048210 2.93340206474789 -4.19400110088178 5.70914250911996
2025-09-21T23:08:00.000 -5318.752915946530 -3008.290114651940 2955.818123746170 4.71273744718057 -3.40924730521846 4.99615926980895
2025-09-21T23:12:00.000 -4007.472599409860 -3706.803245103530 4032.115335941240 6.14754103473039 -2.37615909996166 3.91801611902111
2025-09-21T23:16:00.000 -2403.947931833830 -4135.012613161270 4813.555066402560 7.13327193747430 -1.17055824185033 2.55417555217983
2025-09-21T23:20:00.000 -625.233241178731 -4261.901326670540 5243.231292724280 7.59865413031048 0.11947491285773 1.00466985439397
2025-09-21T23:24:00.000 1199.022136098070 -4078.417030206680 5289.979862069270 7.51057316740603 1.40014315583163 -0.61738675465493
2025-09-21T23:28:00.000 2936.000378037840 -3598.022332895200 4950.524976136210 6.87579296867739 2.57868085919421 -2.19406081434434
2025-09-21T23:32:00.000 4459.253648860710 -2855.697609114630 4249.665934152440 5.74036877503040 3.56957768118134 -3.61067611349445
2025-09-21T23:36:00.000 5657.838789312940 -1905.456443499040 3238.524530320970 4.18674365818499 4.30071898367872 -4.76388789059986
2025-09-21T23:40:00.000 6444.424915602330 -816.463054592427 1990.888571119550 2.32806993025709 4.71874876434504 -5.56934142173058
2025-09-21T23:44:00.000 6761.741057789640 331.984183617784 597.862834359334 0.30018396741503 4.79314524474109 -5.96802701321799
2025-09-21T23:48:00.000 6586.852524068240 1456.270417929020 -838.818283984278 -1.74841908814863 4.51870876376125 -5.93098144610248
2025-09-21T23:52:00.000 5932.850026833410 2474.639345305360 -2214.335026684180 -3.66797838418346 3.91602054155469 -5.46159101240240
2025-09-21T23:56:00.000 4847.771321964390 3313.216299329850 -3428.534437481970 -5.31887151725844 3.02971602700276 -4.59507126674865
2025-09-22T00:00:00.000 3410.891961192350 3911.374058565290 -4393.256811716400 -6.58198275751876 1.92480349884431 -3.39543264587697
2025-09-22T00:04:00.000 1726.764715769230 4226.027826125320 -5038.654359448920 -7.36695096968184 0.68153098697170 -1.95026916208358
2025-09-22T00:08:00.000 -82.431491049168 4234.602178430480 -5318.086221451100 -7.61802555804295 -0.61046881872200 -0.36418500280975
2025-09-22T00:12:00.000 -1885.645371282440 3936.533952722980 -5211.323326081870 -7.31737758012052 -1.85843453754609 1.24858466624700
2025-09-22T00:16:00.000 -3552.221562751280 3353.272892194250 -4725.936081805820 -6.48610154625593 -2.97271476952562 2.77192051009488
2025-09-22T00:20:00.000 -4961.130180417800 2526.809367231390 -3896.810061905970 -5.18292326609792 -3.87275738545009 4.09560419668422
2025-09-22T00:24:00.000 -6009.628097434410 1516.808757795460 -2783.812749369010 -3.50074950358273 -4.49272207823517 5.12289793990726
2025-09-22T00:28:00.000 -6620.821515109240 396.459038323282 -1467.688969453810 -1.56089877878978 -4.78652406436421 5.77771818735678
2025-09-22T00:32:00.000 -6749.532204409150 -752.761140863250 -44.326564827954 0.49522414109579 -4.73168099807799 6.01086456100928
2025-09-22T00:36:00.000 -6385.889329017860 -1847.055706188210 1382.264684249970 2.51672175060496 -4.33155289878336 5.80434916572903
2025-09-22T00:40:00.000 -5556.210531946820 -2806.550082937410 2707.688932966850 4.35487155587487 -3.61526070479737 5.17300052098226
2025-09-22T00:44:00.000 -4321.085573714610 -3561.249171399760 3834.969377434990 5.87465415713211 -2.63547316546809 4.16340286828733
2025-09-22T00:48:00.000 -2770.807251421110 -4056.220409137000 4681.766754523450 6.96512999206999 -1.46418560800880 2.85009506360478
2025-09-22T00:52:00.000 -1018.580004904860 -4255.571958032080 5186.391928636330 7.54739496008759 -0.18706142249681 1.32948759148386
2025-09-22T00:56:00.000 807.842218417056 -4144.977447214730 5312.202205098200 7.57975176088111 1.10294909886582 -0.28737535437127
2025-09-22T01:00:00.000 2575.454466568180 -3732.625326021890 5050.173017148680 7.06035713975213 2.31230106868588 -1.88278476662922
2025-09-22T01:04:00.000 4155.597047555410 -3048.566240695290 4419.486453475900 6.02700935863825 3.35338601539965 -3.34075582732722
2025-09-22T01:08:00.000 5433.211881460220 -2142.562277997430 3466.149499738630 4.55465234815784 4.15053011092897 -4.55506837940643
2025-09-22T01:12:00.000 6315.212560545050 -1080.541956885260 2259.715376713420 2.75040751212363 4.64554265265605 -5.43693014242016
2025-09-22T01:16:00.000 6737.358477518440 60.167833009193 888.265956595542 0.74606012142494 4.80226162658516 -5.92173879792289
2025-09-22T01:20:00.000 6669.041667621610 1196.508327434450 -548.040057373385 -1.31165578867391 4.60940956051212 -5.97413875134595
2025-09-22T01:24:00.000 6115.558470993750 2245.817999087450 -1944.380102068070 -3.27220084163257 4.08155671266788 -5.59086846053305
2025-09-22T01:28:00.000 5117.630106286710 3131.932994161080 -3199.037387028940 -4.99280293219256 3.25788869633018 -4.80084753655926
2025-09-22T01:32:00.000 3748.232910829270 3790.737674045630 -4220.860367372870 -6.34907566390177 2.19893687595058 -3.66257869293955
2025-09-22T01:36:00.000 2107.084136725540 4174.735947808530 -4935.830748561010 -7.24384683384333 0.98176263197410 -2.25936819799586
2025-09-22T01:40:00.000 313.298821059559 4256.341661580850 -5292.266606338480 -7.61347125041703 -0.30578087058849 -0.69290378364417
2025-09-22T01:44:00.000 -1503.167022770670 4029.734519958830 -5264.385532901520 -7.43170769976457 -1.57121106006746 0.92393181689163
2025-09-22T01:48:00.000 -3210.719658920650 3511.220448649460 -4854.072971303010 -6.71121076532729 -2.72364990543072 2.47474196949756
2025-09-22T01:52:00.000 -4685.423671472560 2738.112506181140 -4090.791732342710 -5.50283860014892 -3.67991562018589 3.84742862172366
2025-09-22T01:56:00.000 -5819.852739059880 1766.182428743130 -3029.611551616010 -3.89259972543410 -4.37028973621129 4.94195429779750
2025-09-22T02:00:00.000 -6530.924756351150 665.793971474644 -1747.438202420550 -1.99627539210966 -4.74367137866959 5.67753257439747
2025-09-22T02:04:00.000 -6766.178382857090 -483.085032193929 -337.604571441433 0.04822391136798 -4.77172742919375 5.99902796191584
2025-09-22T02:08:00.000 -6507.919228127020 -1596.713347601450 1096.909896235870 2.09094221769208 -4.45163466397178 5.88181384096049
2025-09-22T02:12:00.000 -5774.723567185940 -2593.807398848950 2451.137846007160 3.98157522553105 -3.80657911101283 5.33407981956220
2025-09-22T02:16:00.000 -4620.104731611930 -3401.613318910040 3625.979391831610 5.58118337047133 -2.88398168151834 4.39620600914316
2025-09-22T02:20:00.000 -3128.474335054720 -3961.300397055610 4535.583692562170 6.77283773286023 -1.75166167883876 3.13745245406179
2025-09-22T02:24:00.000 -1408.790537235280 -4232.240098300830 5113.645680987730 7.47011552550450 -0.49250536728685 1.65035773850257
2025-09-22T02:28:00.000 413.520786654416 -4194.890242164540 5318.164684906050 7.62296771059312 0.80173953498001 0.04365200429791
2025-09-22T02:32:00.000 2205.728105037770 -3852.124739219210 5134.386184005480 7.22083882854256 2.03713886951035 -1.56570292971980
2025-09-22T02:36:00.000 3837.374360820540 -3228.961337356560 4575.801091312210 6.29312120313017 3.12417243927087 -3.06066331703463
2025-09-22T02:40:00.000 5189.673730769360 -2370.747205617010 3683.170986366280 4.90712778479635 3.98393454040569 -4.33236701349643
2025-09-22T02:44:00.000 6164.123388676150 -1339.923450032080 2521.617940060060 3.16362337108988 4.55376945497641 -5.28792433402189
2025-09-22T02:48:00.000 6689.742916917740 -211.528275509603 1175.933637348500 1.18982815037920 4.79204221482489 -5.85735711533044
2025-09-22T02:52:00.000 6728.355551725960 932.278829619958 -255.610733654047 -0.86982212533649 4.68145622270916 -5.99906966814773
2025-09-22T02:56:00.000 6277.433775353150 2008.272494805230 -1668.522006337040 -2.86458352432207 4.23049199519211 -5.70315426050506
2025-09-22T03:00:00.000 5370.226454761190 2938.311546701020 -2959.833529265190 -4.64900617241776 3.47273076188983 -4.99211752404929
2025-09-22T03:04:00.000 4073.142196871540 3655.054874723440 -4035.683214798730 -6.09389406966937 2.46396482907204 -3.91876351503383
2025-09-22T03:08:00.000 2480.705234069380 4106.787981140550 -4818.099533297640 -7.09552473091524 1.27777135120209 -2.56181462170725
2025-09-22T03:12:00.000 708.554184014664 4261.033221343030 -5250.512509395730 -7.58259165444069 -0.00011632012846 -1.01976886816605
2025-09-22T03:16:00.000 -1114.903789422920 4106.742773434050 -5301.661033146010 -7.52051991364214 -1.27787463271153 0.59619710174655
2025-09-22T03:20:00.000 -2857.595296126270 3655.017621926740 -4967.735504060650 -6.91348709908139 -2.46379084419185 2.16978525753157
2025-09-22T03:24:00.000 -4393.100580316670 2938.342021720790 -4272.671346076710 -5.80420610553982 -3.47237901754484 3.58738285812023
2025-09-22T03:28:00.000 -5609.657016238630 2008.378826239130 -3266.572148102890 -4.27150856599965 -4.23026782815775 4.74582979039943
2025-09-22T03:32:00.000 -6418.286786645000 932.395270348109 -2022.287950513000 -2.42539325048243 -4.68161411926244 5.55990839990463
2025-09-22T03:36:00.000 -6759.444543763880 -211.486056491841 -630.307402944246 -0.39975050831502 -4.79242608620800 5.96884093987453
2025-09-22T03:40:00.000 -6607.660275578540 -1339.935519663350 807.762233732337 1.65712107741122 -4.55369186743919 5.94144976088354
2025-09-22T03:44:00.000 -5973.662452812760 -2370.594133609570 2186.707640861420 3.59385263637513 -3.98249283026443 5.47914434705205
2025-09-22T03:48:00.000 -4903.672648171550 -3228.231578026290 3405.598995911840 5.26798462034476 -3.12076189183756 4.61593884633992
2025-09-22T03:52:00.000 -3475.921920793790 -3850.347338503530 4375.324151787120 6.55694214899895 -2.03192420429390 3.41562901700268
2025-09-22T03:56:00.000 -1794.738974436510 -4191.744003881050 5025.152261510710 7.36710536765338 -0.79579169886510 1.96655436821559
2025-09-22T04:00:00.000 17.214984174615 -4227.743303575880 5307.826459609150 7.64015831496809 0.49751417073972 0.37476783780172
2025-09-22T04:04:00.000 1827.918832995610 -3955.886410188150 5202.901742067650 7.35683598893696 1.75405335754202 -1.24370425950233
2025-09-22T04:08:00.000 3505.553335362010 -3396.050468605390 4718.143524940600 6.53801705808829 2.88273920954049 -2.77120163707747
2025-09-22T04:12:00.000 4927.987774189730 -2588.993778448120 3888.937453227080 5.24312963332294 3.80165520384231 -4.09653320541796
2025-09-22T04:16:00.000 5991.622211458200 -1593.442530329380 2775.777737950810 3.56627766700494 4.44390597241437 -5.12295893182571
2025-09-22T04:20:00.000 6618.974057101980 -481.869700531135 1459.914597936380 1.62974174049712 4.76257295887595 -5.77533781237087
2025-09-22T04:24:00.000 6764.432108191870 664.782726693927 37.441526466270 -0.42482286766885 4.73447780481342 -6.00593972770850
2025-09-22T04:28:00.000 6417.658991145120 1763.063707507110 -1387.786939652850 -2.44699101111148 4.36203896833777 -5.79826819249318
2025-09-22T04:32:00.000 5604.312826186440 2733.178156609740 -2711.861796615520 -4.28917596574050 3.67308340086266 -5.16832242251553
2025-09-22T04:36:00.000 4384.004927493660 3504.840610451980 -3838.483152234820 -5.81778558970494 2.71847315445905 -4.16304932089370
2025-09-22T04:40:00.000 2845.737096882380 4022.335408400870 -4685.954104658190 -6.92292345841934 1.56794449300746 -2.85634371995114
2025-09-22T04:44:00.000 1101.283375282680 4248.423253596710 -5192.978513764660 -7.52575490331215 0.30478635523101 -1.34324332934458
2025-09-22T04:48:00.000 -722.916937744886 4166.888061039910 -5322.917909672950 -7.58352099316730 -0.98014032630154 0.26704685645200
2025-09-22T04:52:00.000 -2494.755328651870 3783.601389216730 -5066.291171512960 -7.09194390388638 -2.19465707186950 1.85868359997658
2025-09-22T04:56:00.000 -4085.761365301550 3126.108455699040 -4441.449181031460 -6.08549808814313 -3.25133749724742 3.31687478948522
2025-09-22T05:00:00.000 -5380.223186640720 2241.765724396390 -3493.384336903270 -4.63550734084523 -4.07348264941341 4.53569928674006
2025-09-22T05:04:00.000 -6283.562068203620 1194.491008998010 -2290.686191113470 -2.84584843090499 -4.60065807820336 5.42565086946283
2025-09-22T05:08:00.000 -6729.379744954110 60.264061949028 -920.752628088557 -0.84610740489285 -4.79347367805443 5.92055810515463
2025-09-22T05:12:00.000 -6684.555040371370 -1078.353300361320 516.492228437329 1.21766197381530 -4.63687536829780 5.98292492934514
2025-09-22T05:16:00.000 -6151.940122617910 -2138.287181429570 1915.929491135900 3.19367702483259 -4.14176651330661 5.60737519772755
2025-09-22T05:20:00.000 -5170.292187585710 -3042.158692710040 3175.119309215630 4.93651256673266 -3.34438370994178 4.82144206018103
2025-09-22T05:24:00.000 -3811.363618142590 -3724.055322238990 4201.965967002930 6.31838853130695 -2.30339491295126 3.68318248653536
2025-09-22T05:28:00.000 -2174.486490769580 -4134.381988271860 4921.521210723130 7.23866415898934 -1.09522068598996 2.27649180076092
2025-09-22T05:32:00.000 -379.144251552854 -4243.431542236470 5281.424758731150 7.63099298166796 0.19189752411907 0.70447130284090
2025-09-22T05:36:00.000 1443.817484587200 -4043.440586871260 5255.601493408630 7.46750476938423 1.46443951566058 -0.91825800961294
2025-09-22T05:40:00.000 3161.662283693710 -3549.069950568020 4846.062790326270 6.76039274368060 2.63012483781176 -2.47363091560430
2025-09-22T05:44:00.000 4649.335032811370 -2796.330469366540 4082.734315381270 5.56108737117031 3.60439517939474 -3.84848757586995
2025-09-22T05:48:00.000 5798.495654060110 -1839.994461111280 3021.306853979900 3.95668043337597 4.31637584171887 -4.94255062545775
2025-09-22T05:52:00.000 6525.428019368400 -749.673309944147 1739.247730660610 2.06408028536939 4.71408786923609 -5.67577444502787
2025-09-22T05:56:00.000 6777.240628804820 395.238400754760 330.181668642388 0.02168595009250 4.76853399624566 -5.99445154587367
2025-09-22T06:00:00.000 6535.818625032600 1511.399387072760 -1102.997604661630 -2.02095592052553 4.47604682116653 -5.87557954788937
2025-09-22T06:04:00.000 5819.128091900020 2517.676827805380 -2455.763312043670 -3.91465505007302 3.85855686259113 -5.32859949433004
2025-09-22T06:08:00.000 4679.766350230670 3341.105185593750 -3629.674342448930 -5.52181419217674 2.96173001750020 -4.39442144923824
2025-09-22T06:12:00.000 3200.922491647340 3922.179367229480 -4539.559422973610 -6.72665823126519 1.85130298092372 -3.14192152817673
2025-09-22T06:16:00.000 1490.128130438480 4219.061729510670 -5119.589652425410 -7.44320534214360 0.60781389681747 -1.66235484556642
2025-09-22T06:20:00.000 -328.577736766137 4210.436646360270 -5327.851372889540 -7.62055768773333 -0.67924633283204 -0.06258890082906
2025-09-22T06:24:00.000 -2123.483241009550 3896.936004846330 -5149.227369759350 -7.24600996363076 -1.91751558321198 1.54222685841097
2025-09-22T06:28:00.000 -3764.505264603260 3301.077905022780 -4596.446290821170 -6.34575405949507 -3.01798740406621 3.03648855799672
2025-09-22T06:32:00.000 -5132.386906733790 2465.742636254520 -3709.264473843820 -4.98340629880635 -3.90095372239707 4.31185309791089
2025-09-22T06:36:00.000 -6127.287938540570 1451.251820461540 -2551.803249846060 -3.25632476832593 -4.50169272013392 5.27487531916502
2025-09-22T06:40:00.000 -6676.177850049460 331.152591905770 -1208.104713295800 -1.28932101337604 -4.77545504411852 5.85408118732832
2025-09-22T06:44:00.000 -6738.433024432530 -813.065321815474 223.876014393639 0.77403196023891 -4.70131727077728 6.00585553792605
2025-09-22T06:48:00.000 -6309.059250026520 -1897.963500199840 1639.464862087820 2.78228871194581 -4.28408599823355 5.71822120359496
2025-09-22T06:52:00.000 -5419.208540588520 -2844.347162055550 2935.054601648770 4.58763661958176 -3.55414630604135 5.01204374485645
2025-09-22T06:56:00.000 -4133.897670041540 -3583.184889570540 4015.862130760300 6.05754656582111 -2.56523058505553 3.93947530821743
2025-09-22T07:00:00.000 -2547.082736777410 -4060.713773053720 4802.962524918030 7.08485096144715 -1.38996293687894 2.57960165647965
2025-09-22T07:04:00.000 -774.624755178357 -4242.312525171050 5239.035551698820 7.59523772895999 -0.11424341914832 1.03222675636158
2025-09-22T07:08:00.000 1054.256765954550 -4114.938896743690 5292.456549332330 7.55228872429559 1.16911212082619 -0.58966607282060
2025-09-22T07:12:00.000 2806.387647386630 -3687.989084797310 4959.480373577550 6.95958388042655 2.36704391109578 -2.16810582816546
2025-09-22T07:16:00.000 4354.225323036700 -2992.575785298020 4264.457128109400 5.86022206063245 3.39266728465487 -3.58828557646669
2025-09-22T07:20:00.000 5585.065788374730 -2079.306201763350 3258.095537790260 4.33405386197429 4.17141903977962 -4.74669156518841
2025-09-22T07:24:00.000 6409.252644028270 -1014.646542949410 2013.832848505700 2.49219596966508 4.64651674778108 -5.55860427085117
2025-09-22T07:28:00.000 6766.795069107340 123.889453961601 622.520767432759 0.46923223161109 4.78329601551312 -5.96458287598580
2025-09-22T07:32:00.000 6631.835522985100 1253.418655547530 -814.245632353999 -1.58676176426350 4.57198135258349 -5.93513435460723
2025-09-22T07:36:00.000 6014.558349152110 2291.804145445590 -2191.648444345590 -3.52546068904825 4.02853297360958 -5.47306800571447
2025-09-22T07:40:00.000 4960.331882115050 3163.713525789450 -3409.406647392850 -5.20585543006098 3.19327880006577 -4.61307639714670
2025-09-22T07:44:00.000 3546.189172479640 3806.094395184120 -4379.110331984230 -6.50668193069889 2.12751811426449 -3.41869179690003
2025-09-22T07:48:00.000 1875.030032636270 4172.647521085080 -5030.558927871870 -7.33484839450901 0.90867784102839 -1.97713684673657
2025-09-22T07:52:00.000 68.081130243473 4237.032079349010 -5316.682677384220 -7.63153556595053 -0.37536593201180 -0.39273694505304
2025-09-22T07:56:00.000 -1743.793196959160 3994.633235715970 -5216.759608989620 -7.37560598944397 -1.63245778140331 1.22050131486540
2025-09-22T08:00:00.000 -3429.321567037280 3462.853277793480 -4737.844341372050 -6.58485148703380 -2.77230391999524 2.74640724392140
2025-09-22T08:04:00.000 -4866.103948481020 2679.933795152650 -3914.341082422180 -5.31504131082947 -3.71252507722445 4.07454538131667
2025-09-22T08:08:00.000 -5949.377517277320 1702.359959932980 -2805.706438001580 -3.65666569089912 -4.38439850124866 5.10782420466349
2025-09-22T08:12:00.000 -6599.727324263020 600.937748317651 -1492.363917430360 -1.72929167885666 -4.73809919624565 5.76976847981122
2025-09-22T08:16:00.000 -6769.121469529490 -544.256133504736 -69.983994233515 0.32667929321125 -4.74676372202947 6.01067899362350
2025-09-22T08:20:00.000 -6444.707099488920 -1649.727950376900 1357.502233066720 2.36036929602658 -4.40904092868215 5.81194798088774
2025-09-22T08:24:00.000 -5649.930919048170 -2634.785118173160 2685.634101372930 4.22215977849093 -3.74948635358620 5.18781979919503
2025-09-22T08:28:00.000 -4442.825526763970 -3427.560274702040 3817.228112191740 5.77529999277380 -2.81659037101806 4.18428316018056
2025-09-22T08:32:00.000 -2911.646407478140 -3970.333211422460 4669.605400010740 6.90628562235263 -1.67898036598666 2.87543124021732
2025-09-22T08:36:00.000 -1168.226199450040 -4223.727810601880 5180.662606357310 7.53328302040749 -0.41986717308889 1.35742195202869
2025-09-22T08:40:00.000 660.304986197746 -4169.474716547970 5313.287486049710 7.61131465871595 0.86911473251098 -0.25886401476727
2025-09-22T08:44:00.000 2440.765674337080 -3811.658666586870 5057.966249996670 7.13519951428402 2.09442676102194 -1.85572163982919
2025-09-22T08:48:00.000 4043.550469228880 -3176.379552006740 4433.410364119040 6.13970969903382 3.16723063568732 -3.31703578778257
2025-09-22T08:52:00.000 5351.968615481900 -2309.868668272830 3485.192939969430 4.69709840888571 4.00958299342240 -4.53638439384547
2025-09-22T08:56:00.000 6270.714957757310 -1275.185060231660 2282.496494131270 2.91231072964911 4.56008058027598 -5.42465558152219
2025-09-22T09:00:00.000 6732.888705256720 -147.659335844503 913.128503817765 0.91569055074557 4.77853204475575 -5.91678082822549
2025-09-22T09:04:00.000 6704.978729593960 990.615482762337 -522.911276806218 -1.14661677405973 4.64916385256768 -5.97689614244831
2025-09-22T09:08:00.000 6189.344644620210 2056.841865064070 -1920.827541528620 -3.12375872061635 4.18191265855564 -5.60116876899005
2025-09-22T09:12:00.000 5223.954898228520 2973.623856223440 -3178.793662852540 -4.87173952501191 3.41152831805703 -4.81795841615939
2025-09-22T09:16:00.000 3879.424809213860 3674.611868641780 -4205.424585378580 -6.26417797666530 2.39468049175751 -3.68529399246838
2025-09-22T09:20:00.000 2253.664655323200 4109.244530711800 -4926.358915523080 -7.20129017119883 1.20540427182784 -2.28605156288683
2025-09-22T09:24:00.000 464.666966050955 4246.263446111820 -5289.483756068190 -7.61638142292368 -0.07045941994964 -0.72162343929702
2025-09-22T09:28:00.000 -1357.971379927020 4075.827888741560 -5268.532767536740 -7.47993992519040 -1.34128823853702 0.89525604565662
2025-09-22T09:32:00.000 -3082.229746129510 3610.164305925450 -4864.880570164170 -6.80135183929397 -2.51584499576721 2.44827332019660
2025-09-22T09:36:00.000 -4582.970118004460 2882.737821880180 -4107.483260099820 -5.62834269196966 -3.50937318643274 3.82516875636055
2025-09-22T09:40:00.000 -5750.872110294430 1945.986299517930 -3050.972947077640 -4.04433046121093 -4.24947865136664 4.92553534572468
2025-09-22T09:44:00.000 -6500.417729053060 867.699451736850 -1771.917159578940 -2.16320955411465 -4.68143826923997 5.66812876225760
2025-09-22T09:48:00.000 -6776.354241372370 -273.781068169862 -363.421934045718 -0.12178786104065 -4.77270256933827 5.99736083011875
2025-09-22T09:52:00.000 -6558.015470186420 -1395.273612245140 1071.645062014990 1.93033912128750 -4.51579202861720 5.88805819000884
2025-09-22T09:56:00.000 -5861.042509400000 -2414.919965450680 2428.277286091480 3.84217245539083 -3.92919721167955 5.34773602947979
2025-09-22T10:00:00.000 -4736.297940253450 -3258.307468944780 3607.185164734770 5.47315563905280 -3.05604332393363 4.41621135035270
2025-09-22T10:04:00.000 -3266.022912379010 -3863.993699660140 4522.201620219790 6.70397211567492 -1.96058274764039 3.16226461312192
2025-09-22T10:08:00.000 -1557.645515497520 -4187.997210292620 5106.618544493560 7.44533174718427 -0.72308176481272 1.67818282588466
2025-09-22T10:12:00.000 264.217968903160 -4206.914613839210 5317.975333038130 7.64403654937702 0.56628773403091 0.07245875012504
2025-09-22T10:16:00.000 2066.858178331320 -3919.522153864550 5141.018391207300 7.28616486112199 1.81396772552632 -1.53800575793061
2025-09-22T10:20:00.000 3719.041527315400 -3346.808590350130 4588.749189611750 6.39788849765787 2.92948364127893 -3.03603599475536
2025-09-22T10:24:00.000 5100.485834310170 -2530.464193718590 3701.484344609100 5.04376125949974 3.83183780382037 -4.31255939570733
2025-09-22T10:28:00.000 6110.580199963360 -1529.889630784310 2543.957539709320 3.32221662637569 4.45533112389521 -5.27438627229508
2025-09-22T10:32:00.000 6675.755461854240 -417.921526753333 1200.666718935940 1.35885578445460 4.75442258210767 -5.85107093262123
2025-09-22T10:36:00.000 6754.960990708970 724.473572042459 -230.290107820485 -0.70263650334634 4.70737861439484 -6.00048888488437
2025-09-22T10:40:00.000 6342.722174165690 1814.169764468610 -1644.462212583340 -2.71137588555094 4.31805383179856 -5.71217945003794
2025-09-22T10:44:00.000 5469.480349609730 2772.021782765240 -2938.793177418250 -4.52088825300713 3.61552339823003 -5.00810240184880
2025-09-22T10:48:00.000 4199.182603128150 3528.659119100720 -4019.204211596900 -6.00015160125472 2.65159121981586 -3.94055836130608
2025-09-22T10:52:00.000 2624.410651661620 4029.464603308540 -4807.393528110600 -7.04295233361657 1.49658772643695 -2.58783473331260
2025-09-22T10:56:00.000 859.524251793709 4238.397319306430 -5246.371650322930 -7.57499597732138 0.23402611805894 -1.04812495679023
2025-09-22T11:00:00.000 -967.599357100468 4140.447106905120 -5304.400644294160 -7.55848317591961 -1.04537454582163 0.56756818675832
2025-09-22T11:04:00.000 -2724.629611244010 3742.629039916580 -4977.169770123110 -6.99429984294437 -2.24980068813424 2.14296487007360
2025-09-22T11:08:00.000 -4284.123168041410 3073.511403320150 -4288.123959238930 -5.92208284340132 -3.29248614170932 3.56437363009031
2025-09-22T11:12:00.000 -5532.581868525430 2181.283557476390 -3286.911256746880 -4.41785271619466 -4.09762706322965 4.72836712628005
2025-09-22T11:16:00.000 -6378.699920497620 1130.455877012480 -2046.022952095460 -2.58954693447860 -4.60591047781367 5.54923824912991
2025-09-22T11:20:00.000 -6760.208038360840 -2.690532635303 -655.708316809215 -0.56980133685629 -4.77923412235716 5.96571370131642
2025-09-22T11:24:00.000 -6648.705632058380 -1135.623772822260 782.547968528949 1.49354673199721 -4.60402557246577 5.94613661964819
2025-09-22T11:28:00.000 -6051.979369527880 -2185.667001851190 2163.530187581240 3.44874232742039 -4.09270926834624 5.49132012237606
2025-09-22T11:32:00.000 -5013.518961284930 -3076.176631829940 3386.154427504720 5.15196321753654 -3.28279240838813 4.63467071872967
2025-09-22T11:36:00.000 -3609.253319512540 -3742.239576346800 4361.023303854580 6.47843298389696 -2.23386859924581 3.43948682540438
2025-09-22T11:40:00.000 -1941.821899526950 -4135.443680749660 5017.020729019620 7.33170538682042 -1.02294022183785 1.99380393290684
2025-09-22T11:44:00.000 -132.905111501586 -4227.343594663640 5306.450715867300 7.65040555932791 0.26166365799199 0.40347827770750
2025-09-22T11:48:00.000 1685.697595234350 -4011.418834756170 5208.383687146020 7.41201577500231 1.52665221173848 -1.21561990302361
2025-09-22T11:52:00.000 3381.596805788110 -3503.474021014570 4730.082706523270 6.63410811550384 2.68035697001524 -2.74580291831456
2025-09-22T11:56:00.000 4831.327787431750 -2740.489501547700 3906.462695046320 5.37311838371357 3.63900686521050 -4.07566102717085
2025-09-22T12:00:00.000 5929.305498877820 -1777.989201872810 2797.615455340640 3.72074214450891 4.33281779404142 -5.10811410180013
2025-09-22T12:04:00.000 6595.556048832550 -686.035442292405 1484.478213560950 1.79744930848659 4.71117200278717 -5.76760550986608
2025-09-22T12:08:00.000 6781.636526761320 455.863318553934 62.945904859518 -0.25607599997529 4.74650461603356 -6.00588485630029
2025-09-22T12:12:00.000 6474.252724326180 1564.597615084520 -1363.199257474840 -2.28950225341575 4.43657950612787 -5.80591615177991
2025-09-22T12:16:00.000 5696.193913856910 2559.596407697980 -2689.983217676270 -4.15439238788488 3.80463509322851 -5.18311162529228
2025-09-22T12:20:00.000 4504.511902903550 3368.747366157610 -3820.907426650370 -5.71546424889938 2.89741104124660 -4.18389729350490
2025-09-22T12:24:00.000 2986.141605168820 3933.600452097500 -4673.961327081650 -6.86043596135740 1.78125754079877 -2.88173865972608
2025-09-22T12:28:00.000 1251.420721759850 4213.480477133000 -5187.444262844200 -7.50762958144139 0.53701180301406 -1.37133677605951
2025-09-22T12:32:00.000 -573.916785413341 4188.271737949980 -5324.246054511210 -7.61106815559698 -0.74583085634712 0.23830024264828
2025-09-22T12:36:00.000 -2357.683812413240 3859.765707349510 -5074.387596807860 -7.16320523310978 -1.97524173821123 1.83137528142705
2025-09-22T12:40:00.000 -3970.555506760610 3251.534277713840 -4455.724924383170 -6.19535103301693 -3.06274370836165 3.29300571590560
2025-09-22T12:44:00.000 -5295.247175262670 2407.351257924600 -3512.797075775500 -4.77604161750363 -3.92947476229562 4.51702840280378
2025-09-22T12:48:00.000 -6234.991762503840 1388.191399721040 -2313.811482151810 -3.00683437277487 -4.51181761539633 5.41357521905237
2025-09-22T12:52:00.000 -6720.734348383060 267.970837692341 -945.892783977909 -1.01579524258394 -4.76631213190582 5.91593840904032
2025-09-22T12:56:00.000 -6716.447094604650 -871.775931237607 491.175894428536 1.05159962444605 -4.67339686558544 5.98609609597020
2025-09-22T13:00:00.000 -6222.031181060090 -1947.897650279640 1892.295347162450 3.04336327493921 -4.23931840561631 5.61813460834799
2025-09-22T13:04:00.000 -5273.454464540690 -2881.836078744660 3154.903051934950 4.81291836368756 -3.49585391644069 4.83898108540974
2025-09-22T13:08:00.000 -3940.060779548080 -3605.485054820630 4186.647061514730 6.23049128034793 -2.49773124441057 3.70620816813236
2025-09-22T13:12:00.000 -2319.326681433540 -4066.202750815480 4912.217829589290 7.19284060118956 -1.31824278084979 2.30328225562168
2025-09-22T13:16:00.000 -529.575216823224 -4230.609720942120 5278.812263958800 7.63050461599972 -0.04357276767278 0.73310800077214
2025-09-22T13:20:00.000 1298.744424691210 -4086.915596387920 5259.881031358890 7.51237944595213 1.23362573127453 -0.88980310159236
2025-09-22T13:24:00.000 3032.515854903110 -3645.691306885990 4856.942288780220 6.84743911109367 2.42076517797664 -2.44742842518245
2025-09-22T13:28:00.000 4545.537739756030 -2939.072413281980 4099.433543525190 5.68398943914778 3.43176984906544 -3.82649772693834
2025-09-22T13:32:00.000 5727.622001941070 -2018.467375755880 3042.610158089800 4.10646057944463 4.19306167621985 -4.92640733540785
2025-09-22T13:36:00.000 6492.649997670430 -950.886854155918 1763.601723396780 2.22982329332987 4.64905247777100 -5.66665116991008
2025-09-22T13:40:00.000 6784.955527487730 185.926656391195 355.808652083794 0.19131476931995 4.76649201119689 -5.99303688630168
2025-09-22T13:44:00.000 6583.468629999060 1309.213012906720 -1077.972871815490 -1.85982855737971 4.53709210970606 -5.88197823908887
2025-09-22T13:48:00.000 5903.244692621990 2337.306289612480 -2433.167571093150 -3.77374851401768 3.97819199185695 -5.34231188252824
2025-09-22T13:52:00.000 4794.231508218550 3195.643133103740 -3611.147403504130 -5.41135520546689 3.13121165042319 -4.41439863946803
2025-09-22T13:56:00.000 3337.420155522250 3822.168291888220 -4526.432925970910 -6.65462212235330 2.05826234747369 -3.16666369766163
2025-09-22T14:00:00.000 1638.758740909740 4171.734142471970 -5112.792575653290 -7.41473547444232 0.83721299770098 -1.69004014984726
2025-09-22T14:04:00.000 -178.577987689801 4219.205248035740 -5327.854985040900 -7.63768844391107 -0.44401909122793 -0.09122932229325
2025-09-22T14:08:00.000 -1982.974906992550 3961.150878071140 -5156.009903116050 -7.30749333548880 -1.69349904758251 1.51471855294094
2025-09-22T14:12:00.000 -3643.662557588970 3416.071709980670 -4609.493930344220 -6.44716065351218 -2.82142685710360 3.01210592713360
2025-09-22T14:16:00.000 -5039.966678367260 2623.159030960350 -3727.606783720880 -5.11741307997683 -3.74615545778047 4.29238881288391
2025-09-22T14:20:00.000 -6069.987842109050 1639.642417238150 -2574.079819394510 -3.41320268651268 -4.39996011477616 5.26174955081152
2025-09-22T14:24:00.000 -6658.144794626760 536.797984483635 -1232.670614618290 -1.45765682153584 -4.73429514899063 5.84824892254866
2025-09-22T14:28:00.000 -6760.942913474570 -605.161783268050 198.832305944944 0.60658651810352 -4.72377000687728 6.00772014155259
2025-09-22T14:32:00.000 -6370.422174541390 -1702.961798107440 1615.778234949860 2.62793463293530 -4.36849008039709 5.72759263273597
2025-09-22T14:36:00.000 -5514.906688350210 -2676.462259123490 2914.451790263250 4.45761187994405 -3.69432705106864 5.02820755809035
2025-09-22T14:40:00.000 -4256.914349136980 -3454.644179353280 3999.836774258520 5.96129513063102 -2.75089666910589 3.96121676589603
2025-09-22T14:44:00.000 -2688.428424314990 -3980.861161247150 4792.668530813800 7.02928269580621 -1.60755251091294 2.60533160503123
2025-09-22T14:48:00.000 -923.994392388944 -4216.945547722310 5235.209515197530 7.58433748247410 -0.34793141921804 1.06006657300671
2025-09-22T14:52:00.000 907.739285663995 -4145.894092350090 5295.364505720320 7.58680418009222 0.93631667892357 -0.56172804862896
2025-09-22T14:56:00.000 2673.382093635660 -3773.008253894930 4968.904710027550 7.03698722446089 2.15204928042663 -2.14206588246736
2025-09-22T15:00:00.000 4244.414707004430 -3125.473475111370 4279.713050391070 5.97493741424773 3.21111877813198 -3.56603047090277
2025-09-22T15:04:00.000 5506.453410792260 -2250.404714861380 3278.069439375840 4.47773319977213 4.03658149445735 -4.72987011597142
2025-09-22T15:08:00.000 6367.566063175610 -1211.475217136830 2037.061643131790 2.65433465934590 4.56824623266778 -5.54847446120757
2025-09-22T15:12:00.000 6765.054912460660 -84.326986384668 647.297748126340 0.63793815770284 4.76723497043232 -5.96188154611700
2025-09-22T15:16:00.000 6670.141201305750 1048.969923431430 -789.731299400651 -1.42379187436022 4.61924008244381 -5.94000100099410
2025-09-22T15:20:00.000 6090.093257063110 2105.990072598670 -2169.174206147960 -3.38007537578465 4.13559860701535 -5.48508958249946
2025-09-22T15:24:00.000 5067.579526963560 3010.024216590880 -3390.589168319180 -5.08856667891458 3.35227227077820 -4.63133717837956
2025-09-22T15:28:00.000 3677.345727664250 3695.666343936680 -4365.292391137140 -6.42593020535040 2.32683206185066 -3.44183538279257
2025-09-22T15:32:00.000 2020.574013163020 4113.467641485010 -5022.713026754180 -7.29642191101587 1.13383138157964 -2.00345014183622
2025-09-22T15:36:00.000 217.464454261385 4233.369779608060 -5315.341007179310 -7.63815307643102 -0.14068575983228 -0.42029798759276
2025-09-22T15:40:00.000 -1601.384957683770 4046.736082247060 -5221.985858033750 -7.42676266421234 -1.40525443173381 1.19365754972983
2025-09-22T15:44:00.000 -3304.197122771990 3566.927606814570 -4749.231448250910 -6.67685102800458 -2.56904820275352 2.72222077343614
2025-09-22T15:48:00.000 -4767.323689818410 2828.415060786950 -3931.037874569700 -5.44124816122559 -3.54798709582186 4.05475235868583
2025-09-22T15:52:00.000 -5884.101190687430 1884.447318820230 -2826.477891102050 -3.80795522929780 -4.27061020741689 5.09387556859754
2025-09-22T15:56:00.000 -6572.681530180770 803.366756456350 -1515.673343046640 -1.89462745252780 -4.68341809409474 5.76269552922638
2025-09-22T16:00:00.000 -6782.240303952810 -336.242368933316 -94.114595147001 0.15935019151093 -4.75520003106815 6.01094378081276
2025-09-22T16:04:00.000 -6497.001517616920 -1451.304742157280 1334.314222973700 2.20323263752138 -4.48004672228642 5.81948305449742
2025-09-22T16:08:00.000 -5737.555470694250 -2460.439288601560 2665.074569721990 4.08667922238548 -3.87788999619507 5.20205364565230
2025-09-22T16:12:00.000 -4559.359358362120 -3290.014366727850 3800.788996075680 5.67133881926038 -2.99296304887581 4.20418204913396
2025-09-22T16:16:00.000 -3048.565246959240 -3879.604457125380 4658.478694914360 6.84139058381767 -1.89035102916242 2.89951582172186
2025-09-22T16:20:00.000 -1315.542464579760 -4186.404896466170 5175.643441777410 7.51204546083147 -0.65083096554871 1.38393267506970
2025-09-22T16:24:00.000 513.313044373799 -4188.264607106700 5314.734337154140 7.63523785911363 0.63532083324237 -0.23181690574770
2025-09-22T16:28:00.000 2304.793702146610 -3885.194776190510 5065.773059375100 7.20254853469875 1.87478742671415 -1.83009236131697
2025-09-22T16:32:00.000 3928.493580015560 -3299.316079835110 4447.010493135280 6.24559549047369 2.97771356687055 -3.29468240432701
2025-09-22T16:36:00.000 5266.204643002970 -2473.262957767310 3503.596305981500 4.83382203525173 3.86402470512451 -4.51895454215911
2025-09-22T16:40:00.000 6220.488223957250 -1467.135976109330 2304.365887181980 3.06993184270778 4.46912597217732 -5.41338124817874
2025-09-22T16:44:00.000 6721.860994375370 -354.177629202799 936.873241839198 1.08271781434658 4.74883594065369 -5.91253068254761
2025-09-22T16:48:00.000 6733.940782797330 784.581245849503 -499.026197370017 -0.98244930098246 4.68285419883478 -5.97997155280432
2025-09-22T16:52:00.000 6256.159796795620 1866.289557058600 -1898.533869271780 -2.97439918031169 4.27643497543672 -5.61127010589457
2025-09-22T16:56:00.000 5323.742524179280 2812.401424911220 -3159.696516092280 -4.74799321667670 3.55991793626286 -4.83432946638077
2025-09-22T17:00:00.000 4004.920990653500 3554.416426165090 -4190.891833639940 -6.17498113885750 2.58608613358038 -3.70672080079294
2025-09-22T17:04:00.000 2395.755923203800 4038.779058310690 -4917.420948057470 -7.15302084150858 1.42589051346062 -2.31096710343067
2025-09-22T17:08:00.000 613.057085008272 4230.621365279390 -5286.766178424240 -7.61247264008789 0.16314764825233 -0.74822984750572
2025-09-22T17:12:00.000 -1214.026868699450 4116.140055822850 -5272.212006518570 -7.52067109734638 -1.11144427430334 0.86887762606002
2025-09-22T17:16:00.000 -2953.154987630330 3703.511614542420 -4874.675212430240 -6.88379177547003 -2.30641897529164 2.42398855646874
2025-09-22T17:20:00.000 -4478.124234302660 3022.353474306870 -4122.679523290130 -5.74659032367799 -3.33558695201515 3.80471473692413
2025-09-22T17:24:00.000 -5677.873597831110 2121.734434108860 -3070.467078135400 -4.18987430346784 -4.12401045185385 4.91039293679581
2025-09-22T17:28:00.000 -6464.590033619350 1066.798667230250 -1794.291572397080 -2.32553425365635 -4.61352654873972 5.65942108134454
2025-09-22T17:32:00.000 -6780.323379347250 -65.841195105653 -387.042866648817 -0.28907106506637 -4.76740934676060 5.99574674493164
2025-09-22T17:36:00.000 -6601.501351489430 -1193.670320775680 1048.504023281320 1.77033643980811 -4.57356713217343 5.89363503712595
2025-09-22T17:40:00.000 -5940.883578807340 -2234.374961184060 2407.300444219240 3.70106525065912 -4.04583971444805 5.36009765162365
2025-09-22T17:44:00.000 -4846.688445150940 -3112.012335167420 3589.910065879340 5.36125046067055 -3.22307424480619 4.43451820846192
2025-09-22T17:48:00.000 -3398.915955293660 -3762.642360416430 4509.905402627240 6.62951460851732 -2.16577298869010 3.18518472287600
2025-09-22T17:52:00.000 -1703.340853549350 -4138.986250446210 5100.202101840530 7.41373537535014 -0.95138132827244 1.70394961572156
2025-09-22T17:56:00.000 116.333726824034 -4213.811286806670 5317.898263291440 7.65748788647565 0.33153506278109 0.09920649834809
2025-09-22T18:00:00.000 1927.540244200660 -3981.826195841160 5147.288661092620 7.34367070684922 1.58980992330352 -1.51218214598255
2025-09-22T18:04:00.000 3598.427342085150 -3459.992367660800 4600.914083000690 6.49529599826871 2.73223843796139 -3.01304994680442
2025-09-22T18:08:00.000 5007.350836557790 -2686.292769079690 3718.650362762350 5.17394166978569 3.67588532096975 -4.29412249563275
2025-09-22T18:12:00.000 6051.689764212730 -1717.018429278970 2564.867509908490 3.47566541856530 4.35204024886691 -5.26180382852523
2025-09-22T18:16:00.000 6655.383296958630 -622.726380475554 1223.801016754820 1.52443689941837 4.71131536028665 -5.84523235038270
2025-09-22T18:20:00.000 6774.583483458570 516.906805900538 -206.614012834611 -0.53697451014563 4.72761371099764 -6.00184698352189
2025-09-22T18:24:00.000 6400.893985747420 1618.955258478130 -1621.971482853980 -2.55776379347566 4.40010786780586 -5.72062999701301
2025-09-22T18:28:00.000 5561.942467036410 2603.352921338960 -2919.119899458640 -4.39048191235175 3.75331452734340 -5.02298159382649
2025-09-22T18:32:00.000 4319.196869783940 3398.775313409110 -4003.766466429530 -5.90233848544926 2.83503031256339 -3.96075986030105
2025-09-22T18:36:00.000 2763.261202973430 3947.776322266630 -4797.300941482820 -6.98473974462044 1.71233189322371 -2.61190724714106
2025-09-22T18:40:00.000 1007.148159027640 4210.818131797120 -5242.349996226490 -7.56053046312450 0.46645646979751 -1.07434270622873
2025-09-22T18:44:00.000 -821.887733021882 4168.981776776730 -5306.744561147040 -7.58879515695285 -0.81301523814564 0.54105286956156
2025-09-22T18:48:00.000 -2591.387600726970 3825.236408173700 -4985.724145244010 -7.06728484036927 -2.03429801464953 2.11803999891420
2025-09-22T18:52:00.000 -4173.026558014880 3204.232975874890 -4302.289357299080 -6.03254029973661 -3.10948157951617 3.54281480235916
2025-09-22T18:56:00.000 -5451.729372414110 2350.661753204220 -3305.689270765850 -4.55791451952841 -3.96047839027697 4.71172699095437
2025-09-22T19:00:00.000 -6334.024150843290 1326.198360213130 -2068.074617704370 -2.74912667557094 -4.52472303794472 5.53877560342105
2025-09-22T19:04:00.000 -6755.024195485440 205.171851610936 -679.442715963425 -0.73730935274502 -4.76006305247209 5.96224796184013
2025-09-22T19:08:00.000 -6683.453572500510 -930.802618030090 758.857192690752 1.33033612259911 -4.64840632875597 5.94997239591969
2025-09-22T19:12:00.000 -6124.175106542510 -1998.851400964830 2141.617462243290 3.30180846687887 -4.19745558207242 5.50221134091558
2025-09-22T19:16:00.000 -5117.933268587610 -2921.020316680130 3367.629039293080 5.03205808959548 -3.44025351037539 4.65184189208159
2025-09-22T19:20:00.000 -3738.298188659450 -3630.083870538900 4347.255316730150 6.39436007823830 -2.43254984745916 3.46172435460205
2025-09-22T19:24:00.000 -2086.089594896570 -4074.485468567900 5009.033523765820 7.28970752941273 -1.24827868258685 2.01942205149211
2025-09-22T19:28:00.000 -281.865336516864 -4222.024731890340 5304.819171108930 7.65352033751349 0.02619113639862 0.43048260210597
2025-09-22T19:32:00.000 1542.895522534310 -4062.108997188370 5213.196874888850 7.45988239960916 1.29823558802450 -1.18924590005982
2025-09-22T19:36:00.000 3255.328207613030 -3606.464392347070 4740.959600439070 6.72317736257762 2.47560258233941 -2.72195294402550
2025-09-22T19:40:00.000 4730.757330183760 -2888.262919030520 3922.584489893020 5.49688182696735 3.47286000382866 -4.05607278741091
2025-09-22T19:44:00.000 5861.713807622990 -1959.759804800540 2817.780203264660 3.87010635464339 4.21737617734076 -5.09421393974750
2025-09-22T19:48:00.000 6565.805567919910 -888.552590538260 1507.195240981430 1.96149924311015 4.65477458158462 -5.76035801105169
2025-09-22T19:52:00.000 6791.831689842190 247.346474926825 86.551235984655 -0.08927634706612 4.75319688848756 -6.00577318684330
2025-09-22T19:56:00.000 6523.594332765970 1365.247043260020 -1340.428698459920 -2.13207153562942 4.50579310290568 -5.81293871998174
2025-09-22T20:00:00.000 5781.039056039620 2383.891656337910 -2669.705559769990 -4.01775932185522 3.93124912721924 -5.19672731108824
2025-09-22T20:04:00.000 4618.648404972960 3229.425827294380 -3804.588527718520 -5.60946818442912 3.07212962582182 -4.20306373277169
2025-09-22T20:08:00.000 3121.259507641070 3840.740655527930 -4662.771812425730 -6.79262835687572 1.99136242646677 -2.90506039623303
2025-09-22T20:12:00.000 1397.720074392180 4173.791645712780 -5182.187296255170 -7.48281279265384 0.76731840192570 -1.39716199420387
2025-09-22T20:16:00.000 -427.029116231784 4204.628156987600 -5325.307121822790 -7.63101217297120 -0.51191909822091 0.21178470904050
2025-09-22T20:20:00.000 -2220.846189295250 3931.003228136280 -5081.710100525590 -7.22652378154670 -1.75457982107609 1.80601938382604
2025-09-22T20:24:00.000 -3853.705397027590 3372.526522385030 -4468.811084624180 -6.29760385314491 -2.87131615827052 3.27062320660967
2025-09-22T20:28:00.000 -5206.905940800760 2569.354521500000 -3530.733250227640 -4.90993686077273 -3.78123809392384 4.49924077868471
2025-09-22T20:32:00.000 -6181.642950230500 1579.465302007240 -2335.329369107930 -3.16278124517865 -4.41764646016694 5.40170869631052
2025-09-22T20:36:00.000 -6706.342790835890 474.614902384995 -969.449796686891 -1.18251433299123 -4.73320526145960 5.91092767129584
2025-09-22T20:40:00.000 -6742.150538928510 -664.815576575766 467.287162008617 0.88624069083522 -4.70390639379264 5.98836932309649
2025-09-22T20:44:00.000 -6286.043131007180 -1755.729580733610 1869.822212016160 2.89145328341849 -4.33133932373447 5.62760176607168
2025-09-22T20:48:00.000 -5371.177011378920 -2718.511707297950 3135.507775029030 4.68565018675255 -3.64272443384547 4.85501146261834
2025-09-22T20:52:00.000 -4064.408870583760 -3482.951284479030 4171.773381411330 6.13724561914828 -2.68869450257687 3.72762275302391
2025-09-22T20:56:00.000 -2461.258204885390 -3993.421734392320 4902.977234314890 7.14047334606532 -1.53933818539362 2.32852005055698
2025-09-22T21:00:00.000 -678.745780861429 -4212.904133788320 5275.897534670590 7.62292382138411 -0.27861674901795 0.76024354942642
2025-09-22T21:04:00.000 1153.217350915790 -4125.572613362460 5263.495730157270 7.55011707101329 1.00187154901407 -0.86288233816910
2025-09-22T21:08:00.000 2901.226272946980 -3737.871973225310 4866.785643716570 6.92759620543054 2.20921307049909 -2.42276354440567
2025-09-22T21:12:00.000 4438.010046665190 -3078.042117729450 4114.745277679180 5.80062858734516 3.25579156469390 -3.80586438282029
2025-09-22T21:16:00.000 5651.635823154700 -2194.090113206820 3062.240654291900 4.25105348924845 4.06546597783480 -4.91127028684018
2025-09-22T21:20:00.000 6453.678083223660 -1150.357888891110 1786.094228195330 2.39178799583308 4.57912560190157 -5.65807599882104
2025-09-22T21:24:00.000 6785.762705915200 -22.856858303547 379.510558313034 0.35881593922660 4.75927497120301 -5.99158451858701
2025-09-22T21:28:00.000 6623.922475927560 1106.311331692270 -1054.788077697730 -1.69894819290412 4.59301153053871 -5.88771052791199
2025-09-22T21:32:00.000 5980.338994580320 2155.030007869620 -2412.182624568660 -3.63114466583233 4.09308229648083 -5.35479668996793
2025-09-22T21:36:00.000 4902.309048166430 3047.211771556080 -3593.880080138350 -5.29732637104876 3.29662832061504 -4.43269783061505
2025-09-22T21:40:00.000 3468.594175718080 3718.322921668110 -4514.122175759800 -6.57732722340983 2.26212529001915 -3.18941718035529
2025-09-22T21:44:00.000 1783.500777952450 4119.971698773640 -5106.316556727190 -7.37962815842160 1.06474437624016 -1.71562255335606
2025-09-22T21:48:00.000 -30.749599357011 4223.261354863780 -5327.682154561680 -7.64723066060466 -0.20920242603566 -0.11787274772026
2025-09-22T21:52:00.000 -1842.763242783560 4020.744975418200 -5162.174863723970 -7.36105455907924 -1.46830156468100 1.48885935360629
2025-09-22T21:56:00.000 -3521.243074160020 3526.918425786120 -4621.587355839590 -6.54099554052817 -2.62211565149641 2.98885786536131
2025-09-22T22:00:00.000 -4944.263834117290 2777.258927662510 -3744.794664663560 -5.24488419862172 -3.58723738708622 4.27344620987197
2025-09-22T22:04:00.000 -6008.022207587110 1825.834742832140 -2595.152066041070 -3.56517813120364 -4.29309628112592 5.24853062934057
2025-09-22T22:08:00.000 -6634.509519059770 741.557550291374 -1256.120470960180 -1.62315662077301 -4.68740172506558 5.84179022542965
2025-09-22T22:12:00.000 -6777.450745761430 -396.745119743821 174.704620845348 0.43961445342907 -4.74039324991011 6.00857570128543
2025-09-22T22:16:00.000 -6425.954477627470 -1506.090898612290 1592.738058365620 2.47170162931635 -4.44750379342258 5.73575269245060
2025-09-22T22:20:00.000 -5605.488531810580 -2505.514262911550 2894.197970364960 4.32356680145452 -3.83002005082258 5.04313506681203
2025-09-22T22:24:00.000 -4375.996716071800 -3322.114466239710 3983.877321358600 5.85931100804969 -2.93339682853120 3.98185954561567
2025-09-22T22:28:00.000 -2827.355761177410 -3896.441071487010 4782.198700665210 6.96691157248557 -1.82349503298310 2.63014092897927
2025-09-22T22:32:00.000 -1072.649382242870 -4186.801317288970 5231.009846609050 7.56614738976257 -0.58151448670435 1.08718087437676
2025-09-22T22:36:00.000 760.191378793208 -4172.224709314470 5297.744339185830 7.61416802487462 0.70217140582617 -0.53436992857243
2025-09-22T22:40:00.000 2537.697634274800 -3853.875678870930 4977.666070977580 7.10785601977698 1.93451711866090 -2.11659034331180
2025-09-22T22:44:00.000 4130.455102542710 -3254.945684325740 4294.165312134960 6.08396537846054 3.02608349739440 -3.54437153329107
2025-09-22T22:48:00.000 5422.456752245170 -2419.012981671480 3297.105606012750 4.61685425365519 3.89746601986028 -4.71356050004515
2025-09-22T22:52:00.000 6319.566509237620 -1406.918074078740 2059.253534573890 2.81335353890085 4.48509706571866 -5.53863279737971
2025-09-22T22:56:00.000 6756.458662633930 -292.365265122006 671.007055110122 0.80527027742135 4.74605269354843 -5.95914661017897
2025-09-22T23:00:00.000 6701.487146338560 843.474064783879 -766.238769765016 -1.26029647377906 4.66146012311031 -5.94453167640831
2025-09-22T23:04:00.000 6159.022509060000 1917.962453354820 -2147.610802718560 -3.23228011454841 4.23803962790307 -5.49652573566411
2025-09-22T23:08:00.000 5169.012212577980 2853.094645572940 -3372.515542628770 -4.96713551111673 3.50738719308348 -4.64879695820512
2025-09-22T23:12:00.000 3803.864101291800 3581.184812405820 -4352.004721199470 -6.33956084962702 2.52328719974371 -3.46401155575596
2025-09-22T23:16:00.000 2162.973847217510 4049.694785338490 -5015.156603267020 -7.25123314858705 1.35738166625742 -2.02874728525551
2025-09-22T23:20:00.000 365.421290530315 4224.897678026420 -5314.051805725230 -7.63729856656036 0.09382166100156 -0.44692642978064
2025-09-22T23:24:00.000 -1458.579205486290 4094.174991481080 -5227.065588995380 -7.47029366439960 -1.17664978603504 1.16751490624308
2025-09-22T23:28:00.000 -3176.894008809850 3666.863542837610 -4760.345653205390 -6.76175235033597 -2.36283692381728 2.69837667784891
2025-09-22T23:32:00.000 -4664.790982281310 2973.634660784920 -3947.423098704050 -5.56153561481371 -3.37914230672931 4.03494827081900
2025-09-22T23:36:00.000 -5813.845903748300 2064.437732965780 -2846.978937255400 -3.95502254846665 -4.15148806853971 5.07959920921061
2025-09-22T23:40:00.000 -6539.888893886340 1005.059990689450 -1538.824159845810 -2.05785860786962 -4.62281491409464 5.75503067887740
2025-09-22T23:44:00.000 -6789.385453427420 -127.531024484835 -118.243160333701 -0.00818956603647 -4.75770162097902 6.01052870328809
2025-09-22T23:48:00.000 -6543.640668569260 -1250.805030450790 1310.973414111230 2.04369221002231 -4.54556125522020 5.82642911169606
2025-09-22T23:52:00.000 -5820.340904678150 -2282.790800528070 2644.238959528690 3.94685206100210 -4.00163529694178 5.21585552750404
2025-09-22T23:56:00.000 -4672.296457435780 -3148.188818015930 3783.992086366360 5.56144420834531 -3.16591826408583 4.22383545606393
2025-09-23T00:00:00.000 -3183.451892417740 -3783.962199242030 4646.963942082800 6.76950910516218 -2.09989123019525 2.92361064858849
2025-09-23T00:04:00.000 -1462.555880361530 -4143.927097597080 5170.265657245060 7.48349115787306 -0.88160328496743 1.41064703007985
2025-09-23T00:08:00.000 364.884542093401 -4202.040083900480 5315.880410546440 7.65206827542912 0.40018854252078 -0.20450612258884
2025-09-23T00:12:00.000 2165.760863759820 -3954.203157726580 5073.339790436530 7.26353298001243 1.65247695806572 -1.80424291971601
2025-09-23T00:16:00.000 3808.973265920880 -3418.493980126170 4460.406975628410 6.34619575209178 2.78451322162057 -3.27225452164189
2025-09-23T00:20:00.000 5174.861189269330 -2633.879555685620 3521.798040860710 4.96657416323222 3.71400253227645 -4.50158030912386
2025-09-23T00:24:00.000 6163.905260141570 -1657.455428007720 2326.000199115490 3.22505780658694 4.37312550219003 -5.40232034952600
2025-09-23T00:28:00.000 6704.065335984500 -560.322093294819 960.327933292333 1.24884172313739 4.71374887586207 -5.90849220356161
2025-09-23T00:32:00.000 6756.132764160210 577.615201473092 -475.469304475243 -0.81736083973763 4.71111897032942 -5.98316173429741
2025-09-23T00:36:00.000 6316.646001175690 1673.539394982560 -1876.591504388640 -2.82231256202052 4.36589329462309 -5.62144234509048
2025-09-23T00:40:00.000 5418.054213667550 2647.845913284390 -3140.958267640740 -4.61990856942628 3.70396357874029 -4.85068181614627
2025-09-23T00:44:00.000 4126.153698628140 3429.962454574460 -4176.698576038810 -6.08006124622087 2.77417925976366 -3.72801344067319
2025-09-23T00:48:00.000 2535.086357528590 3963.413801399240 -4908.780368710560 -7.09802556399552 1.64438039056039 -2.33566362657813
2025-09-23T00:52:00.000 760.377093061022 4209.775141163590 -5284.287186557240 -7.60128238922244 0.39622703691324 -0.77457734378392
2025-09-23T00:56:00.000 -1069.385501039890 4151.304113894980 -5276.068713772590 -7.55404265654945 -0.88059204914551 0.84273502120733
2025-09-23T01:00:00.000 -2821.663823128840 3792.140523850440 -4884.599860611410 -6.95935756068250 -2.09443184755463 2.39986007121563
2025-09-23T01:04:00.000 -4369.328174299700 3158.039810529580 -4137.981334441750 -5.85902965224655 -3.15782394206273 3.78430749117611
2025-09-23T01:08:00.000 -5599.711025033270 2294.647023722920 -3090.063637127770 -4.33117128059706 -3.99347003167272 4.89524408236851
2025-09-23T01:12:00.000 -6422.794766235400 1264.372735744940 -1816.768942509050 -2.48544050375930 -4.53982942051397 5.65072172273758
2025-09-23T01:16:00.000 -6777.978960785250 142.008978033916 -410.762507818935 -0.45590867179108 -4.75600528197282 5.99415352627193
2025-09-23T01:20:00.000 -6638.816510476480 -990.694719321757 1025.272980784410 1.60870083367073 -4.62536457262390 5.89929045370919
2025-09-23T01:24:00.000 -6015.167981368600 -2051.090220296340 2386.265354219160 3.55653275376179 -4.15712414358978 5.37262142863003
2025-09-23T01:28:00.000 -4952.530239905820 -2961.797554122840 3572.611457554090 5.24441088301424 -3.38567519696758 4.45293327978429
2025-09-23T01:32:00.000 -3528.603754304580 -3656.450395666940 4497.601864161160 6.54884849703830 -2.36777597184681 3.20814477974949
2025-09-23T01:36:00.000 -1847.431504255880 -4084.549523185920 5093.791705452690 7.37511552644987 -1.17803030023490 1.72979828841154
2025-09-23T01:40:00.000 -31.664289435426 -4215.084443236140 5317.846517547440 7.66374341043991 0.09677911425448 0.12600753766966
2025-09-23T01:44:00.000 1786.411653815890 -4038.700024312720 5153.581631367770 7.39430345573585 1.36405999945378 -1.48643524775001
2025-09-23T01:48:00.000 3474.435879443150 -3568.305664988960 4613.069766761570 6.58659569445261 2.53195470674078 -2.99023984075139
2025-09-23T01:52:00.000 4909.509395447490 -2838.129671652080 3735.759841961040 5.29921892348640 3.51568847089084 -4.27590221954024
2025-09-23T01:56:00.000 5987.097300230610 -1901.291549995530 2585.661542373230 3.62575642411492 4.24358832037568 -5.24951390950584
2025-09-23T02:00:00.000 6628.700377843760 -825.990202681061 1246.737364762620 1.68831115804284 4.66246677721358 -5.83977248072621
2025-09-23T02:04:00.000 6787.687930712670 309.462319367408 -183.225235504347 -0.37131175264420 4.74180952223231 -6.00354051669907
2025-09-23T02:08:00.000 6452.769932214240 1422.413503126110 -1599.832768345430 -2.40229074389617 4.47620165713761 -5.72928662262366
2025-09-23T02:12:00.000 5648.771098186640 2431.984101588310 -2899.833413674020 -4.25644993610564 3.88570077473732 -5.03794123514070
2025-09-23T02:16:00.000 4434.634005301640 3265.000619661390 -3988.718498053840 -5.79940136650579 3.01400946931209 -3.98090082475773
2025-09-23T02:20:00.000 2898.909213099200 3861.273813236730 -4787.562918295970 -6.92026019340324 1.92488731167068 -2.63574653354892
2025-09-23T02:24:00.000 1153.166776600070 4177.834168514630 -5238.608254038700 -7.53910663096252 0.69717631907517 -1.10016988068428
2025-09-23T02:28:00.000 -676.076578484104 4191.884194669560 -5309.254739600850 -7.61193119460654 -0.58084610589082 0.51509115948776
2025-09-23T02:32:00.000 -2456.338558740520 3902.346320424050 -4994.294764598360 -7.13328712123750 -1.81747851833965 2.09380025032823
2025-09-23T02:36:00.000 -4058.517096192440 3329.950938800410 -4316.297189925850 -6.13667416854808 -2.92369998482826 3.52201455690993
2025-09-23T02:40:00.000 -5366.068353133600 2515.862835313400 -3324.123426459770 -4.69273915136908 -3.81925578295986 4.69587563912704
2025-09-23T02:44:00.000 -6283.447740134120 1518.869832550320 -2089.592342754730 -2.90488670539095 -4.43844374274349 5.52909882184727
2025-09-23T02:48:00.000 -6743.214203566810 411.274873880481 -702.461672966996 -0.90261473096220 -4.73511013290259 5.95949116002010
2025-09-23T02:52:00.000 -6711.249965063000 -726.301640043072 736.029394217136 1.16761428623032 -4.68662310765131 5.95429722667266
2025-09-23T02:56:00.000 -6189.522314326450 -1810.867827302550 2120.645794586190 3.15352104473122 -4.29603982724510 5.51326200105008
2025-09-23T03:00:00.000 -5216.038947664260 -2763.260765252450 3350.039193167330 4.90902542755225 -3.59199061620658 4.66879220376856
2025-09-23T03:04:00.000 -3861.983383828130 -3514.044302613080 4334.316713194490 6.30552416460489 -2.62634077667687 3.48328921546379
2025-09-23T03:08:00.000 -2226.324203188290 -4008.608175735690 5001.668157654900 7.24145772734923 -1.46994354888661 2.04401904765205
2025-09-23T03:12:00.000 -428.434723877587 -4211.089643265830 5303.546617816100 7.64929651900927 -0.20720071220210 0.45635770628233
2025-09-23T03:16:00.000 1400.658582507980 -4106.899139047420 5218.103410292020 7.49999310757538 1.07008499931991 -1.16394434474523
2025-09-23T03:20:00.000 3127.777543308440 -3703.710994779760 4751.682220472680 6.80470299183067 2.26928161281093 -2.69908225834156
2025-09-23T03:24:00.000 4627.179171194760 -3030.885142782950 3938.337041731460 5.61391377674168 3.30336063051421 -4.03728717012975
2025-09-23T03:28:00.000 5789.656091315350 -2137.375546054970 2837.409807004150 4.01414563556180 4.09704818862360 -5.08088643709425
2025-09-23T03:32:00.000 6530.526242700690 -1088.227787926210 1529.265240577390 2.12207077811735 4.59239720709593 -5.75347950329908
2025-09-23T03:36:00.000 6795.906554519730 40.152528513154 109.440273618810 0.07608940170567 4.75329706239911 -6.00585964497820
2025-09-23T03:40:00.000 6566.724534721560 1165.616668424800 -1318.393818996950 -1.97395712087007 4.56832934660914 -5.81991825094455
2025-09-23T03:44:00.000 5860.090279728680 2206.345956538210 -2650.123863469160 -3.87834863620717 4.05161905160915 -5.21006636972075
2025-09-23T03:48:00.000 4727.886368332350 3086.868311037320 -3788.880416595330 -5.49885530714344 3.24154239569154 -4.22180950487391
2025-09-23T03:52:00.000 3252.761921990930 3743.522636256510 -4652.077758699880 -6.71882741456652 2.19746776400930 -2.92784071425475
2025-09-23T03:56:00.000 1541.957427752380 4128.962949997920 -5177.281687768140 -7.45112968736154 0.99513128300663 -1.42232760875022
2025-09-23T04:00:00.000 -280.501999898358 4215.435280181920 -5326.546137288950 -7.64373036812491 -0.27892279142544 0.18605851796027
2025-09-23T04:04:00.000 -2082.639324927940 3996.656570300770 -5089.002046171550 -7.28271625504491 -1.53330872748872 1.78160989237724
2025-09-23T04:08:00.000 -3733.825114805750 3488.255136670160 -4481.626217912070 -6.39320943288059 -2.67783946970987 3.24928668801994
2025-09-23T04:12:00.000 -5114.036272917950 2726.748345445200 -3548.140889196280 -5.03805457205066 -3.62962892438607 4.48254283576036
2025-09-23T04:16:00.000 -6122.516251767350 1767.076695907770 -2356.060885670920 -3.31414571729514 -4.31899921251992 5.39088220737859
2025-09-23T04:20:00.000 -6685.243594680160 678.772970478103 -991.986002684999 -1.34609160376973 -4.69482689805127 5.90681811447643
2025-09-23T04:24:00.000 -6760.572022056560 -459.012445887911 444.607179278184 0.72251912169458 -4.72866122689464 5.99127344571805
2025-09-23T04:28:00.000 -6342.564981671340 -1563.305493622150 1848.654466561560 2.73962049965769 -4.41737590053771 5.63720208921704
2025-09-23T04:32:00.000 -5461.594153144520 -2553.494622690670 3117.373206562710 4.55674119145297 -3.78366764383099 4.87052353903654
2025-09-23T04:36:00.000 -4182.058140559600 -3357.349071243240 4157.956106947290 6.04059296586495 -2.87418305515961 3.74785968855109
2025-09-23T04:40:00.000 -2597.512287329640 -3916.349408423140 4894.435924294290 7.08301378866836 -1.75578064918440 2.35197688898785
2025-09-23T04:44:00.000 -823.652068455705 -4189.928253421670 5273.201722529330 7.60869666310446 -0.51022786781044 0.78520249960512
2025-09-23T04:48:00.000 1010.208157739190 -4158.326219446800 5266.793913475930 7.58004620381536 0.77189746764268 -0.83818101015566
2025-09-23T04:52:00.000 2770.511243342740 -3823.946020177110 4875.810523282670 6.99950065887566 1.99755734966856 -2.40002408320857
2025-09-23T04:56:00.000 4329.098121189300 -3211.156423091050 4128.828359794680 5.90931219627093 3.07783802666941 -3.78670545891097
2025-09-23T05:00:00.000 5572.457549078300 -2364.545278893700 3080.350637203040 4.38864498279098 3.93414280957947 -4.89707459629385
2025-09-23T05:04:00.000 6410.011445461370 -1345.741340972560 1806.907205539450 2.54832149163666 4.50398575990949 -5.64988889158745
2025-09-23T05:08:00.000 6780.805951913080 -228.939739000443 401.501873605358 0.52289448299873 4.74579772206912 -5.99000977019637
2025-09-23T05:12:00.000 6658.054912291130 904.537357058390 -1033.227168465240 -1.53927555827369 4.64216518195089 -5.89284691609059
2025-09-23T05:16:00.000 6051.096395055060 1972.246489064190 -2392.625865705060 -3.48745947871915 4.20120444061685 -5.36625890305788
2025-09-23T05:20:00.000 5004.580870306500 2896.703175798240 -3577.756437957150 -5.17998271662951 3.45582509985106 -4.44967876413019
2025-09-23T05:24:00.000 3594.995669333270 3611.028316440040 -4502.621315629760 -6.49481878999830 2.46085651749428 -3.21073223683515
2025-09-23T05:28:00.000 1924.891741078120 4063.698234342360 -5100.300470395280 -7.33799469977923 1.28859430641391 -1.73972812526039
2025-09-23T05:32:00.000 115.392574412960 4222.109254407200 -5327.607837799220 -7.64951101400260 0.02349076459734 -0.14297609727193
2025-09-23T05:36:00.000 -1702.454559289800 4074.809729938800 -5168.061049766260 -7.40709488161964 -1.24366007461823 1.46459785917597
2025-09-23T05:40:00.000 -3396.933947187690 3632.283739547000 -4633.015075912360 -6.62747157121291 -2.42186400847185 2.96722481650313
2025-09-23T05:44:00.000 -4844.962117231690 2926.276118892140 -3760.940002602590 -5.36554511902378 -3.42595154831112 4.25600318468959
2025-09-23T05:48:00.000 -5940.930686782120 2007.668994448250 -2614.848296577180 -3.71129562681640 -4.18259234277895 5.23657077058358
2025-09-23T05:52:00.000 -6604.490765343670 942.965918956636 -1277.935781766790 -1.78409342651931 -4.63579877417544 5.83619886046349
2025-09-23T05:56:00.000 -6786.668506364330 -190.451609912653 152.358846036453 0.27559117796252 -4.75155476655176 6.00978044292423
2025-09-23T06:00:00.000 -6473.698200151490 -1309.978422462300 1571.493632238630 2.31665745890494 -4.52066005238300 5.74365967786290
2025-09-23T06:04:00.000 -5688.216339484150 -2333.902482320330 2875.595944481160 4.18886365337842 -3.95977324932079 5.05709957202069
2025-09-23T06:08:00.000 -4487.611784204570 -3187.518110672920 3969.247479956530 5.75475017019942 -3.11020024126292 4.00078138314044
2025-09-23T06:12:00.000 -2959.670317075350 -3808.654998948380 4772.565540578620 6.90001382083920 -2.03438290278205 2.65260570511046
2025-09-23T06:16:00.000 -1215.992268497260 -4152.194314152880 5227.032632782790 7.54168445341331 -0.81106644109827 1.11156301746393
2025-09-23T06:20:00.000 616.265568410950 -4193.284551750860 5299.675588933820 7.63378667738869 0.47065008123608 -0.50980315869250
2025-09-23T06:24:00.000 2403.654509634950 -3929.055835365870 4985.344941396120 7.17009250203556 1.71777748756404 -2.09353540060008
2025-09-23T06:28:00.000 4016.045636016810 -3378.781722265310 4307.036929027640 6.18436739354484 2.83982872157638 -3.52440931928118
2025-09-23T06:32:00.000 5336.028420090700 -2582.508290302420 3314.249867828170 4.74821866332618 3.75524784483148 -4.69813323146285
2025-09-23T06:36:00.000 6267.452133657240 -1598.185255383030 2079.438994335410 2.96620400523577 4.39730425566881 -5.52887530488106
2025-09-23T06:40:00.000 6742.510175800900 -497.484415453222 692.774103368608 0.96853090499103 4.71912403783529 -5.95581297907410
2025-09-23T06:44:00.000 6726.783909369350 639.439953012376 -744.476442218451 -1.09851401623447 4.69737279755894 -5.94790418642550
2025-09-23T06:48:00.000 6221.788665727540 1729.870424595990 -2127.445621786190 -3.08372246314069 4.33416458947384 -5.50639137146397
2025-09-23T06:52:00.000 5264.750539233830 2694.639073544410 -3355.433856151990 -4.84260138488181 3.65672141402112 -4.66447521116491
2025-09-23T06:56:00.000 3925.682312448080 3463.901523702060 -4339.276994829810 -6.24808676230485 2.71496137367199 -3.48440373002585
2025-09-23T07:00:00.000 2302.086096816630 3982.127031697500 -5007.748961337260 -7.19947541188862 1.57748351143017 -2.05243013888753
2025-09-23T07:04:00.000 511.773507372597 4211.983720713850 -5312.555604804990 -7.62910973710346 0.32639118162165 -0.47219509082395
2025-09-23T07:08:00.000 -1315.589616117590 4136.885632355300 -5231.632540120750 -7.50633885359459 -0.94851080929388 1.14257831068736
2025-09-23T07:12:00.000 -3047.635992309480 3762.125850059930 -4770.670037416040 -6.83944593487935 -2.15572084565689 2.67563466821488
2025-09-23T07:16:00.000 -4558.643409182890 3114.549800196300 -3962.771650982600 -5.67525962249252 -3.20815123992637 4.01607602238317
2025-09-23T07:20:00.000 -5738.515347232980 2240.772629881270 -2866.251477881420 -4.09654653882611 -4.02912968545268 5.06597503626006
2025-09-23T07:24:00.000 -6500.850440414870 1203.985983402560 -1560.629195803400 -2.21692374539119 -4.55808415116259 5.74769102459608
2025-09-23T07:28:00.000 -6789.471228703660 79.489545842509 -140.991213165769 -0.17315360437999 -4.75539468042443 6.01005675235749
2025-09-23T07:32:00.000 -6582.818450697740 -1050.786450621940 1288.945143793390 1.88488840314447 -4.60586462590430 5.83286592757237
2025-09-23T07:36:00.000 -5895.718522048320 -2104.363994767150 2624.542847055780 3.80584911434928 -4.12015765859496 5.22872661799139
2025-09-23T07:40:00.000 -4778.326517138120 -3004.362959229720 3768.060948319860 5.44857181938982 -3.33395555220006 4.24212326431552
2025-09-23T07:44:00.000 -3312.356090552470 -3685.209580625740 4635.932415284370 6.69291780811073 -2.30516512114069 2.94590135876056
2025-09-23T07:48:00.000 -1604.907965507190 -4097.430360616590 5164.902382253460 7.44868786977794 -1.10912516114926 1.43530491995817
2025-09-23T07:52:00.000 219.471230805516 -4211.166117403870 5316.542478388560 7.66150084378317 0.16702415335549 -0.17925564876215
2025-09-23T07:56:00.000 2027.872171518720 -4018.266941867810 5079.953838373600 7.31641584733957 1.43060457037736 -1.78017916009884
2025-09-23T08:00:00.000 3688.637693197140 -3532.832011380460 4472.484927343270 6.43870536289594 2.58997807935009 -3.25105346071133
2025-09-23T08:04:00.000 5080.845357875190 -2790.189837911360 3538.468803218120 5.09207897295080 3.56090289617332 -4.48474155017016
2025-09-23T08:08:00.000 6103.085455936570 -1844.384713576020 2346.060260769130 3.37450380834172 4.27263052887321 -5.39108593215586
2025-09-23T08:12:00.000 6680.917503718060 -764.282046831459 982.323980178553 1.41142207091716 4.67319260296641 -5.90370064195135
2025-09-23T08:16:00.000 6772.404775824660 371.458750544766 -453.142071619283 -0.65345057017881 4.73348861391321 -5.98521604470173
2025-09-23T08:20:00.000 6371.217739938360 1480.187297274920 -1855.572251662480 -2.66901094129201 4.44957217520921 -5.63022359456621
2025-09-23T08:24:00.000 5507.018434924040 2481.364984345100 -3122.796290414370 -4.48834989925395 3.84284214959212 -4.86557435743263
2025-09-23T08:28:00.000 4243.107276323810 3302.462398753700 -4162.744879436020 -5.97980173191546 2.95815971627433 -3.74798032729010
2025-09-23T08:32:00.000 2671.589952853180 3884.172559204710 -4900.086860159440 -7.03636567979054 1.86010874991233 -2.35926672726764
2025-09-23T08:36:00.000 906.565369587846 4184.569470395300 -5281.526108563890 -7.58273610611479 0.62805201661269 -0.80011331563621
2025-09-23T08:40:00.000 -924.094120445525 4181.990321789980 -5279.484180264010 -7.58003665037547 -0.64949004916910 0.81712288556611
2025-09-23T08:44:00.000 -2687.807694982620 3876.516567140350 -4893.975132021880 -7.02808051037800 -1.88085302744355 2.37612842471935
2025-09-23T08:48:00.000 -4256.623573511810 3289.996233266150 -4152.644698322000 -5.96549540282476 -2.97732931808628 3.76424719112790
2025-09-23T08:52:00.000 -5516.336678448680 2464.602782543040 -3108.949502093260 -4.46763153907991 -3.85924644308644 4.88032989770620
2025-09-23T08:56:00.000 -6374.797510421240 1459.968348506540 -1838.507085294350 -2.64200172785096 -4.46170610601168 5.64201222012661
2025-09-23T09:00:00.000 -6768.841997363270 348.999513230144 -433.773566170416 -0.62119623156649 -4.73976680722294 5.99233390875525
2025-09-23T09:04:00.000 -6669.184126131310 -787.403568312181 1002.675532265470 1.44681679802368 -4.67224304719645 5.90453627617139
2025-09-23T09:08:00.000 -6082.781315780710 -1866.324188450210 2365.738348628670 3.40994350391576 -4.26366804163544 5.38451163714790
2025-09-23T09:12:00.000 -5052.402321066800 -2809.018114943920 3555.647262013560 5.12381800496535 -3.54404040156091 4.47053838146623
2025-09-23T09:16:00.000 -3653.402203445240 -3546.771387092970 4485.415006986530 6.46296781710393 -2.56638319468396 3.23009682435020
2025-09-23T09:20:00.000 -1988.031781918870 -4025.942531630280 5087.238598493500 7.33011471792789 -1.40242012481345 1.75450575444090
2025-09-23T09:24:00.000 -177.803788299550 -4211.801952696360 5317.373667369460 7.66285857681689 -0.13704735888903 0.15165836597997
2025-09-23T09:28:00.000 1645.385798830370 -4090.961918013350 5159.192253599520 7.43752664814142 1.13784399174341 -1.46169369508570
2025-09-23T09:32:00.000 3348.785468253120 -3672.289955266780 4624.333603969980 6.67071734514626 2.32976722202100 -2.96814399749719
2025-09-23T09:36:00.000 4808.376769083490 -2986.267244122980 3751.850613498060 5.41817269379429 3.35217518360686 -4.25802026824679
2025-09-23T09:40:00.000 5917.853890045960 -2082.809096893120 2605.403279659290 3.77092633524387 4.13063476346300 -5.23715849370239
2025-09-23T09:44:00.000 6596.404743332250 -1027.685879730940 1268.687703769100 1.84916468444396 4.60829577997815 -5.83383434326040
2025-09-23T09:48:00.000 6794.718255695080 102.258137410216 -160.668587017269 -0.20644691203822 4.75035645127747 -6.00446054286485
2025-09-23T09:52:00.000 6498.647823467540 1224.769536073750 -1578.319358486580 -2.24539883261768 4.54683134097078 -5.73700775555568
2025-09-23T09:56:00.000 5730.197048441860 2258.267795459350 -2880.939318818460 -4.11891209668413 4.01324848961718 -5.05191723594574
2025-09-23T10:00:00.000 4545.729099857780 3127.834453614890 -3973.833266942500 -5.69120376713557 3.18918297654752 -4.00012968741891
2025-09-23T10:04:00.000 3031.640641966750 3770.618844160770 -4777.786774007040 -6.84925132332165 2.13494471863378 -2.65883440824397
2025-09-23T10:08:00.000 1297.932834198800 4140.274475978530 -5234.670431095460 -7.51044026777760 0.92688908043686 -1.12543793207169
2025-09-23T10:12:00.000 -529.755039536683 4210.155949593070 -5311.459437798580 -7.62771945633910 -0.34813184463692 0.48948610879370
2025-09-23T10:16:00.000 -2319.062531279620 3975.135762733120 -5002.498416971240 -7.19243565142425 -1.59864705261769 2.06972207779246
2025-09-23T10:20:00.000 -3940.248766139490 3451.983244443510 -4329.912445500290 -6.23495854806861 -2.73469096268423 3.50128998415695
2025-09-23T10:24:00.000 -5275.392128620220 2678.269730198030 -3342.149750150280 -4.82297930233873 -3.67386997828240 4.68006335199031
2025-09-23T10:28:00.000 -6226.935500110810 1709.835453318700 -2110.708708583010 -3.05761127417171 -4.34730346562127 5.51931039997413
2025-09-23T10:32:00.000 -6724.957468648140 616.891979847268 -725.130591811981 -1.06673776848257 -4.70491084381959 5.95642250273749
2025-09-23T10:36:00.000 -6732.561962260000 -521.020063974932 713.460745696226 1.00401819182824 -4.71961545135719 5.95821250859056
2025-09-23T10:40:00.000 -6248.826720822970 -1620.896869091290 2099.834167934410 3.00246529331612 -4.38985196411915 5.52389005039184
2025-09-23T10:44:00.000 -5308.970938673500 -2602.456579841810 3332.505697508970 4.78156965702589 -3.73973127431870 4.68530298333484
2025-09-23T10:48:00.000 -3981.725493487370 -3394.118187393700 4321.329177095460 6.21091035760612 -2.81715760022673 3.50441679045778
2025-09-23T10:52:00.000 -2364.128254358910 -3938.281528132080 4994.153476338770 7.18646155080182 -1.68993292192893 2.06822834651748
2025-09-23T10:56:00.000 -574.257006428655 -4195.476359374340 5302.041755732060 7.63788427775498 -0.44037439063860 0.48192819318333
2025-09-23T11:00:00.000 1257.444855062970 -4147.135668538290 5222.713090938810 7.53301284025681 0.84068987543577 -1.13887456831316
2025-09-23T11:04:00.000 2997.609735286820 -3796.866357584510 4762.064269568840 6.87972902502212 2.06038040611982 -2.67633973389728
2025-09-23T11:08:00.000 4519.538119891170 -3170.177530063840 3953.732216454910 5.72546702891058 3.13012811512017 -4.01850045349958
2025-09-23T11:12:00.000 5712.387968031580 -2312.671743901990 2856.701214087660 4.15415975600396 3.97209058469627 -5.06740619740520
2025-09-23T11:16:00.000 6489.274042837560 -1286.767437533780 1551.051078134140 2.28035323015175 4.52484423521290 -5.74629817474969
2025-09-23T11:20:00.000 6793.690869524060 -167.175136611867 132.137358213348 0.24112535068749 4.74806038529523 -6.00549722407666
2025-09-23T11:24:00.000 6603.725140908720 964.590158897674 -1296.438041827660 -1.81418940387064 4.62574315172407 -5.82642022373040
2025-09-23T11:28:00.000 5933.632496838960 2026.236100297860 -2630.509904408660 -3.73545911761520 4.16743621462661 -5.22296137082283
2025-09-23T11:32:00.000 4832.643404505100 2940.753718113510 -3773.038416129780 -5.38319946857303 3.40728384860832 -4.24015470610787
2025-09-23T11:36:00.000 3381.148888574970 3642.001960314780 -4641.162927518460 -6.63876434125074 2.40107894639086 -2.95030542457643
2025-09-23T11:40:00.000 1684.678698672230 4079.396439716470 -5172.090384687490 -7.41246437521716 1.22183310496669 -1.44726389622338
2025-09-23T11:44:00.000 -133.779370849099 4221.414259077420 -5327.455542355820 -7.64925692877799 -0.04555868829715 0.16046515967719
2025-09-23T11:48:00.000 -1942.541393969310 4057.748598797280 -5095.945662179610 -7.33206460013559 -1.31019435700089 1.75722823965730
2025-09-23T11:52:00.000 -3610.505622179380 3600.031108149050 -4494.096283732350 -6.48284214546462 -2.48116306135808 3.22789721308451
2025-09-23T11:56:00.000 -5016.445949380830 2881.093428132160 -3565.224084410980 -5.16152794757214 -3.47374741287288 4.46573430560414
2025-09-23T12:00:00.000 -6057.741278022150 1952.759215449400 -2376.498870131020 -3.46245692290112 -4.21534043862357 5.37990310729103
2025-09-23T12:04:00.000 -6657.975354686590 882.266570608237 -1014.278145913480 -1.50843190346552 -4.65096943911326 5.90243086541107
2025-09-23T12:08:00.000 -6772.778434581830 -252.536798123281 422.088490724149 0.55790814261592 -4.74782744827644 5.99379488546399
2025-09-23T12:12:00.000 -6393.347013971330 -1368.902080802020 1827.561161085350 2.58473998300269 -4.49820148163958 5.64648704491364
2025-09-23T12:16:00.000 -5547.234390193270 -2385.341960908820 3099.255668523610 4.42291348142433 -3.92025431831401 4.88587768192892
2025-09-23T12:20:00.000 -4296.297790455910 -3227.708598022400 4144.142264535950 5.93755359584886 -3.05656620905062 3.76815018714310
2025-09-23T12:24:00.000 -2732.011882239440 -3834.671275922570 4885.933703499760 7.01823201274742 -1.97063902216350 2.37567753916245
2025-09-23T12:28:00.000 -968.614555040779 -4162.165266887700 5270.631628268770 7.58681538683557 -0.74191749267943 0.81064508062864
2025-09-23T12:32:00.000 865.333478311460 -4186.510539520580 5270.360556540530 7.60266800676475 0.54020012117061 -0.81279074857977
2025-09-23T12:36:00.000 2636.281753256150 -3906.044781111550 4885.278118574150 7.06505657392260 1.78271934674063 -2.37654793230841
2025-09-23T12:40:00.000 4215.308498074150 -3341.205798516570 4143.522173608480 6.01304537020101 2.89553185855686 -3.76690307187486
2025-09-23T12:44:00.000 5487.412569659690 -2533.085434712080 3099.205777480070 4.52298304007898 3.79765410023739 -4.88241145525271
2025-09-23T12:48:00.000 6359.919313585020 -1540.508063870860 1828.553664885290 2.70347915888069 4.42325356726560 -5.64143295936838
2025-09-23T12:52:00.000 6769.331996829470 -435.761121273950 424.363997572089 0.68758335465247 4.72668459871964 -5.98840373052571
2025-09-23T12:56:00.000 6686.049915504160 700.704992790834 -1010.820360468440 -1.37707166559241 4.68602993372491 -5.89822286371073
2025-09-23T13:00:00.000 6116.531491099780 1786.221843440480 -2372.310941673990 -3.33957392491518 4.30482371393335 -5.37820163963986
2025-09-23T13:04:00.000 5102.697794345150 2741.997555943720 -3561.008080033350 -5.05717335478881 3.61159088373788 -4.46727009895495
2025-09-23T13:08:00.000 3718.666725122630 3498.858285963510 -4490.644789818830 -6.40596332789730 2.65738251835228 -3.23265571792209
2025-09-23T13:12:00.000 2065.149341151500 4002.179628253120 -5093.946922492770 -7.28946040805559 1.51159719283943 -1.76438219414993
2025-09-23T13:16:00.000 262.078641867278 4215.685700783930 -5327.322314205680 -7.64480017416910 0.25682030906930 -0.16857590832848
2025-09-23T13:20:00.000 -1559.961793510020 4123.933614692430 -5173.845656566210 -7.44653936168481 -1.01690791299492 1.43992014990804
2025-09-23T13:24:00.000 -3268.954444134060 3733.382529624760 -4644.430841423180 -6.70824151479195 -2.21813386688237 2.94526449911290
2025-09-23T13:28:00.000 -4740.771297656750 3072.002355525030 -3777.135669464370 -5.48180967068825 -3.26006071132210 4.23837784769299
2025-09-23T13:32:00.000 -5868.082348637900 2187.424029386690 -2634.621599058500 -3.85463185793784 -4.06665644171897 5.22456293834771
2025-09-23T13:36:00.000 -6568.264132682310 1143.655685769420 -1299.823581550770 -1.94406124106948 -4.57835650165774 5.83069450024641
2025-09-23T13:40:00.000 -6789.665485007730 16.539415416295 129.972970632542 0.11069638803402 -4.75680484495057 6.01115017931319
2025-09-23T13:44:00.000 -6515.658644234160 -1111.777882647210 1550.252358771040 2.15884238891750 -4.58821779028740 5.75176768289907
2025-09-23T13:48:00.000 -5766.040982001080 -2158.942872625220 2857.051507513240 4.04963692676301 -4.08469374861030 5.07132231121187
2025-09-23T13:52:00.000 -4595.590802572650 -3048.542849634290 3954.748634028170 5.64421331348445 -3.28330520172143 4.02006164168856
2025-09-23T13:56:00.000 -3089.913021807420 -3715.774132438210 4763.162807469450 6.82614700033140 -2.24304972700418 2.67553141414381
2025-09-23T14:00:00.000 -1359.000591178130 -4112.161647753730 5223.402481383750 7.50980985523117 -1.04011374761939 1.13644959971990
2025-09-23T14:04:00.000 470.905872300450 -4209.009478835930 5302.075057695820 7.64617862299707 0.23788970981641 -0.48474361404261
2025-09-23T14:08:00.000 2266.521427029680 -3999.393395967310 4993.600844312870 7.22584809623634 1.49820545857385 -2.07008378664026
2025-09-23T14:12:00.000 3897.128678970560 -3498.618195935100 4320.556023327480 6.27949302748384 2.64943705741450 -3.50427549615597
2025-09-23T14:16:00.000 5244.000200450490 -2743.117509358050 3332.049269245050 4.87579264287062 3.60795259964709 -4.68282137714122
2025-09-23T14:20:00.000 6209.020862356840 -1787.861813754640 2100.214412360070 3.11687942576988 4.30384601884364 -5.51954213655453
2025-09-23T14:24:00.000 6721.921927234010 -702.412324727776 714.999455544248 1.13127990390187 4.68625660882802 -5.95313365487116
2025-09-23T14:28:00.000 6745.518631298820 434.175588705216 -722.428218530456 -0.93558307179603 4.72744602147768 -5.95204259386465
2025-09-23T14:32:00.000 6278.455170597720 1539.195761240020 -2107.176624435070 -2.93247961389441 4.42491403957875 -5.51697993223073
2025-09-23T14:36:00.000 5355.203773204790 2532.398008430820 -3338.402784315510 -4.71399654307598 3.80146003009472 -4.68069890290068
2025-09-23T14:40:00.000 4043.334694574330 3341.852594717610 -4326.697781890110 -6.15140321193905 2.90310866084181 -3.50504620047995
2025-09-23T14:44:00.000 2438.389795613450 3909.098414574440 -5000.502019668180 -7.14166332110561 1.79534894768735 -2.07594450491952
2025-09-23T14:48:00.000 656.845968480111 4193.243297044600 -5311.125059510400 -7.61428279841750 0.55817445483205 -0.49685889812025
2025-09-23T14:52:00.000 -1172.252846418550 4173.765870214190 -5236.083265453530 -7.53554199842674 -0.71960741753206 1.11852944861165
2025-09-23T14:56:00.000 -2916.410238665490 3851.928533583490 -4780.642679312180 -6.91055409160994 -1.94628765030764 2.65394417877434
2025-09-23T15:00:00.000 -4449.027484951050 3250.737967012620 -3977.509054794600 -5.78314344139119 -3.03340130531078 3.99830159679567
2025-09-23T15:04:00.000 -5658.448080538290 2413.431988516400 -2884.651075470340 -4.23339903666919 -3.90182308473288 5.05342018118145
2025-09-23T15:08:00.000 -6456.121248102850 1400.533166729680 -1581.319950734780 -2.37275008225983 -4.48754091927421 5.74126052693700
2025-09-23T15:12:00.000 -6783.293258185520 285.594156000807 -162.444917640394 -0.33662481473690 -4.74679434618892 6.01016201129791
2025-09-23T15:16:00.000 -6615.598517562060 -850.166305750108 1268.299350924430 1.72569707850257 -4.65989282296690 5.83944231077977
2025-09-23T15:20:00.000 -5965.022218303310 -1923.875076066400 2606.204079251510 3.66253476281770 -4.23285534897618 5.24125539509147
2025-09-23T15:24:00.000 -4879.062655465280 -2857.173280722080 3753.355469495480 5.33154575876375 -3.49704217266095 4.25969353345954
2025-09-23T15:28:00.000 -3437.150170127840 -3582.039770704020 4625.922808662480 6.61066708316516 -2.50665286166496 2.96721261834958
2025-09-23T15:32:00.000 -1744.655052659010 -4045.777380856270 5160.303590942200 7.40707891411351 -1.33432674965721 1.45881755537835
2025-09-23T15:36:00.000 74.944812239111 -4214.782351646270 5317.684327778790 7.66352343194063 -0.06554483158335 -0.15521705540643
2025-09-23T15:40:00.000 1889.084574734310 -4076.891854660590 5086.755066160360 7.36192330638142 1.20756629059512 -1.75734107119535
2025-09-23T15:44:00.000 3565.690946900780 -3642.207401072810 4484.457436927510 6.52440935745317 2.39267761975045 -3.23106275254606
2025-09-23T15:48:00.000 4982.698044005730 -2942.365199289570 3554.745922291280 5.21177247497933 3.40372999319659 -4.46908291350898
2025-09-23T15:52:00.000 6036.893901111860 -2028.280230075370 2365.460788245680 3.51948854476515 4.16709308283147 -5.38087948125452
2025-09-23T15:56:00.000 6651.513755831880 -966.495437724923 1003.436207599030 1.57111265311820 4.62701907003391 -5.89973680009193
2025-09-23T16:00:00.000 6781.922234098310 165.666823156539 -431.860894192662 -0.49079565291803 4.75000642579999 -5.98776794557046
2025-09-23T16:04:00.000 6418.939527165410 1285.797434767010 -1835.664124839630 -2.51523383784555 4.52747746763862 -5.63904050797611
2025-09-23T16:08:00.000 5589.454715045990 2312.506763905170 -3105.693563056040 -4.35459957550292 3.97638878376103 -4.87998906792056
2025-09-23T16:12:00.000 4354.252234276900 3171.389188469260 -4149.669366870310 -5.87576090813229 3.13755272206566 -3.76691236405249
2025-09-23T16:16:00.000 2803.368002539540 3800.374605937180 -4891.960081936680 -6.96949814791867 2.07227421507254 -2.38132290297455
2025-09-23T16:20:00.000 1049.423070649460 4154.102640446480 -5278.908046122360 -7.55782686401498 0.85761583167195 -0.82368105012440
2025-09-23T16:24:00.000 -780.502554402111 4207.050470103670 -5282.532513526140 -7.59886370573559 -0.41914372703768 0.79375511419623
2025-09-23T16:28:00.000 -2553.877364526140 3955.276912737430 -4902.441735005640 -7.08928233671040 -1.66642148800573 2.35461126659012
2025-09-23T16:32:00.000 -4142.056532674820 3416.734208496000 -4165.896624608250 -6.06467733955890 -2.79438652930458 3.74612707959863
2025-09-23T16:36:00.000 -5429.441371283180 2630.107247649210 -3126.010179742160 -4.59765588139547 -3.72111678385322 4.86690203068234
2025-09-23T16:40:00.000 -6321.888348774290 1652.194450883740 -1858.124379173620 -2.79346704080592 -4.37853524218974 5.63426686704091
2025-09-23T16:44:00.000 -6753.765116954660 553.931653152326 -454.507307608498 -0.78306457870512 -4.71771756073233 5.99083035506501
2025-09-23T16:48:00.000 -6693.021007869540 -584.724405876474 982.341282021708 1.28638133346672 -4.71294775661959 5.90933306423872
2025-09-23T16:52:00.000 -6143.784581409300 -1680.694307019230 2347.278527560540 3.26254569553287 -4.36417852409865 5.39525291953660
2025-09-23T16:56:00.000 -5146.126544355960 -2653.999016005460 3540.409421987160 5.00022071672786 -3.69705838800978 4.48648715315272
2025-09-23T17:00:00.000 -3773.004245916300 -3433.689100695750 4474.517044083640 6.37224730782247 -2.76068134674444 3.25008491728515
2025-09-23T17:04:00.000 -2124.775379563110 -3963.041938066970 5081.470036674790 7.27883695010474 -1.62373631186800 1.77700038726687
2025-09-23T17:08:00.000 -321.728903647295 -4203.657936614270 5317.145992356790 7.65464362986751 -0.36925431366293 0.17506800858087
2025-09-23T17:12:00.000 1504.747515202600 -4138.169591421430 5164.527016389660 7.47297142619991 0.91160094158436 -1.43903270882667
2025-09-23T17:16:00.000 3221.669827100230 -3771.422728035680 4634.848983970850 6.74727276694853 2.12594644829198 -2.94790585552346
2025-09-23T17:20:00.000 4704.037057186060 -3130.118047208950 3766.780210060820 5.53025588011130 3.18562900001189 -4.24169869853026
2025-09-23T17:24:00.000 5843.882629153960 -2260.909343195050 2623.660901906940 3.91037419952739 4.01351443131353 -5.22590715787613
2025-09-23T17:28:00.000 6558.189159143160 -1227.068260849020 1288.952701829840 2.00586609684143 4.54915638751338 -5.82846321825836
2025-09-23T17:32:00.000 6795.046528675460 -103.879865571034 -139.867789781944 -0.04392674206969 4.75354320896171 -6.00539902677278
2025-09-23T17:36:00.000 6537.486781616730 1026.893521384380 -1558.498062955850 -2.08896336067677 4.61205532686068 -5.74417367980435
2025-09-23T17:40:00.000 5804.703308474370 2083.047679625280 -2863.533416341130 -3.97992740350031 4.13565409105181 -5.06475379891618
2025-09-23T17:44:00.000 4650.475517379930 2987.992785887070 -3960.096711029320 -5.57970801475074 3.35978928929676 -4.01768508973597
2025-09-23T17:48:00.000 3159.021503212830 3676.293600818980 -4768.706777861680 -6.77326591847786 2.34132777558424 -2.67984644866814
2025-09-23T17:52:00.000 1438.716413918760 4098.296244151080 -5230.897726772310 -7.47540459220574 1.15408262215430 -1.14838945468606
2025-09-23T17:56:00.000 -385.758582128588 4223.569374322890 -5313.265468533000 -7.63614998639501 -0.11651965150619 0.46622451380514
2025-09-23T18:00:00.000 -2182.282633443170 4042.988285158260 -5009.757185938140 -7.24378641409045 -1.37936168510271 2.04781958003372
2025-09-23T18:04:00.000 -3820.607266866610 3569.378164127230 -4342.107929598800 -6.32557949950802 -2.54363961818228 3.48229453224197
2025-09-23T18:08:00.000 -5181.593647020280 2836.709068076420 -3358.415806816970 -4.94642027332421 -3.52498690814312 4.66534814492828
2025-09-23T18:12:00.000 -6165.833242309950 1897.818152764940 -2129.878716931180 -3.20498573737395 -4.25151612304105 5.50998239104338
2025-09-23T18:16:00.000 -6701.041322846440 820.740294601702 -745.816472403608 -1.22735973037976 -4.66931487597926 5.95320324323712
2025-09-23T18:20:00.000 -6747.616336853240 -316.170978166314 692.767704840484 0.84188525474098 -4.74693675149864 5.96137260362505
2025-09-23T18:24:00.000 -6301.783093655030 -1430.006075144970 2080.646646901030 2.85068620206658 -4.47813829260457 5.53319689340586
2025-09-23T18:28:00.000 -5395.992260343470 -2439.467660715560 3316.227484662140 4.65121293898305 -3.88253755920909 4.70010258422165
2025-09-23T18:32:00.000 -4096.485953010730 -3270.940163189940 4309.162225966690 6.11154388800071 -3.00407326252894 3.52367212041996
2025-09-23T18:36:00.000 -2498.255644492060 -3863.912703983080 4986.999004160470 7.12543117296676 -1.90725390868775 2.09046649125242
2025-09-23T18:40:00.000 -717.959020339867 -4175.334764810800 5300.410508562080 7.61959382878830 -0.67217155727437 0.50542297477083
2025-09-23T18:44:00.000 1114.634509672740 -4182.672832534730 5226.697801210320 7.55866973967044 0.61133010379703 -1.11584934270956
2025-09-23T18:48:00.000 2866.071496675320 -3885.480909691850 4771.353618563450 6.94743422642205 1.85013356330658 -2.65543001348949
2025-09-23T18:52:00.000 4408.830026175590 -3305.401845164770 3967.628891461610 5.83027391758043 2.95434375371951 -4.00125508045983
2025-09-23T18:56:00.000 5630.538737114980 -2484.637164307320 2874.169845395700 4.28836811803275 3.84356134594680 -5.05505796677224
2025-09-23T19:00:00.000 6442.201354623100 -1482.938129666900 1570.806194250790 2.43417310513860 4.45288755108370 -5.73970443770184
2025-09-23T19:04:00.000 6784.778302302300 -373.264973342017 152.734249245411 0.40336872030449 4.73785250686626 -6.00511932227745
2025-09-23T19:08:00.000 6633.583765026500 763.574842957857 -1276.504603387530 -1.65531350221872 4.67797163243430 -5.83229458355515
2025-09-23T19:12:00.000 6000.052340922570 1844.905508042940 -2612.696218782310 -3.59151433225741 4.27822870945537 -5.23463439147467
2025-09-23T19:16:00.000 4930.762346199130 2792.265146909250 -3758.635989416570 -5.26457646382118 3.56849342651525 -4.25673136013739
2025-09-23T19:20:00.000 3503.826955687070 3537.109965766480 -4631.209792519710 -6.55395519085429 2.60096005876279 -2.97058400132716
2025-09-23T19:24:00.000 1823.020622032230 4025.691254446380 -5167.306228510000 -7.36752538859805 1.44592490662285 -1.46980494791739
2025-09-23T19:28:00.000 10.210966226887 4222.789692003970 -5328.194758267900 -7.64741019762761 0.18657742149329 0.13724740541100
2025-09-23T19:32:00.000 -1803.327949216070 4114.128007942740 -5102.176363724610 -7.37349764398360 -1.08673858344949 1.73495454826755
2025-09-23T19:36:00.000 -3486.173916771850 3707.367120899760 -4505.398099942360 -6.56468862386040 -2.28257365858850 3.20816881444412
2025-09-23T19:40:00.000 -4916.051585846790 3031.636149110850 -3580.810239537360 -5.27796768566055 -3.31448339914965 4.44997584615542
2025-09-23T19:44:00.000 -5988.634211613090 2135.605969598770 -2395.269897281600 -3.60517098230386 -4.10706951135593 5.36929348309599
2025-09-23T19:48:00.000 -6625.257029986120 1084.135875971470 -1034.890327145660 -1.66711092195854 -4.60171424069685 5.89780098558115
2025-09-23T19:52:00.000 -6778.911416248150 -46.346748714166 401.126695497115 0.39480895130010 -4.76131832213324 5.99553891204875
2025-09-23T19:56:00.000 -6437.960237394760 -1173.438926304770 1807.781410005270 2.42914855530547 -4.57356936543321 5.65454667338446
2025-09-23T20:00:00.000 -5627.132071755890 -2214.891400915060 3082.117752314590 4.28628630340584 -4.05204445316562 4.89969938456744
2025-09-23T20:04:00.000 -4405.687168505290 -3094.729972617860 4130.916208886590 5.82992918152657 -3.23512435219640 3.78672201885181
2025-09-23T20:08:00.000 -2862.935563419580 -3748.882315295540 4877.603543222750 6.94752458307305 -2.18291226174237 2.39764996108927
2025-09-23T20:12:00.000 -1111.523399195370 -4129.831078338450 5267.814670291440 7.55826375580537 -0.97236054455922 0.83431486609617
2025-09-23T20:16:00.000 720.868499177049 -4209.977899417180 5273.242558163530 7.61830775645646 0.30848881628051 -0.78927829763429
2025-09-23T20:20:00.000 2500.775881329370 -3983.576727325510 4893.605894965480 7.12359589138444 1.56664425345161 -2.35495402041606
2025-09-23T20:24:00.000 4098.594479655540 -3467.130258588120 4156.646278791530 6.11014161500769 2.71080059586285 -3.74876426464531
2025-09-23T20:28:00.000 5397.943911066310 -2698.209609321780 3116.137085698450 4.65153794239374 3.65772010781887 -4.86901506543602
2025-09-23T20:32:00.000 6304.155772437250 -1732.782612968060 1848.032844343000 2.85407159194439 4.33831226993532 -5.63371898405915
2025-09-23T20:36:00.000 6751.264739371330 -641.166104393844 444.958343946563 0.84920862837668 4.70285737300661 -5.98686849018558
2025-09-23T20:40:00.000 6706.927175269980 497.125431965417 -990.610527216829 -1.21613774473389 4.72496451863138 -5.90294113418137
2025-09-23T20:44:00.000 6174.776934434470 1599.270316117400 -2353.952039023660 -3.19099814033290 4.40359362119654 -5.38881410632153
2025-09-23T20:48:00.000 5194.028836583100 2585.243871052320 -3545.828902040030 -4.93170582544284 3.76291761736196 -4.48298610303893
2025-09-23T20:52:00.000 3836.415695542750 3383.655651921640 -4479.736218567350 -6.31259848822897 2.85019657588032 -3.25231259650491
2025-09-23T20:56:00.000 2200.763878624830 3936.855034506610 -5088.091054825730 -7.23482988693724 1.73191295116890 -1.78658379054153
2025-09-23T21:00:00.000 405.739229231586 4204.962088769300 -5326.948121404810 -7.63278724025614 0.48876645392094 -0.19179338747169
2025-09-23T21:04:00.000 -1418.655251147730 4168.603590063960 -5179.004434334390 -7.47806290646937 -0.79003476498612 1.41730105091349
2025-09-23T21:08:00.000 -3140.252163251320 3830.244798926100 -4654.786368116130 -6.78114374533621 -2.01271441833747 2.92483783794482
2025-09-23T21:12:00.000 -4634.047027337630 3214.074849382000 -3791.979348294130 -5.59096478842693 -3.09103730544337 4.22163406281880
2025-09-23T21:16:00.000 -5791.149774179060 2364.424689221480 -2652.913825945910 -3.99224418179972 -3.94640825161700 5.21275414795359
2025-09-23T21:20:00.000 -6526.797983688230 1342.735449032090 -1320.260823752340 -2.10020545079320 -4.51576074803368 5.82475100697125
2025-09-23T21:24:00.000 -6786.770692526880 223.209390524951 108.868855504691 -0.05261670294161 -4.75655336609954 6.01157914286292
2025-09-23T21:28:00.000 -6551.626896314860 -912.585939893453 1530.022746086710 2.00028449699216 -4.65041627465031 5.75859156740110
2025-09-23T21:32:00.000 -5838.323077881330 -1981.769866743160 2839.188304791220 3.90744692622021 -4.20487409160833 5.08410676726927
2025-09-23T21:36:00.000 -4698.969732332120 -2906.337474349400 3940.582631692890 5.52887308287439 -3.45273688081974 4.03789875069156
2025-09-23T21:40:00.000 -3216.875564846460 -3618.931213795430 4753.753196872600 6.74616381896952 -2.44931093627507 2.69707999546567
2025-09-23T21:44:00.000 -1500.301158794500 -4067.752370520240 5219.451475097320 7.47105068301387 -1.26812105373609 1.16010069821469
2025-09-23T21:48:00.000 325.570461860058 -4220.272774272870 5303.871833896670 7.65152338078910 0.00481527972747 -0.46081091472543
2025-09-23T21:52:00.000 2127.749928416600 -4065.487745922780 5000.986502036570 7.27484252771464 1.27716367324818 -2.04774627186643
2025-09-23T21:56:00.000 3775.009364335230 -3614.688294993090 4332.938586116140 6.36838779117985 2.45655707686371 -3.48522126893224
2025-09-23T22:00:00.000 5147.370719453250 -2900.671493344240 3348.473750524930 4.99799820366105 3.45723638290628 -4.66839040661606
2025-09-23T22:04:00.000 6144.843834967580 -1975.400287437460 2119.446167097100 3.26345198581436 4.20621653933092 -5.51071091622115
2025-09-23T22:08:00.000 6694.789725332320 -906.262249480726 735.617153755779 1.29152623089364 4.64877437341109 -5.95047477794694
2025-09-23T22:12:00.000 6757.328180843340 228.857650721409 -701.930950138803 -0.77328898105966 4.75275582746001 -5.95569818771561
2025-09-23T22:16:00.000 6328.277766191650 1347.337674663290 -2088.291332238340 -2.77992628424664 4.51106356395788 -5.52666912882295
2025-09-23T22:20:00.000 5439.354381279150 2367.921132712430 -3322.497482533210 -4.58221566387505 3.94207854383954 -4.69568475549137
2025-09-23T22:24:00.000 4155.653614585040 3216.665240722540 -4314.916352301750 -6.04985351102713 3.08790152119709 -3.52421489208896
2025-09-23T22:28:00.000 2570.703757894820 3832.247095617280 -4993.686967304790 -7.07758228390833 2.01090353119449 -2.09791223223540
2025-09-23T22:32:00.000 799.562365374948 4170.273555091760 -5309.764472996120 -7.59218928365322 0.78892192346607 -0.52008508219613
2025-09-23T22:36:00.000 -1029.461634553280 4206.343103884350 -5240.290816280080 -7.55702840297083 -0.49025718687979 1.09561779975074
2025-09-23T22:40:00.000 -2783.893970164630 3937.720560768520 -4790.152002320670 -6.97419810832953 -1.73487412821322 2.63293953694002
2025-09-23T22:44:00.000 -4336.429024015320 3383.564806655700 -3991.675771941540 -5.88449842354681 -2.85525257135498 3.98073748430456
2025-09-23T22:48:00.000 -5574.003141939930 2583.690414429820 -2902.485179506680 -4.36524428745049 -3.76996229136816 5.04061668835174
2025-09-23T22:52:00.000 -6406.049113707260 1595.873167512820 -1601.554226025270 -2.52560734613846 -4.41169941935740 5.73419660424498
2025-09-23T22:56:00.000 -6771.328379353050 491.800378870375 -183.621248068881 -0.49937944378863 -4.73265971147970 6.00944075007188
2025-09-23T23:00:00.000 -6642.690740978230 -648.131319970135 1247.729434385320 1.56498582588858 -4.70858028068210 5.84519059734161
2025-09-23T23:04:00.000 -6029.254497626590 -1740.755129433800 2587.754219236810 3.51564938148360 -4.34082882779307 5.25306787315416
2025-09-23T23:08:00.000 -4975.797571903650 -2706.335752770630 3738.387109325770 5.20924396536211 -3.65644528849771 4.27671759410316
2025-09-23T23:12:00.000 -3559.365701973370 -3474.500066711500 4615.546436706000 6.52194943103926 -2.70584836434628 2.98821945883739
2025-09-23T23:16:00.000 -1883.448871762740 -3989.382689956580 5155.288679875580 7.35848887004344 -1.55871748499767 1.48219737300102
2025-09-23T23:20:00.000 -70.311747926444 -4213.634256701240 5318.388566689420 7.65858608745613 -0.29872052952131 -0.13123807693795
2025-09-23T23:24:00.000 1747.950676343390 -4131.053906662630 5093.103039623550 7.40099915748213 0.98266201430201 -1.73459672232779
2025-09-23T23:28:00.000 3438.953487172890 -3747.690116898770 4495.939042377410 6.60454068527566 2.19253664064952 -3.21129535836514
2025-09-23T23:32:00.000 4879.545623130070 -3091.424276721940 3570.467911573160 5.32695686131864 3.24294127975141 -4.45371908948767
2025-09-23T23:36:00.000 5964.765047794770 -2210.010566915390 2384.228367396990 3.66123165958445 4.05727351551781 -5.37101164804655
2025-09-23T23:40:00.000 6615.563203781660 -1167.635113139310 1023.845402490500 1.72901105573741 4.57605994115846 -5.89598785470785
2025-09-23T23:44:00.000 6784.668917757630 -40.235605608773 -411.307959413896 -0.32817099555957 4.76150511240067 -5.99032388350666
2025-09-23T23:48:00.000 6460.101969487950 1090.102565649260 -1816.465805194910 -2.35967844250211 4.60050381132533 -5.64769521408239
2025-09-23T23:52:00.000 5665.964325134880 2141.221128397780 -3089.240154400390 -4.21737720871469 4.10550868213437 -4.89405826351908
2025-09-23T23:56:00.000 4460.494061810260 3036.913374070560 -4137.138584113020 -5.76669744860613 3.31330821195666 -3.78533447836492
2025-09-24T00:00:00.000 2931.602321058030 3712.427403001510 -4884.242502565210 -6.89638298271687 2.28189507707936 -2.40276719726989
2025-09-24T00:04:00.000 1190.344193563970 4119.028923251590 -5276.550218884350 -7.52585026851843 1.08593468593331 -0.84663734682975
2025-09-24T00:08:00.000 -637.099357123479 4227.376062650400 -5285.705099353890 -7.61027893914080 -0.18858934308799 0.77088811133139
2025-09-24T00:12:00.000 -2418.374244945700 4029.537744885090 -4910.934615408130 -7.14332153967973 -1.45023780953804 2.33339915504448
2025-09-24T00:16:00.000 -4024.292155959380 3539.572826307250 -4179.130774015860 -6.15759259390477 -2.60822611817929 3.72807139123879
2025-09-24T00:20:00.000 -5338.009169473600 2792.634201192400 -3143.058952522950 -4.72285195593827 -3.57857847646357 4.85337721771837
2025-09-24T00:24:00.000 -6263.491840485420 1842.610983620620 -1877.764643905090 -2.94188687269060 -4.29009855389471 5.62633843181194
2025-09-24T00:28:00.000 -6732.706993600040 758.384403520289 -475.313474916469 -0.94390196714017 -4.68991310738586 5.98910099747495
2025-09-24T00:32:00.000 -6710.890613567980 -381.134550915774 961.885422282430 1.12481854009066 -4.74792349993700 5.91398187389546
2025-09-24T00:36:00.000 -6199.319263680890 -1492.829390334240 2328.678952555920 3.11217572004442 -4.45943745398240 5.40596961216186
2025-09-24T00:40:00.000 -5235.290499931530 -2495.571946961410 3525.029932323110 4.87205922510611 -3.84560255402842 4.50243344723247
2025-09-24T00:44:00.000 -3889.309632446770 -3316.253079354720 4463.480072858970 6.27561477468028 -2.95163295797156 3.27011039561323
2025-09-24T00:48:00.000 -2259.755824609300 -3895.153433873840 5075.586610952680 7.22080558341253 -1.84314960600882 1.79965199823725
2025-09-24T00:52:00.000 -465.548205012753 -4190.254380294920 5316.842609507250 7.63946345355122 -0.60109743525950 0.19861589045348
2025-09-24T00:56:00.000 1362.565058125630 -4180.209429772110 5169.805296008200 7.50170318167522 0.68424305876020 -1.41635380398454
2025-09-24T01:00:00.000 3091.472757444120 -3865.819867491460 4645.297019028450 6.81780167658192 1.91967596154884 -2.92777119981062
2025-09-24T01:04:00.000 4595.290119162960 -3269.959028450580 3781.605392822400 5.63737468014290 3.01551616163535 -4.22557647481190
2025-09-24T01:08:00.000 5764.471956427410 -2435.967396766090 2641.752355011350 4.04621058411760 3.89194135618626 -5.21497962514213
2025-09-24T01:12:00.000 6513.842504013980 -1424.560006005810 1308.960359882590 2.16042474777200 4.48490983124786 -5.82351234617930
2025-09-24T01:16:00.000 6788.917901095180 -309.412610763118 -119.421357470643 0.11805884922811 4.75116736383713 -6.00669840385431
2025-09-24T01:20:00.000 6569.953981568070 828.267234267391 -1539.102658644120 -1.93127433240022 4.67162089215570 -5.75157619472123
2025-09-24T01:24:00.000 5873.348609867840 1905.751563530140 -2846.593880234980 -3.83795987570885 4.25273808862174 -5.07768342735575
2025-09-24T01:28:00.000 4750.267461746370 2844.878374590470 -3946.829524509010 -5.46368707535185 3.52580686375133 -4.03516426534898
2025-09-24T01:32:00.000 3282.690819811790 3577.716065845790 -4760.053285830650 -6.69149993558378 2.54418834913555 -2.70058315168738
2025-09-24T01:36:00.000 1577.286962692810 4051.375737305650 -5227.465917669200 -7.43373930472197 1.37907853757389 -1.17090338646390
2025-09-24T01:40:00.000 -242.327238632041 4231.683036841330 -5315.290615275250 -7.63755001350335 0.11431643427193 0.44353470731388
2025-09-24T01:44:00.000 -2044.374134978260 4105.531095395840 -5017.086551435570 -7.28813146985328 -1.15936985398232 2.02656777302585
2025-09-24T01:48:00.000 -3698.209241383120 3681.812363970940 -4354.214420972640 -6.40971952538027 -2.35039917158621 3.46397246279449
2025-09-24T01:52:00.000 -5083.594264721670 2990.880343737110 -3374.432932494950 -5.06438373440689 -3.37255371995646 4.65129275982390
2025-09-24T01:56:00.000 -6099.374530546420 2082.522779288680 -2148.643618234110 -3.34825939687237 -4.15107956357665 5.50129127796878
2025-09-24T02:00:00.000 -6670.973101785260 1022.524579692850 -765.950763242746 -1.38546959388915 -4.62830788494979 5.95055310268216
2025-09-24T02:04:00.000 -6756.120298298520 -112.025024092372 672.742064730453 0.68052667016002 -4.76838135886604 5.96491189047794
2025-09-24T02:08:00.000 -6348.225739376900 -1238.390024128980 2062.189898250960 2.69782558617238 -4.56047255816922 5.54265751375621
2025-09-24T02:12:00.000 -5476.971605706960 -2274.360384643540 3300.685975524530 4.51803474634321 -4.01975402503225 4.71477682444579
2025-09-24T02:16:00.000 -4206.075639648870 -3144.380212706980 4297.658146461560 6.00775062222581 -3.18610570128943 3.54243161800668
2025-09-24T02:20:00.000 -2628.455220769000 -3785.111787815020 4980.352321109000 7.05851218302395 -2.12077254386486 2.11194167758326
2025-09-24T02:24:00.000 -859.283202801028 -4150.015443056370 5299.091672055130 7.59437147984371 -0.90160985809681 0.52808085229336
2025-09-24T02:28:00.000 972.475846136673 -4212.663526534740 5230.794589151170 7.57698012562340 0.38266769016327 -1.09365959289587
2025-09-24T02:32:00.000 2733.427076706780 -3968.585747854050 4780.554777026560 7.00792228547260 1.63887879955202 -2.63533933478672
2025-09-24T02:36:00.000 4295.354258882370 -3435.562733376450 3981.254022684620 5.92855190991911 2.77586019967101 -3.98470636816388
2025-09-24T02:40:00.000 5544.494488800430 -2652.371024899950 2891.217141812860 4.41728928642764 3.71085640233802 -5.04326398776627
2025-09-24T02:44:00.000 6389.854188010260 -1676.022084316040 1590.023011171920 2.58434600980973 4.37563296076061 -5.73353174674218
2025-09-24T02:48:00.000 6769.936181498640 -577.630156046745 172.708122328906 0.56381549598836 4.72166589698818 -6.00501483755242
2025-09-24T02:52:00.000 6657.312507485590 562.811193006354 -1257.232321683660 -1.49629522559288 4.72397531944353 -5.83819910955310
2025-09-24T02:56:00.000 6060.616391919550 1662.346634816030 -2595.520112356620 -3.44543312370599 4.38299469224969 -5.24609393817824
2025-09-24T03:00:00.000 5023.761973586740 2641.174593165870 -3744.799532249050 -5.14200764106368 3.72435551871042 -4.27293268139317
2025-09-24T03:04:00.000 3622.512946419870 3428.452189329020 -4621.714664597050 -6.46376385060620 2.79654184707651 -2.99033940622449
2025-09-24T03:08:00.000 1958.792058088330 3967.340707130800 -5162.838783072730 -7.31619988297423 1.66701714337986 -1.49169417968343
2025-09-24T03:12:00.000 153.235728986353 4218.970276624240 -5329.079193879210 -7.63865962076199 0.41714509583074 0.11481140998485
2025-09-24T03:16:00.000 -1663.406106172470 4165.108067270090 -5108.347164195770 -7.40794762993197 -0.86342515525836 1.71360245488071
2025-09-24T03:20:00.000 -3359.486339544670 3809.438142763180 -4516.408024502910 -6.63985733937366 -2.08272219492845 3.18944150605119
2025-09-24T03:24:00.000 -4811.777248727430 3177.380935006300 -3595.860565342330 -5.38844801860442 -3.15261231132415 4.43524007342276
2025-09-24T03:28:00.000 -5914.338967340320 2314.425291430750 -2413.265013522420 -3.74299851584256 -3.99502327294229 5.35964836506537
2025-09-24T03:32:00.000 -6586.334232719120 1282.998781942740 -1054.508404437750 -1.82223594219170 -4.54777084323290 5.89401562152477
2025-09-24T03:36:00.000 -6778.156928561860 158.044342434349 381.336619375555 0.23383524237439 -4.76947635917414 5.99788516026996
2025-09-24T03:40:00.000 -6475.357086102520 -978.440071918145 1789.267247715570 2.27414023709787 -4.64318701450201 5.66274803409398
2025-09-24T03:44:00.000 -5699.878064308450 -2043.504033444070 3066.210666698960 4.14851664132647 -4.17797364820908 4.91308246064239
2025-09-24T03:48:00.000 -4508.411642027390 -2959.434220470070 4118.742677628240 5.71939251324487 -3.40810407337754 3.80425557814680
2025-09-24T03:52:00.000 -2988.100052043100 -3659.508072646000 4870.007890630730 6.87218555618405 -2.39026000553196 2.41802796825689
2025-09-24T03:56:00.000 -1249.981264852330 -4092.848557531390 5265.302195894570 7.52347672359051 -1.19894337559210 0.85604033402101
2025-09-24T04:00:00.000 579.201102392127 -4228.043599589400 5275.953486155930 7.62650327649146 0.07913138073601 -0.76772559892942
2025-09-24T04:04:00.000 2366.204459476840 -4055.350912081210 4901.319460774800 7.17417762042243 1.35115985925113 -2.33506736285542
2025-09-24T04:08:00.000 3980.912222261190 -3587.371980838940 4168.788303025770 6.19944556528712 2.52485079620115 -3.73196878339385
2025-09-24T04:12:00.000 5305.720261413840 -2858.157042875970 3131.816151943160 4.77310214205562 3.51480890771919 -4.85651084332600
2025-09-24T04:16:00.000 6244.118724293480 -1920.788192100880 1866.102616292270 2.99909139274288 4.24883386541595 -5.62642959010069
2025-09-24T04:20:00.000 6727.803589279030 -843.541185132118 464.091910303997 1.00712034769260 4.67332477368935 -5.98535006093776
2025-09-24T04:24:00.000 6721.762734017570 295.113794071542 -971.818056495572 -1.05685243416084 4.75749235654583 -5.90727744843021
2025-09-24T04:28:00.000 6226.848828578760 1412.313495966580 -2336.873863330260 -3.04186139577641 4.49574770641546 -5.39867539793976
2025-09-24T04:32:00.000 5279.587027127150 2426.927606433550 -3531.714930896500 -4.80348498288390 3.90797956727961 -4.49768246128011
2025-09-24T04:36:00.000 3949.287803339360 3265.485402420270 -4469.629744866180 -6.21459590469842 3.03765001652425 -3.27081214439635
2025-09-24T04:40:00.000 2332.788870934470 3867.424475793880 -5082.748200467100 -7.17420209364468 1.94814225935352 -1.80753311292659
2025-09-24T04:44:00.000 547.359915986205 4189.320977851060 -5326.773486802560 -7.61393770501526 0.71805073593224 -0.21364866687854
2025-09-24T04:48:00.000 -1277.693597738830 4207.895121793100 -5184.023773577440 -7.50237572899238 -0.56433826435461 1.39614091369299
2025-09-24T04:52:00.000 -3010.161182339670 3921.621881678320 -4664.642983789030 -6.84686762712032 -1.80701295084257 2.90593317472036
2025-09-24T04:56:00.000 -4524.253624042680 3350.903023168340 -3805.964264690610 -5.69336808027450 -2.92030093248447 4.20634922589869
2025-09-24T05:00:00.000 -5709.617909166230 2536.753435104050 -2670.014952008940 -4.12391643535129 -3.82312563244763 5.20223316284537
2025-09-24T05:04:00.000 -6479.440178674700 1538.013418533920 -1339.233902746880 -2.25157993098824 -4.44898644895006 5.81977074022621
2025-09-24T05:08:00.000 -6777.012145454980 427.189327242013 89.408855738196 -0.21263452174325 -4.75127434222026 6.01253070561175
2025-09-24T05:12:00.000 -6580.131138044410 -714.807731252281 1511.497640207230 1.84341167169402 -4.70705406736787 5.76536945478401
2025-09-24T05:16:00.000 -5902.941863968220 -1804.640291521520 2822.935483681250 3.76521287817795 -4.31923966640720 5.09613320698226
2025-09-24T05:20:00.000 -4794.915555598410 -2762.776491168960 3927.752481940170 5.41163394489885 -3.61637626837631 4.05420741023760
2025-09-24T05:24:00.000 -3337.092629117640 -3519.384815375220 4745.230720094830 6.66236376073171 -2.65020415058608 2.71644811239350
2025-09-24T05:28:00.000 -1635.990031312200 -4019.439677627350 5215.805125057270 7.42668381264262 -1.49155351466656 1.18111951849853
2025-09-24T05:32:00.000 184.303602824515 -4226.670899099410 5305.318687654960 7.64967207420398 -0.22490440572215 -0.43963477407522
2025-09-24T05:36:00.000 1991.178668407200 -4126.106419456450 5007.388802685390 7.31558291462298 1.05779295650154 -2.02786010192131
2025-09-24T05:40:00.000 3653.065279941130 -3725.109918356880 4343.823548941770 6.44881315129482 2.26343317577956 -3.46797361795812
2025-09-24T05:44:00.000 5048.940424803390 -3052.863885779690 3363.056372724890 5.11234027965854 3.30439774392508 -4.65500927202744
2025-09-24T05:48:00.000 6077.122168351520 -2158.290338538720 2136.675540208260 3.40346501549342 4.10480751169212 -5.50217339623376
2025-09-24T05:52:00.000 6662.751566357800 -1106.536090445230 754.245107915254 1.44706240726060 4.60620748906754 -5.94743402988818
2025-09-24T05:56:00.000 6763.355727582610 25.782875986008 -683.262288850739 -0.61354366962549 4.77211665293577 -5.95840145577628
2025-09-24T06:00:00.000 6371.989934261370 1156.243417939300 -2070.948058584290 -2.62754840350977 4.59093061622785 -5.53495068892575
2025-09-24T06:04:00.000 5517.635770137550 2202.714544372320 -3307.757909560520 -4.44827005675807 4.07662153971958 -4.70897498918858
2025-09-24T06:08:00.000 4262.881348175430 3089.366012498040 -4303.878170820590 -5.94404660515267 3.26732555519435 -3.54159500191531
2025-09-24T06:12:00.000 2699.155678443950 3752.120938794130 -4987.194779438330 -7.00760913751191 2.22220189960850 -2.11819675598965
2025-09-24T06:16:00.000 939.960748173360 4143.169467905460 -5308.344991273220 -7.56323165088643 1.01678112116068 -0.54180348409254
2025-09-24T06:20:00.000 -887.283301069443 4234.261733647110 -5244.090551883670 -7.57124866492452 -0.26239184785152 1.07411712873920
2025-09-24T06:24:00.000 -2650.241907136830 4018.663501542300 -4798.924451270250 -7.03060445509641 -1.52356998858344 2.61326054098771
2025-09-24T06:28:00.000 -4220.999782928670 3511.673164117630 -4004.804794800650 -5.97902752122860 -2.67592243282933 3.96433466394642
2025-09-24T06:32:00.000 -5485.177186186510 2749.661373603240 -2919.034466292850 -4.49106703333731 -3.63570757107499 5.02869488306126
2025-09-24T06:36:00.000 -6350.284662502320 1787.631920757380 -1620.332114661570 -2.67361170447046 -4.33238865250712 5.72767213057765
2025-09-24T06:40:00.000 -6752.675295590060 695.371608725351 -203.260913340423 -0.65873869850611 -4.71414108649272 6.00882688637987
2025-09-24T06:44:00.000 -6662.486100105860 -447.595355941130 1228.662052847260 1.40591079288069 -4.75224740652572 5.85054963887079
2025-09-24T06:48:00.000 -6086.019715828520 -1557.891116744560 2570.654463768770 3.36854433883599 -4.44352248398980 5.26399497944674
2025-09-24T06:52:00.000 -5065.338438917710 -2554.485677266600 3724.494202750200 5.08488846896468 -3.81060345566810 4.29233055815599
2025-09-24T06:56:00.000 -3675.100445698240 -3364.727147749310 4605.843219101410 6.42934699040137 -2.90018186535564 3.00729973442603
2025-09-24T07:00:00.000 -2016.904920384480 -3929.672500180610 5150.441802217080 7.30430258335357 -1.77901340387124 1.50334286300829
2025-09-24T07:04:00.000 -211.746765132689 -4208.313003714950 5318.713141294020 7.64666783158330 -0.52888920190974 -0.10954796378592
2025-09-24T07:08:00.000 1608.833626965000 -4180.484998224020 5098.546527114530 7.43211040319015 0.75932962070969 -1.71387398201262
2025-09-24T07:12:00.000 3312.271582265240 -3848.273338180140 4506.096144487360 6.67643210536258 1.99219081159223 -3.19296364061523
2025-09-24T07:16:00.000 4774.525584773390 -3235.857599997220 3584.608311054190 5.43450206216721 3.08010018750967 -4.43906113924329
2025-09-24T07:20:00.000 5889.082252356180 -2387.804904119890 2401.334043077560 3.79668116175615 3.94380543067240 -5.36110711900745
2025-09-24T07:24:00.000 6574.776495250660 -1365.869166142060 1042.681065211140 1.88259983597283 4.52024426403983 -5.89157192277122
2025-09-24T07:28:00.000 6781.814652504950 -244.492477004410 -392.114125519071 -0.16758850878041 4.76744169084093 -5.99178097687915
2025-09-24T07:32:00.000 6495.456766138850 894.683748604563 -1798.324014187630 -2.20379600291858 4.66776164497119 -5.65495480695754
2025-09-24T07:36:00.000 5737.027562642060 1968.854610314590 -3073.491916620660 -4.07750188098504 4.22918330988137 -4.90663225324550
2025-09-24T07:40:00.000 4562.173454166120 2900.138022298990 -4124.963177274100 -5.65299909030683 3.48441729744829 -3.80235858790106
2025-09-24T07:44:00.000 3056.577022086230 3621.197310004500 -4876.568417095720 -6.81714314870336 2.48801884942466 -2.42302969717227
2025-09-24T07:48:00.000 1329.593969826500 4079.994090008420 -5273.985183019570 -7.48686723451959 1.31212449248859 -0.86869653044508
2025-09-24T07:52:00.000 -493.648652456327 4243.402085302720 -5288.490093703480 -7.61448675372937 0.04126528863943 0.74864969705872
2025-09-24T07:56:00.000 -2281.125612555930 4099.493343019680 -4918.905689071210 -7.19048640382103 -1.23342555107270 2.31269894104175
2025-09-24T08:00:00.000 -3903.207674870390 3658.402163210610 -4191.726575736770 -6.24430955646717 -2.42025359573712 3.71047670460994
2025-09-24T08:04:00.000 -5241.879254273830 2951.715859487440 -3159.371673869830 -4.84282310424942 -3.43317420506073 4.84018668649940
2025-09-24T08:08:00.000 -6199.297244473470 2030.379890920240 -1896.616776812350 -3.08643049980193 -4.19791916769055 5.61849998456134
2025-09-24T08:12:00.000 -6705.116167836300 961.165219758708 -495.337979311027 -1.10251711549645 -4.65777623445141 5.98724198771792
2025-09-24T08:16:00.000 -6721.896420939560 -178.132778077875 942.154621033130 0.96377994879182 -4.77823102363839 5.91827315168829
2025-09-24T08:20:00.000 -6248.077851247730 -1304.416086673910 2310.687335152030 2.96054266988163 -4.54994535467389 5.41607544014786
2025-09-24T08:24:00.000 -5318.191448375800 -2335.479813265040 3510.086717801700 4.74091426777655 -3.98965097380562 4.51756384919510
2025-09-24T08:28:00.000 -4000.253817668070 -3196.137442742010 4452.652781117920 6.17446759887180 -3.13868278162526 3.28905942333789
2025-09-24T08:32:00.000 -2390.622127561270 -3823.752058270340 5069.629647286610 7.15694395945320 -2.05956517216940 1.82103730923784
2025-09-24T08:36:00.000 -606.777295741532 -4172.752557830280 5316.153903132280 7.61748625403306 -0.83109155457220 0.22086462790016
2025-09-24T08:40:00.000 1221.270874026510 -4217.859374567590 5174.399614630530 7.52312487286839 0.45744785095049 -1.39483906403591
2025-09-24T08:44:00.000 2960.394522476510 -3955.860560612640 4654.815943639790 6.88099526802849 1.71252978515786 -2.90848184744837
2025-09-24T08:48:00.000 4483.964892196160 -3405.835975030860 3795.348805107230 5.73779163517551 2.84301821913529 -4.20987501832019
2025-09-24T08:52:00.000 5681.012597513820 -2607.803421887110 2658.715892443640 4.17659873260541 3.76661141475242 -5.20401259700360
2025-09-24T08:56:00.000 6464.345139095780 -1619.862692115740 1327.904917531530 2.31133345098354 4.41587729788253 -5.81806984487637
2025-09-24T09:00:00.000 6777.018167076900 -513.981065606945 -99.878135303604 0.27855470445237 4.74345739601176 -6.00718818257120
2025-09-24T09:04:00.000 6596.558870170730 629.307594810437 -1520.391906868950 -1.77285238338098 4.72578248028646 -5.75798369860802
2025-09-24T09:08:00.000 5936.569219090670 1726.864169887870 -2830.090678242250 -3.69311206189892 4.36482177822765 -5.08956313237009
2025-09-24T09:12:00.000 4845.555676424260 2699.063227926750 -3933.753607256150 -5.34293410604676 3.68763974810331 -4.05167606471392
2025-09-24T09:16:00.000 3403.169762574460 3475.564893129560 -4751.380608447260 -6.60360972583723 2.74400590234006 -2.72054279172901
2025-09-24T09:20:00.000 1714.249919574030 4000.311541214810 -5223.854337949520 -7.38510423338530 1.60239762714902 -1.19286295291266
2025-09-24T09:24:00.000 -98.789989362546 4235.426392177720 -5317.029855514410 -7.63173916078831 0.34494395845806 0.42117679457164
2025-09-24T09:28:00.000 -1904.661396438030 4163.826833986960 -5024.076284582610 -7.32563740682091 -0.93816633690766 2.00544785069750
2025-09-24T09:32:00.000 -3572.461682335820 3790.441051303130 -4365.959527843450 -6.48787850710527 -2.15473181476284 3.44572400082885
2025-09-24T09:36:00.000 -4980.939410678450 3141.951471684490 -3390.072569199100 -5.17748785877673 -3.21670213655338 4.63728192426751
2025-09-24T09:40:00.000 -6027.257485392810 2265.045501582580 -2167.034672718840 -3.48808568604823 -4.04644615677700 5.49250664807762
2025-09-24T09:44:00.000 -6634.621343197770 1223.205152421990 -785.756603336207 -1.54187358569117 -4.58255572122861 5.94762050683059
2025-09-24T09:48:00.000 -6758.167555229670 92.184519936293 652.964845576520 0.51891110344240 -4.78492204217509 5.96809442218370
2025-09-24T09:52:00.000 -6388.495096988800 -1045.553969100470 2043.893003183130 2.54288936377648 -4.63812642617870 5.55172603931589
2025-09-24T09:56:00.000 -5552.478031698860 -2106.964749304830 3285.203848097180 4.38112438033244 -4.15278894455265 4.72901167650967
2025-09-24T10:00:00.000 -4311.264159395680 -3014.617212526640 4286.104786918820 5.89880204087768 -3.36474740229913 3.56072334499356
2025-09-24T10:04:00.000 -2755.630077078730 -3702.420125796410 4973.543737494820 6.98534720746575 -2.33199497281540 2.13295333938182
2025-09-24T10:08:00.000 -999.166751733596 -4120.406841049680 5297.504253177770 7.56227723554029 -1.13004538066262 0.55031423909542
2025-09-24T10:12:00.000 830.082917043372 -4238.287588432740 5234.527736642690 7.58828807761983 0.15364848383674 -1.07182780922234
2025-09-24T10:16:00.000 2598.901122953780 -4047.567497204810 4789.320226929430 7.06176291896276 1.42596437662851 -2.61548632885478
2025-09-24T10:20:00.000 4178.488533959110 -3562.146797230360 3994.405028289350 6.02098762301757 2.59450278051846 -3.96822651153681
2025-09-24T10:24:00.000 5453.803302002300 -2817.345818031020 2907.796826853880 4.54164436124118 3.57424946248346 -5.03135006140153
2025-09-24T10:28:00.000 6331.952864093660 -1867.379073847840 1608.822444724830 2.73156977979711 4.29373267866458 -5.72705793995907
2025-09-24T10:32:00.000 6749.053865580830 -781.439672773169 192.358640658081 0.72320214214887 4.70042473354902 -6.00444002454848
2025-09-24T10:36:00.000 6674.986965361490 361.378405635079 -1238.161687241840 -1.33633629794264 4.76488960410028 -5.84357774205197
2025-09-24T10:40:00.000 6115.582845485530 1477.933195401520 -2578.420983465370 -3.29652073021466 4.48303297070836 -5.25704477591858
2025-09-24T10:44:00.000 5112.048394421270 2487.172590627970 -3730.921386700240 -5.01494027977569 3.87619322504953 -4.28866057248373
2025-09-24T10:48:00.000 3737.733615837870 3316.035681139600 -4612.073997393030 -6.36774715773226 2.98913722260592 -3.00970750521799
2025-09-24T10:52:00.000 2092.607873557390 3904.662099348290 -5158.143067916420 -7.25819661118514 1.88637947443581 -1.51328092909592
2025-09-24T10:56:00.000 295.960925337458 4210.573649246320 -5329.674594125630 -7.62287397654970 0.64738268781704 0.09257512672712
2025-09-24T11:00:00.000 -1522.107766320350 4211.605074824850 -5114.194022882880 -7.43555517296066 -0.63900174185309 1.69234591238094
2025-09-24T11:04:00.000 -3229.855954668200 3907.459714770820 -4527.082561407150 -6.70890595266869 -1.88039451209541 3.17071671730744
2025-09-24T11:08:00.000 -4703.225616774680 3319.809840014980 -3610.581678019050 -5.49398327216929 -2.98715605114875 4.42046026406834
2025-09-24T11:12:00.000 -5834.746838905780 2490.894698345570 -2430.946437739090 -3.87731350919896 -3.87854831767325 5.34990606302978
2025-09-24T11:16:00.000 -6541.469683069300 1480.653299259220 -1073.853003010000 -1.97555808673836 -4.48878638728428 5.88997258029732
2025-09-24T11:20:00.000 -6771.270803970680 362.478680537287 361.738110065003 0.07259915894131 -4.77231813523530 5.99983508214883
2025-09-24T11:24:00.000 -6506.941360616890 -782.136693500538 1770.850460217860 2.11676050776246 -4.70769005307703 5.67058735363048
2025-09-24T11:28:00.000 -5767.611795623280 -1869.652497031030 3050.328352581530 4.00649350968140 -4.29942116379373 4.92623008294554
2025-09-24T11:32:00.000 -4607.336525684780 -2820.715201865490 4106.557961936260 5.60308531689609 -3.57762826793983 3.82172573452001
2025-09-24T11:36:00.000 -3110.986189246280 -3566.031975521840 4862.403107580000 6.79001267939668 -2.59545198953200 2.43849474038573
2025-09-24T11:40:00.000 -1387.874829475200 -4051.423649801530 5262.828203105960 7.48134537834881 -1.42486191607282 0.87807973457682
2025-09-24T11:44:00.000 436.338694122679 -4241.693790471240 5278.803330481440 7.62749257380808 -0.15111017265020 -0.74566879357136
2025-09-24T11:48:00.000 2228.785113769790 -4123.097359693570 4909.301965825710 7.21827606597868 1.13335999852402 -2.31462101925812
2025-09-24T11:52:00.000 3858.959030704210 -3704.292730437320 4181.330400085160 6.28344295288725 2.33536989426516 -3.71465398657722
2025-09-24T11:56:00.000 5208.127424935190 -3015.747387582720 3148.007701438380 4.89086663322512 3.36744522742563 -4.84359939426911
2025-09-24T12:00:00.000 6178.005557346690 -2107.583007039890 1884.767199832800 3.14206050736014 4.15431569531476 -5.61885502609682
2025-09-24T12:04:00.000 6698.003601656510 -1045.947490474280 483.874442564494 1.16491306581691 4.63853980052369 -5.98366802165359
2025-09-24T12:08:00.000 6730.467874930570 91.824061611720 -952.358450765331 -0.89573734580946 4.78495599310853 -5.91163667322224
2025-09-24T12:12:00.000 6273.439682008180 1222.926006956320 -2319.158027562660 -2.88919852845681 4.58341616417537 -5.40875338201450
2025-09-24T12:16:00.000 5360.681163068150 2265.200268712170 -3517.031130833080 -4.67036909635882 4.04939509565333 -4.51271572471068
2025-09-24T12:20:00.000 4059.001556414040 3143.147712353660 -4459.040383183600 -6.11065680571328 3.22247133374382 -3.28968777685984
2025-09-24T12:24:00.000 2463.174584893240 3793.335414197250 -5077.015746435950 -7.10691968467247 2.16295006351919 -1.82888887594605
2025-09-24T12:28:00.000 688.977403951722 4168.843290330180 -5326.309541106460 -7.58819024703184 0.94728537829000 -0.23592487273053
2025-09-24T12:32:00.000 -1135.098521936180 4242.507134569520 -5188.854149686420 -7.52003122195709 -0.33728272524326 1.37456689930102
2025-09-24T12:36:00.000 -2876.919115434900 4008.810174576620 -4674.407819353340 -6.90668568534821 -1.59860429027289 2.88664204171744
2025-09-24T12:40:00.000 -4410.026238288660 3484.336413967690 -3819.939882156770 -5.79104572116326 -2.74568992256287 4.19076829613551
2025-09-24T12:44:00.000 -5622.696153329120 2706.731629016770 -2687.167463070080 -4.25240391286173 -3.69507545841591 5.19150623065232
2025-09-24T12:48:00.000 -6426.134547583260 1732.154960725220 -1358.293898250040 -2.40150414909789 -4.37691588142946 5.81469610032059
2025-09-24T12:52:00.000 -6761.176438476150 631.339529640751 69.846784972224 -0.37305380349383 -4.74044880345167 6.01344132748887
2025-09-24T12:56:00.000 -6602.890604882070 -515.534580428983 1492.869607805310 1.68418069472443 -4.75827750768527 5.77219422945911
2025-09-24T13:00:00.000 -5962.605037653510 -1624.774985086590 2806.606687995240 3.61878865245998 -4.42875162732116 5.10834872726925
2025-09-24T13:04:00.000 -4887.106431924120 -2615.425696291350 3914.915817760740 5.28864323486414 -3.77615642441710 4.07091363346204
2025-09-24T13:08:00.000 -3455.075133448800 -3415.279149966230 4736.822254407990 6.57173449060168 -2.84859569222153 2.73641311124955
2025-09-24T13:12:00.000 -1771.158895924180 -3966.158453229770 5212.432636029070 7.37495844848437 -1.71411195130258 1.20286882615851
2025-09-24T13:16:00.000 41.791680439376 -4228.093079737010 5307.226085752510 7.64057281174998 -0.45542457026218 -0.41764617209797
2025-09-24T13:20:00.000 1851.696594618490 -4182.133839259380 5014.446619658420 7.34979094232774 0.83604545541173 -2.00718777180267
2025-09-24T13:24:00.000 3526.779168506560 -3831.674431821990 4355.531508146830 6.52390683310047 2.06661976512711 -3.45013960215154
2025-09-24T13:28:00.000 4945.064223878640 -3202.207916316770 3378.566002075450 5.22284902286917 3.14689995331145 -4.64136426100859
2025-09-24T13:32:00.000 6003.230104873700 -2339.534330220930 2154.850883879810 3.54128947903065 3.99809106345597 -5.49374007948242
2025-09-24T13:36:00.000 6624.223884960460 -1306.483564306150 773.753675076608 1.60213499753404 4.55800907645423 -5.94482580961696
2025-09-24T13:40:00.000 6762.988570137660 -178.317236463508 -663.850101153029 -0.45256820747983 4.78591219364527 -5.96180266340796
2025-09-24T13:44:00.000 6409.788308371910 962.831449452113 -2053.046664633720 -2.47241786158695 4.66564488327282 -5.54405200170486
2025-09-24T13:48:00.000 5590.829200157640 2034.035135234370 -3292.657676356310 -4.31023437937554 4.20674035541171 -4.72306775083647
2025-09-24T13:52:00.000 4366.135932212780 2957.647965643870 -4292.656388510030 -5.83309278819363 3.44333022855251 -3.55961628547581
2025-09-24T13:56:00.000 2824.965746335130 3666.895192436350 -4980.635139581340 -6.93173110247017 2.43126902304354 -2.13878048009669
2025-09-24T14:00:00.000 1079.202173442700 4110.586627858680 -5306.882493259450 -7.52785330586019 1.24373421637187 -0.56344183624173
2025-09-24T14:04:00.000 -744.695485895959 4256.654492992360 -5247.792508863450 -7.57890744495556 -0.03400218510010 1.05298380223393
2025-09-24T14:08:00.000 -2514.630194262090 4094.380286714180 -4807.482875455270 -7.08072719012481 -1.31029726392943 2.59416699025816
2025-09-24T14:12:00.000 -4102.181320089360 3635.194800275880 -4017.561396218460 -6.06800258733503 -2.49325397539352 3.94865698250651
2025-09-24T14:16:00.000 -5391.756922690840 2911.989997456780 -2935.025118223000 -4.61244561888678 -3.49697074664394 5.01759189782967
2025-09-24T14:20:00.000 -6289.017395536660 1976.936194668950 -1638.356516811880 -2.81854531407004 -4.24770777721508 5.72191918462901
2025-09-24T14:24:00.000 -6727.979332623100 897.845508629196 -221.983182050057 -0.81669815623399 -4.68976179696297 6.00879338454642
2025-09-24T14:28:00.000 -6676.112712205200 -246.735116410108 1210.615947278320 1.24647149364966 -4.78998974425207 5.85616994162157
2025-09-24T14:32:00.000 -6136.924429820800 -1373.309285839470 2554.593409362940 3.21922690857070 -4.54059489966084 5.27481238869465
2025-09-24T14:36:00.000 -5149.768712178540 -2399.648344108110 3711.577147118710 4.95653099620150 -3.95987469351744 4.30755716466858
2025-09-24T14:40:00.000 -3786.869575937760 -3250.914347909990 4597.000050668480 6.33125283791582 -3.09067683848062 3.02581017087072
2025-09-24T14:44:00.000 -2147.856521799950 -3865.159633280910 5146.304548730300 7.24351030678928 -1.99684518235521 1.52381477460643
2025-09-24T14:48:00.000 -352.344428223565 -4197.791040036440 5319.579026624840 7.62756458008924 -0.75823930619277 -0.08857642139854
2025-09-24T14:52:00.000 1468.823544054730 -4224.722661857830 5104.355127516060 7.45607770980539 0.53513416324699 -1.69390226941304
2025-09-24T14:56:00.000 3183.040926653080 -3944.060110949580 4516.434119780710 6.74175612821749 1.78943129281355 -3.17542292904024
2025-09-24T15:00:00.000 4665.494559127120 -3376.234331828620 3598.731952936570 5.53647995894647 2.91356302477983 -4.42525341064954
2025-09-24T15:04:00.000 5808.206110904160 -2562.551520480750 2418.219963980130 3.92789785988291 3.82568514879424 -5.35204254107382
2025-09-24T15:08:00.000 6527.959654131690 -1562.249522307520 1061.098431755800 2.03345539186473 4.45918916256447 -5.88795717728998
2025-09-24T15:12:00.000 6772.458639215510 -448.193049958469 -373.511721747265 -0.00818639033885 4.76784953653975 -5.99385115487846
2025-09-24T15:16:00.000 6524.224009908010 698.490048964046 -1780.884225240990 -2.04744406304063 4.72951925628313 -5.66250991885907
2025-09-24T15:20:00.000 5801.808995660350 1794.431116057160 -3058.468870465020 -3.93556378358073 4.34772144609729 -4.91908893774800
2025-09-24T15:24:00.000 4658.245919417730 2760.143453213350 -4113.427603155270 -5.53575700219396 3.65102138351493 -3.81878034411216
2025-09-24T15:28:00.000 3176.958321294420 3525.770094528350 -4869.330785087780 -6.73303474963550 2.69054310217368 -2.44220337433055
2025-09-24T15:32:00.000 1465.554077838910 4036.033256313250 -5271.538872529850 -7.44193385353603 1.53587992284437 -0.88920343048673
2025-09-24T15:36:00.000 -351.957440936117 4254.077152681160 -5290.976127448540 -7.61194623764438 0.27003744489325 0.72829974418695
2025-09-24T15:40:00.000 -2143.960757106320 4164.013018462130 -4926.112411707050 -7.23052314796382 -1.01622462605166 2.29394743533589
2025-09-24T15:44:00.000 -3780.502617148030 3772.069033141510 -4203.104574047400 -6.32404275109632 -2.23039124538329 3.69467468207509
2025-09-24T15:48:00.000 -5142.526922105840 3106.260786330330 -3174.073478754610 -4.95652263483186 -3.28447419774370 4.82845796300771
2025-09-24T15:52:00.000 -6130.508479035570 2214.547746675030 -1913.554654918540 -3.22587049128064 -4.10128903090539 5.61170914047050
2025-09-24T15:56:00.000 -6671.877622741760 1161.520224990060 -513.260865102394 -1.25750543168399 -4.62034430533393 5.98586683350904
2025-09-24T16:00:00.000 -6726.595849774750 23.785174937027 924.559133635319 0.80454092405756 -4.80271936547709 5.92234626504610
2025-09-24T16:04:00.000 -6290.351541842760 -1115.675765447400 2294.694340303020 2.80857519762886 -4.63460911067014 5.42528235853630
2025-09-24T16:08:00.000 -5394.944113622370 -2173.705866278800 3496.857852403750 4.60732440652009 -4.12832335843498 4.53125063584456
2025-09-24T16:12:00.000 -4105.867112972680 -3073.141517560510 4443.149890857360 6.06903627621680 -3.32116051097648 3.30622308399988
2025-09-24T16:16:00.000 -2517.373024095950 -3748.492015789140 5064.532481842940 7.08727974297810 -2.27244847122914 1.84036722920585
2025-09-24T16:20:00.000 -745.431683352190 -4150.697363670810 5315.821355028670 7.58855137916048 -1.05888137340342 0.24100849823332
2025-09-24T16:24:00.000 1080.800367030760 -4250.612827877020 5178.856385133410 7.53702211796379 0.23128474742466 -1.37531473685829
2025-09-24T16:28:00.000 2828.331388420710 -4041.044602035680 4663.739963631780 6.93672996510528 1.50444029222911 -2.89100955390742
2025-09-24T16:32:00.000 4369.922083475460 -3537.256944310630 3808.090088723780 5.83131014526133 2.66816108609746 -4.19573150863089
2025-09-24T16:36:00.000 5593.292726351820 -2775.894540175790 2674.350743301570 4.30110759806697 3.63775220110599 -5.19418178865845
2025-09-24T16:40:00.000 6409.343597529100 -1812.381344814840 1345.306038003230 2.45781183658271 4.34242777413388 -5.81327941692887
2025-09-24T16:44:00.000 6758.748749991030 -716.896157265725 -81.975443864793 0.43629065354956 4.73080013350657 -6.00782616298965
2025-09-24T16:48:00.000 6616.343906786170 430.782500411177 -1503.290083965910 -1.61540653409945 4.77478080738849 -5.76396997964031
2025-09-24T16:52:00.000 5992.957630820280 1547.173387262480 -2815.025177276570 -3.54738745818386 4.47180160138525 -5.10044207276214
2025-09-24T16:56:00.000 4934.443491939810 2551.257685307430 -3921.809539705560 -5.21946945939625 3.84474159232755 -4.06665268619220
2025-09-24T17:00:00.000 3518.106219212160 3370.365369578040 -4743.417087158090 -6.51131531084180 2.93978398180239 -2.73853370658240
2025-09-24T17:04:00.000 1846.908025076610 3945.339604435050 -5220.442259150750 -7.33060773702546 1.82264049549343 -1.21257407460554
2025-09-24T17:08:00.000 41.989882664291 4234.669054100130 -5318.414822625980 -7.61897233137473 0.57375488555095 0.40115167855303
2025-09-24T17:12:00.000 -1765.953726427570 4217.356144461560 -5030.160088887270 -7.35557368389565 -0.71734165646712 1.98655117001226
2025-09-24T17:16:00.000 -3445.882665172640 3894.395502057300 -4376.309254773920 -6.55842093635385 -1.95790919013028 3.42928241248620
2025-09-24T17:20:00.000 -4875.690455440340 3288.804612107930 -3403.951595134420 -5.28362657601800 -3.05822778079811 4.62449421440165
2025-09-24T17:24:00.000 -5951.013859470340 2444.136977992270 -2183.445678794040 -3.62219320063464 -3.93792609291221 5.48433051185006
2025-09-24T17:28:00.000 -6592.965906556100 1421.504571693750 -803.509937568451 -1.69424328173645 -4.53201348058529 5.94468827493743
2025-09-24T17:32:00.000 -6754.166503712270 295.232229234350 635.166450667561 0.35942129844943 -4.79614868062367 5.97065167192958
2025-09-24T17:36:00.000 -6422.459389992750 -852.580984534527 2027.350184311620 2.38793525519709 -4.71033998163466 5.55956378062006
2025-09-24T17:40:00.000 -5621.951422398190 -1938.158179416320 3271.124528756220 4.24198474142600 -4.28073571914278 4.74158735485213
2025-09-24T17:44:00.000 -4411.196313255580 -2882.310706251830 4275.527980698260 5.78569485822323 -3.53910035378453 3.57715950632547
2025-09-24T17:48:00.000 -2878.725467609980 -3616.276568784250 4967.250991823250 6.90661119163160 -2.53996222228157 2.15198017313343
2025-09-24T17:52:00.000 -1136.437194642360 -4086.702201344930 5295.941173876420 7.52358907143613 -1.35638493051066 0.57045419915359
2025-09-24T17:56:00.000 688.633783974382 -4259.462561058430 5237.785852465310 7.59235388248060 -0.07455316272705 -1.05202678655954
2025-09-24T18:00:00.000 2463.558723104180 -4122.069417205170 4797.147770156950 7.10827905277377 1.21249248519056 -2.59744452991128
2025-09-24T18:04:00.000 4059.094470141680 -3684.538828518870 4006.213792185520 6.10654843113976 2.41133989098728 -3.95329884941644
2025-09-24T18:08:00.000 5359.025229870510 -2978.695818778180 2922.706602316340 4.65995928704848 3.43474469610759 -5.02058404728684
2025-09-24T18:12:00.000 6268.658077419140 -2055.922398223420 1625.739035595490 2.87401392033132 4.20799982425981 -5.72119749716052
2025-09-24T18:16:00.000 6721.820402225140 -983.445000224743 210.047990372762 0.87943821379949 4.67465374947414 -6.00390302004644
2025-09-24T18:20:00.000 6685.774021387110 160.613227179348 -1220.992520958010 -1.17767659656395 4.80092744717535 -5.84842532535694
2025-09-24T18:24:00.000 6163.577656764280 1293.009588335250 -2563.027441567060 -3.14700607174137 4.57818468393362 -5.26689569050496
2025-09-24T18:28:00.000 5193.736079898200 2331.517762395160 -3718.419992985010 -4.88537638881520 4.02344766573090 -4.30276115249266
2025-09-24T18:32:00.000 3847.173271062050 3200.932896814870 -4603.367868533270 -6.26743733370891 3.17775534797138 -3.02704580562241
2025-09-24T18:36:00.000 2221.867276132330 3838.448685391660 -5153.865535480660 -7.19433732606039 2.10270134122536 -1.53262875421132
2025-09-24T18:40:00.000 435.685417550248 4198.053045663090 -5330.146781394990 -7.60005224357585 0.87579458067995 0.07257163080304
2025-09-24T18:44:00.000 -1382.030856659570 4253.710851606540 -5119.406598442260 -7.45547923262708 -0.41494877974553 1.67308057300625
2025-09-24T18:48:00.000 -3099.589927134720 4001.182608589690 -4536.690429259100 -6.77025950770560 -1.67692924091625 3.15357740569988
2025-09-24T18:52:00.000 -4592.250792047940 3458.392934341200 -3623.922748563970 -5.59243869950043 -2.81907146578189 4.40667815794404
2025-09-24T18:56:00.000 -5751.178238538970 2664.311099359850 -2447.086189045400 -4.00586935908416 -3.75814935095307 5.34051761333233
2025-09-24T19:00:00.000 -6491.458036997200 1676.313108535550 -1091.640872876840 -2.12494110373835 -4.42498309379323 5.88572022533712
2025-09-24T19:04:00.000 -6758.535195125560 566.136542010295 343.586364841393 -0.08675078697183 -4.76990069011948 6.00108449635720
2025-09-24T19:08:00.000 -6532.483324405360 -585.340273349986 1753.660572822250 1.95909966135943 -4.76695283828041 5.67731581850203
2025-09-24T19:12:00.000 -5829.621683999030 -1694.096491782310 3035.367730996500 3.86212504378743 -4.41607265781983 4.93796593303444
2025-09-24T19:16:00.000 -4701.325006503480 -2679.226776174210 4094.933881477760 5.48260344237659 -3.74312841927498 3.83762118262370
2025-09-24T19:20:00.000 -3230.116217344650 -3468.947166351030 4854.981448918140 6.70229043553252 -2.79770747424815 2.45739271075291
2025-09-24T19:24:00.000 -1523.451254775220 -4005.829170049330 5260.154611094750 7.43285807658262 -1.64905022511178 0.89848350166489
2025-09-24T19:28:00.000 294.212840739410 -4250.899266118560 5281.045857021410 7.62170976323666 -0.38078249766484 -0.72536988852379
2025-09-24T19:32:00.000 2090.454383698080 -4186.401553082370 4916.251378884590 7.25547062969928 0.91496218310097 -2.29593013688584
2025-09-24T19:36:00.000 3734.465110545680 -3817.055243614740 4192.438725803430 6.36084435891188 2.14413675186951 -3.69889277228855
2025-09-24T19:40:00.000 5106.495860901280 -3169.725503953340 3162.433374399060 5.00281139031963 3.21731991571374 -4.83188435001809
2025-09-24T19:44:00.000 6106.584534830470 -2291.528826333230 1901.432967333510 3.28031984970230 4.05622864999136 -5.61200739788555
2025-09-24T19:48:00.000 6661.925780645440 -1246.441184287380 501.552397019620 1.31938583462903 4.59955358387705 -5.98211969004648
2025-09-24T19:52:00.000 6732.295207715420 -110.613708178502 -934.957032663609 -0.73626423790961 4.80782620694318 -5.91547184135661
2025-09-24T19:56:00.000 6312.981909018450 1033.268614994410 -2303.296629928860 -2.73629144172800 4.66638369260152 -5.41767446757970
2025-09-24T20:00:00.000 5435.014937455280 2102.095006254750 -3503.857963756390 -4.53510146687512 4.18632597536542 -4.52605283720625
2025-09-24T20:04:00.000 4162.694359727110 3018.412756420430 -4449.502042255540 -6.00273315101832 3.40333627869478 -3.30645913773753
2025-09-24T20:08:00.000 2588.694622757890 3715.992587261450 -5071.797786987520 -7.03403589343309 2.37462344022783 -1.84791062444117
2025-09-24T20:12:00.000 827.237022480156 4144.488794358050 -5325.797343895290 -7.55555598544556 1.17451504067534 -0.25589232967876
2025-09-24T20:16:00.000 -994.106313268129 4272.921888516100 -5193.108946913090 -7.53004277672302 -0.11086239795107 1.35504057153026
2025-09-24T20:20:00.000 -2743.416831362270 4091.827668934820 -4683.158706542590 -6.95873950293265 -1.38933192270049 2.86892685753400
2025-09-24T20:24:00.000 -4293.729545766340 3613.981198536600 -3832.593966010220 -5.88152265574307 -2.56878040955154 4.17615579068052
2025-09-24T20:28:00.000 -5532.106473231580 2873.628309406400 -2702.844508121810 -4.37486543435059 -3.56346234413529 5.18108942331372
2025-09-24T20:32:00.000 -6367.913572863660 1924.196962530030 -1375.881712603690 -2.54714492020550 -4.30028815581755 5.80930116465093
2025-09-24T20:36:00.000 -6739.645269867490 834.559316179338 51.617368750421 -0.53129113869759 -4.72451709942813 6.01352990227864
2025-09-24T20:40:00.000 -6619.698855101150 -315.946344326765 1475.327923277400 1.52487818097320 -4.80430090606345 5.77781342180535
2025-09-24T20:44:00.000 -6016.602606918990 -1443.384737304870 2791.047851671190 3.47009709168450 -4.53346019584271 5.11915915601639
2025-09-24T20:48:00.000 -4974.406721827240 -2465.487705748460 3902.500787476590 5.16153350172160 -3.93194142959753 4.08613692994046
2025-09-24T20:52:00.000 -3569.336437813360 -3307.749213084020 4728.478754919090 6.47554864720961 -3.04403884624615 2.75490911134169
2025-09-24T20:56:00.000 -1904.060627688150 -3908.887698490100 5208.784868338650 7.31677114037822 -1.93492681564208 1.22325060575904
2025-09-24T21:00:00.000 -100.054513045719 -4225.257870465480 5308.537497782490 7.62468164623140 -0.68544365926397 -0.39697652979299
2025-09-24T21:04:00.000 1711.253247687470 -4233.917794177560 5020.588428969310 7.37727374714453 0.61370073486631 -1.98786792422324
2025-09-24T21:08:00.000 3397.949390498310 -3934.264365861730 4366.000267217020 6.59258716236404 1.86816667451395 -3.43361482876158
2025-09-24T21:12:00.000 4837.178597575790 -3348.093531223710 3392.547363093460 5.32762460322991 2.98675160963724 -4.62878274301669
2025-09-24T21:16:00.000 5924.079212256890 -2518.061738604190 2171.290112776030 3.67449484355378 3.88788675581501 -5.48595407613857
2025-09-24T21:20:00.000 6579.496966041840 -1504.627313130140 791.433273851921 1.75404269681131 4.50573298657449 -5.94232550258752
2025-09-24T21:24:00.000 6755.868505540670 -381.637824361118 -646.220826892390 -0.29299658911129 4.79529601137125 -5.96471568380431
2025-09-24T21:28:00.000 6440.727213313820 769.126962004395 -2036.747682597320 -2.31676023836647 4.73588656796325 -5.55215723266009
2025-09-24T21:32:00.000 5657.520137124490 1864.012362993220 -3278.870041159610 -4.16976241231581 4.33262224308844 -4.73575881933976
2025-09-24T21:36:00.000 4463.691512036110 2823.627216019080 -4282.374164319600 -5.71790774422725 3.61563038342229 -3.57595582129973
2025-09-24T21:40:00.000 2946.284765292540 3578.571475385410 -4974.595817642390 -6.85007026074342 2.63745613287654 -2.15758742996279
2025-09-24T21:44:00.000 1215.491025563250 4074.341547922730 -5305.523210337660 -7.48551033683290 1.46891446703554 -0.58341444592072
2025-09-24T21:48:00.000 -603.297175464086 4275.119366021920 -5251.232880381240 -7.57894420346951 0.19398285010715 1.03318534556479
2025-09-24T21:52:00.000 -2378.369264562890 4166.249921573830 -4815.515939482700 -7.12326581206687 -1.09594095616365 2.57592196642019
2025-09-24T21:56:00.000 -3980.968037463910 3755.306121988630 -4029.652976515770 -6.15012702570246 -2.30805162165847 3.93329311074356
2025-09-24T22:00:00.000 -5294.449532716360 3071.671653849850 -2950.340409407930 -4.72834683042454 -3.35445086354234 5.00625908635343
2025-09-24T22:04:00.000 -6222.770326850350 2164.613318374740 -1655.816214330760 -2.95990707927198 -4.15838325794563 5.71550638846809
2025-09-24T22:08:00.000 -6697.702293396710 1099.870141390570 -240.331696669063 -0.97324980962961 -4.66027677554529 6.00785988588782
2025-09-24T22:12:00.000 -6684.090734967700 -45.084788391442 1192.719070265760 1.08619277793903 -4.82258268288330 5.86084877544785
2025-09-24T22:16:00.000 -6182.640307973430 -1186.741813476090 2538.465545170720 3.06695659318165 -4.63292817953426 5.28479034751973
2025-09-24T22:20:00.000 -5229.939716485850 -2241.780373819260 3698.412514619380 4.82344484535663 -4.10524121401978 4.32212259650452
2025-09-24T22:24:00.000 -3895.680943333630 -3133.272584955460 4587.779402148660 6.22715275608989 -3.27847050472023 3.04390476985470
2025-09-24T22:28:00.000 -2277.380504747260 -3796.327933767140 5141.711190223370 7.17605932839451 -2.21329940149837 1.54403028599537
2025-09-24T22:32:00.000 -493.138211233216 -4182.777897751280 5319.939111318010 7.60167840505009 -0.98752342026650 -0.06777693357474
2025-09-24T22:36:00.000 1327.026825080530 -4264.600829002400 5109.615307243170 7.47364920646893 0.30981023406495 -1.67413777244557
2025-09-24T22:40:00.000 3050.568567184630 -4035.875862900880 4526.157717176920 6.80138290960347 1.58460199666604 -3.15822695425806
2025-09-24T22:44:00.000 4551.953763345460 -3513.231731404650 3612.146609393900 5.63362871743403 2.74416382536037 -4.41186120815212
2025-09-24T22:48:00.000 5721.791029056140 -2734.696229939230 2434.296374832540 4.05539125451824 3.70396831142453 -5.34337916562826
2025-09-24T22:52:00.000 6474.865913336100 -1756.970095737300 1078.629806755200 2.18194577089043 4.39390368115073 -5.88455095283093
2025-09-24T22:56:00.000 6756.457219762080 -651.300864575098 -355.813893028726 0.15054410851420 4.76365654753848 -5.99587453289587
2025-09-24T23:00:00.000 6546.395094497970 501.772694812319 -1764.310524753960 -1.89001025782027 4.78661792827937 -5.66978946244481
2025-09-24T23:04:00.000 5860.462709149740 1618.386211494540 -3044.219741788680 -3.79081504451423 4.46182175936512 -4.93105560940663
2025-09-24T23:08:00.000 4749.063474712210 2617.523159684940 -4102.525034307630 -5.41408549157297 3.81375679736099 -3.83453218042102
2025-09-24T23:12:00.000 3293.315780571160 3426.887899207480 -4862.550430269270 -6.64314376940678 2.89007114256549 -2.46059850626341
2025-09-24T23:16:00.000 1599.005274812580 3988.028864393910 -5269.363331569900 -7.39022871356558 1.75776149773019 -0.90895345209301
2025-09-24T23:20:00.000 -211.075076789056 4260.416037552220 -5293.567007859450 -7.60209988589027 0.49828346228580 0.70855324323085
2025-09-24T23:24:00.000 -2005.845734495650 4224.249384955080 -4933.308071181430 -7.26331340078623 -0.79804254883327 2.27554110711048
2025-09-24T23:28:00.000 -3655.183501912750 3881.869280336060 -4214.425664136240 -6.39726766114284 -2.03805938501349 3.67891560267989
2025-09-24T23:32:00.000 -5039.145653747980 3257.690985595300 -3188.735555798870 -5.06501431468575 -3.13202217859648 4.81655784148915
2025-09-24T23:36:00.000 -6056.638631769360 2396.628098149400 -1930.512675473400 -3.36181175472935 -3.99990188864653 5.60460257578346
2025-09-24T23:40:00.000 -6632.957997779770 1361.016725484790 -531.290929627199 -1.41104919318365 -4.57750568221609 5.98410028624497
2025-09-24T23:44:00.000 -6725.530767130690 226.164499110631 906.770184469351 0.64457746515191 -4.82170281332921 5.92612549795599
2025-09-24T23:48:00.000 -6327.266821821750 -925.184508522466 2278.457869607670 2.65399205538593 -4.71408257658188 5.43435235475372
2025-09-24T23:52:00.000 -5467.171693536390 -2009.005313853210 3483.366016448700 4.46943557120555 -4.26244975758674 4.54490947200830
2025-09-24T23:56:00.000 -4208.163593115300 -2946.245179628980 4433.392521142050 5.95789031757013 -3.50013850352902 3.32350020854921
2025-09-25T00:00:00.000 -2642.295207157570 -3668.652866715590 5059.232120217790 7.01104514255195 -2.48320560548093 1.85999328407558
2025-09-25T00:04:00.000 -883.873089454749 -4123.727555254820 5315.361914280330 7.55280821886010 -1.28599777278785 0.26146201230414
2025-09-25T00:08:00.000 938.927069963293 -4278.459899442200 5183.251055260760 7.54433851044880 0.00439079360307 -1.35556948249835
2025-09-25T00:12:00.000 2693.358314422110 -4121.653005124540 4672.638996939660 6.98655200189463 1.29436269906209 -2.87345707051813
2025-09-25T00:16:00.000 4251.664803619490 -3664.709602799640 3820.807180415040 5.91991942591942 2.49025955254460 -4.18165980938137
2025-09-25T00:20:00.000 5500.326168278320 -2940.857830847380 2689.920145642840 4.42194372891376 3.50496967550335 -5.18462747953377
2025-09-25T00:24:00.000 6348.373601710520 -2002.799523070620 1362.556680044030 2.60196606931431 4.26436517744334 -5.80889506322963
2025-09-25T00:28:00.000 6734.133048562110 -918.885106729505 -64.318472764060 0.59324748355264 4.71300504284385 -6.00883184474095
2025-09-25T00:32:00.000 6629.801370771240 231.918350287464 -1486.514418157070 -1.45702222467674 4.81844125675220 -5.77026068818708
2025-09-25T00:36:00.000 6043.444765299330 1365.878784781520 -2800.347122005600 -3.39906181474848 4.57364372306406 -5.11151553680589
2025-09-25T00:40:00.000 5018.239026197930 2400.677595269600 -3910.280919152290 -5.09190053294722 3.99727856470344 -4.08165588360009
2025-09-25T00:44:00.000 3629.094344911330 3261.395662258840 -4735.852108933960 -6.41363910370685 3.13188633537929 -2.75636388717971
2025-09-25T00:48:00.000 1977.026775594120 3885.851906496880 -5217.369974953180 -7.26981753757022 2.04037900129276 -1.23195843279945
2025-09-25T00:52:00.000 181.809040494668 4228.949775107400 -5320.045299368140 -7.59941090452831 0.80136623247747 0.38158058272730
2025-09-25T00:56:00.000 -1626.556413093100 4265.804231537110 -5036.371377546070 -7.37863282894185 -0.49629065722985 1.96816964650538
2025-09-25T01:00:00.000 -3317.004242433220 3993.499882695790 -4386.660553282910 -6.62250683329588 -1.75939009765277 3.41336647911475
2025-09-25T01:04:00.000 -4766.694031976920 3431.385077591510 -3417.708918463050 -5.38423566345576 -2.89666659693426 4.61221177681603
2025-09-25T01:08:00.000 -5869.848068480610 2619.840211260840 -2199.615198855400 -3.75209471661582 -3.82517362403047 5.47664692302506
2025-09-25T01:12:00.000 -6545.560733907800 1617.537979311310 -820.906376942924 -1.84394611046695 -4.47639864176907 5.94221127844766
2025-09-25T01:16:00.000 -6743.979531295030 497.302710808100 617.818127090964 0.20086256355093 -4.80176411661210 5.97352064900671
2025-09-25T01:20:00.000 -6450.237924501760 -659.213144144797 2011.315915251360 2.23205800410366 -4.77681231555670 5.56758579943450
2025-09-25T01:24:00.000 -5685.667368883540 -1767.606578545610 3257.577641091630 4.10022623341021 -4.40322697273974 4.75415514064330
2025-09-25T01:28:00.000 -4506.190851249700 -2747.015990496450 4265.448779303470 5.66838592593470 -3.70860581467383 3.59330919832407
2025-09-25T01:32:00.000 -2998.068519168920 -3526.091714061640 4961.362287481010 6.82224936064313 -2.74406634767035 2.17054236364592
2025-09-25T01:36:00.000 -1271.434380862160 -4048.183651457980 5294.665415417030 7.47829877130155 -1.58020109074133 0.59009888111002
2025-09-25T01:40:00.000 547.816269715768 -4275.402207688840 5241.208933560450 7.58943357688229 -0.30177991542493 -1.03276333601772
2025-09-25T01:44:00.000 2327.174006583500 -4191.293291634230 4805.005336745630 7.14791223933464 0.99839752525480 -2.57997593545241
2025-09-25T01:48:00.000 3937.070220731160 -3801.993410284910 4017.921144433340 6.18585553366110 2.22596815546272 -3.93888059548902
2025-09-25T01:52:00.000 5260.244786663470 -3135.814929255930 2937.399522522230 4.77316164848903 3.29160141002526 -5.01027856267252
2025-09-25T01:56:00.000 6200.308583957600 -2241.248360126030 1642.332807056720 3.01284560424333 4.11752773854056 -5.71576065980052
2025-09-25T02:00:00.000 6688.862266084250 -1183.463713339260 227.319895857714 1.03371884755826 4.64342544871880 -6.00371497959448
2025-09-25T02:04:00.000 6690.575443094510 -39.527186202993 -1204.303379909980 -1.01921146836373 4.83112611709698 -5.85342790794565
2025-09-25T02:08:00.000 6205.764761538450 1107.302148967630 -2548.126340393900 -2.99581487677835 4.66751596941736 -5.27670427511171
2025-09-25T02:12:00.000 5270.230385925400 2173.730808250750 -3706.382364257660 -4.75241427804227 4.16535458106058 -4.31666679847309
2025-09-25T02:16:00.000 3952.412358588910 3082.508525237210 -4595.058812801860 -6.16230537372761 3.36186425941883 -3.04402194190125
2025-09-25T02:20:00.000 2348.218416029390 3767.961630229820 -5149.878452857810 -7.12459994881132 2.31563598021331 -1.55145146347586
2025-09-25T02:24:00.000 573.994772240469 4180.598643657020 -5330.763060443620 -7.57074148592779 1.10210774639916 0.05326927930971
2025-09-25T02:28:00.000 -1241.778777303280 4290.537353380380 -5124.573132195320 -7.46869826684774 -0.19167481339369 1.65469227725280
2025-09-25T02:32:00.000 -2967.549148726220 4089.601579019480 -4546.026512600690 -6.82505533702786 -1.47287942244143 3.13742828087260
2025-09-25T02:36:00.000 -4477.986606108570 3591.976053230000 -3636.747833886550 -5.68489215296371 -2.64905183300564 4.39392942333668
2025-09-25T02:40:00.000 -5662.983428715310 2833.342792295580 -2462.464513791320 -4.12934275010184 -3.63458770786334 5.33212878529127
2025-09-25T02:44:00.000 -6435.740052244830 1868.474920952670 -1108.439006142830 -2.27044159469315 -4.35698972291355 5.88235929897494
2025-09-25T02:48:00.000 -6739.319740582860 767.402546053642 326.614218120904 -0.24355810400096 -4.76249310743991 6.00298995100652
2025-09-25T02:52:00.000 -6551.112012364250 -389.663676958207 1737.757088424420 1.80246580428456 -4.82064316828613 5.68424693919219
2025-09-25T02:56:00.000 -5884.676669764750 -1518.284088127450 3021.678453974370 3.71706441140650 -4.52689601152622 4.94936644618911
2025-09-25T03:00:00.000 -4788.738310586790 -2536.091516889640 4084.431791422050 5.35964969486583 -3.90293790640165 3.85261644968868
2025-09-25T03:04:00.000 -3343.475902806310 -3368.904269854450 4848.400711537450 6.61033173873212 -2.99479409593108 2.47487207930221
2025-09-25T03:08:00.000 -1654.476435719920 -3956.140565881350 5257.939792693120 7.37848397287216 -1.86901747323230 0.91717102359164
2025-09-25T03:12:00.000 155.065203519878 -4255.158327071350 5283.331542021710 7.60880703072321 -0.60763852525523 -0.70676804085911
2025-09-25T03:16:00.000 1953.312836284380 -4244.282702426080 4922.860816150080 7.28499273867070 0.69769496333502 -2.27872072588601
2025-09-25T03:20:00.000 3609.316061097520 -3924.335880994380 4202.884812660890 6.43065214043230 1.95224989505750 -3.68432180710791
2025-09-25T03:24:00.000 5002.457811390410 -3318.593399061460 3175.952194276330 5.10785786475940 3.06476592844985 -4.82100415420472
2025-09-25T03:28:00.000 6031.247731403250 -2471.146173170220 1917.036721413310 3.41299140354226 3.95410197891808 -5.60562577485750
2025-09-25T03:32:00.000 6620.795446052460 -1443.733396497540 518.094127675490 1.47001475977996 4.55529224861745 -5.98073853970336
2025-09-25T03:36:00.000 6728.377519396840 -311.221458092856 -918.694281679357 -0.57867430581706 4.82461633235966 -5.91915633681392
2025-09-25T03:40:00.000 6346.579020230060 843.933481369899 -2288.500417840300 -2.58315422900046 4.74295139300300 -5.42613505525855
2025-09-25T03:44:00.000 5503.714438749090 1937.792008002220 -3491.608729632200 -4.39749865494210 4.31708446070374 -4.53869196914822
2025-09-25T03:48:00.000 4261.538678397060 2891.080036605380 -4440.700586383540 -5.89066551052208 3.57878376322073 -3.32237572881242
2025-09-25T03:52:00.000 2710.532484283730 3634.880172560900 -5067.094435010310 -6.95565706485533 2.58199065433570 -1.86593323854874
2025-09-25T03:56:00.000 963.248322852204 4115.483469023770 -5325.541397187630 -7.51654141854699 1.39872878952540 -0.27470463085479
2025-09-25T04:00:00.000 -853.769313967384 4298.127267780090 -5197.324729206090 -7.53323253661296 0.11392545673710 1.33682023885012
2025-09-25T04:04:00.000 -2608.917666743710 4169.410649747060 -4691.541165998700 -7.00390299838866 -1.18030093774848 2.85263283339693
2025-09-25T04:08:00.000 -4174.812258149720 3738.302512967890 -3844.537107893700 -5.96542527625148 -2.39070906552601 4.16296354217530
2025-09-25T04:12:00.000 -5437.393900214360 3035.642682394240 -2717.480213233480 -4.49144125807095 -3.42935381305395 5.17198152595585
2025-09-25T04:16:00.000 -6304.275774639050 2112.100821926730 -1392.142948854550 -2.68794779985909 -4.21999021262992 5.80495166599802
2025-09-25T04:20:00.000 -6711.691415804710 1034.636620222430 34.922434868882 -0.68601387253353 -4.70400776934615 6.01428769736211
2025-09-25T04:24:00.000 -6629.413836373900 -118.320105772915 1459.420538107940 1.36762858571022 -4.84510769912728 5.78356404576696
2025-09-25T04:28:00.000 -6063.204060455660 -1262.651092085250 2777.071866528740 3.32184476288237 -4.63254448867791 5.12938919865974
2025-09-25T04:32:00.000 -5054.418083358580 -2314.831741364460 3891.438078336130 5.03306057251826 -4.08195107949934 4.10002692391392
2025-09-25T04:36:00.000 -3676.860791051560 -3198.136502066050 4721.085932916500 6.37613356157302 -3.23394787494115 2.77141233689418
2025-09-25T04:40:00.000 -2031.218841025240 -3848.271268203610 5205.547516676960 7.25354625443525 -2.15081261553362 1.24116490859734
2025-09-25T04:44:00.000 -237.569767102147 -4218.011030216280 5309.641303376390 7.60210548730755 -0.91159715966351 -0.37892465012503
2025-09-25T04:48:00.000 1573.385154678920 -4280.540008180880 5025.918240089960 7.39692527737091 0.39367667979578 -1.97089781374497
2025-09-25T04:52:00.000 3269.756752080180 -4031.349706397920 4375.157868539370 6.65308239015987 1.67022917150345 -3.41887616878611
2025-09-25T04:56:00.000 4728.000262891630 -3488.571705671660 3404.868518789570 5.42462548582343 2.82529313753334 -4.61731894848411
2025-09-25T05:00:00.000 5841.884679799680 -2691.704355314440 2185.883511486510 3.80099584306809 3.77466544569412 -5.47860252316858
2025-09-25T05:04:00.000 6530.301950182730 -1698.790144676570 807.237676827227 1.90086001624589 4.44899532948983 -5.93965025981068
2025-09-25T05:08:00.000 6743.291021714710 -582.185502926692 -630.359215688970 -0.13652245273055 4.79914818648888 -5.96691721462188
2025-09-25T05:12:00.000 6465.728819241980 576.790733011112 -2021.988789802850 -2.16198883413091 4.80004074518438 -5.55908920668206
2025-09-25T05:16:00.000 5718.333047361410 1693.880291168710 -3266.296688109060 -4.02792548139176 4.45236412125412 -4.74693350992659
2025-09-25T05:20:00.000 4555.953200652460 2688.065739274330 -4272.918922197760 -5.59926444238647 3.78222161523409 -3.59062170744146
2025-09-25T05:24:00.000 3063.355169351250 3487.436331224060 -4968.982890805720 -6.76324657596607 2.83883773131297 -2.17475363789795
2025-09-25T05:28:00.000 1348.914875847660 4034.272446946330 -5304.206201083410 -7.43689684900110 1.69048911452294 -0.60181679788080
2025-09-25T05:32:00.000 -463.178052266197 4289.048901841530 -5254.341078465430 -7.57210791588362 0.41965332980236 1.01494128941440
2025-09-25T05:36:00.000 -2241.707049487320 4233.187697760530 -4822.847418898540 -7.15874120062451 -0.88257463100003 2.55919179668696
2025-09-25T05:40:00.000 -3857.672867753870 3870.403675518610 -4040.692232444270 -6.22536769655698 -2.12254285528172 3.91931486200335
2025-09-25T05:44:00.000 -5193.468730267210 3226.569083821540 -2964.300136370950 -4.83793997154641 -3.21033019149500 4.99605156395129
2025-09-25T05:48:00.000 -6151.444152136480 2348.039233112720 -1671.691765888340 -3.09592460034979 -4.06623615026886 5.70985350255709
2025-09-25T05:52:00.000 -6661.213760763970 1298.454809696480 -256.970276792359 -1.12577253250683 -4.62688260546679 6.00719386800726
2025-09-25T05:56:00.000 -6685.083968829100 154.168582711799 1176.530353303120 0.92829151446416 -4.85045481610117 5.86524644096186
2025-09-25T06:00:00.000 -6221.011469487830 -1001.374922247170 2523.909647474450 2.91529607852380 -4.72006072754798 5.29390593304719
2025-09-25T06:04:00.000 -5302.839977960530 -2083.834827684310 3686.540233283400 4.68912156062072 -4.24520601068309 4.33521995871751
2025-09-25T06:08:00.000 -3997.745303200480 -3014.265921789120 4579.428248040320 6.11991705120024 -3.46099871379407 3.05996206671307
2025-09-25T06:12:00.000 -2401.134276240460 -3724.924203019480 5137.453014835360 7.10364375749789 -2.42502683342408 1.56187626837394
2025-09-25T06:16:00.000 -629.545887825122 -4164.159141569760 5320.051081512460 7.56926766285483 -1.21297557888256 -0.04942273742102
2025-09-25T06:20:00.000 1187.896553183750 -4300.103103513910 5114.066273579480 7.48350548213825 0.08699157398915 -1.65654065542397
2025-09-25T06:24:00.000 2918.835614329570 -4122.917007060850 4534.620738971860 6.85280398047437 1.38054005976031 -3.14257966607421
2025-09-25T06:28:00.000 4437.215218205870 -3645.498056108630 3624.020964368170 5.72298286776296 2.57365236795718 -4.39925975116277
2025-09-25T06:32:00.000 5632.431770069180 -2902.586780126440 2448.733634861990 4.17625546723365 3.57942739761618 -5.33475229984162
2025-09-25T06:36:00.000 6417.443722776470 -1948.286088102520 1094.592630524530 2.32560971858990 4.32443103049884 -5.88055135824485
2025-09-25T06:40:00.000 6735.220163826440 -852.130128848315 -339.486038767422 0.30657851953158 4.75434000038084 -5.99685989680816
2025-09-25T06:44:00.000 6562.958046491540 306.038253397892 -1748.817171032940 -1.73296161039218 4.83812756631017 -5.67572111025699
2025-09-25T06:48:00.000 5913.694150769850 1441.981359337080 -3030.708080526070 -3.64415797802567 4.57040827566084 -4.94154387003468
2025-09-25T06:52:00.000 4835.166893021890 2473.277068143020 -4092.008936836350 -5.28848408136310 3.97152402254613 -3.84886023480168
2025-09-25T06:56:00.000 3406.103075288830 3325.292461347450 -4855.835388371720 -6.54773957662643 3.08556068309938 -2.47775869440246
2025-09-25T07:00:00.000 1730.343845470120 3936.481411753840 -5266.987599213380 -7.33199475405035 1.97680324188745 -0.92773964714529
2025-09-25T07:04:00.000 -70.683816878911 4262.687446523880 -5295.756904316160 -7.58537008847659 0.72500038925070 0.68954100399592
2025-09-25T07:08:00.000 -1866.578583259180 4280.204586095860 -4939.939477066790 -7.28935727816942 -0.58012674216106 2.25777703569759
2025-09-25T07:12:00.000 -3527.144180836960 3987.467876523330 -4225.034641186970 -6.46422019724111 -1.84481387893489 3.66374278177393
2025-09-25T07:16:00.000 -4931.627376222490 3405.273456301940 -3202.561619842590 -5.16803378427655 -2.97754855414295 4.80508453993380
2025-09-25T07:20:00.000 -5977.453105599500 2575.465984677630 -1946.562744009650 -3.49346801615795 -3.89552333444173 5.59766102280396
2025-09-25T07:24:00.000 -6587.867280485750 1558.082286874220 -548.403290894274 -1.56177044560174 -4.53093350396901 5.98225524319023
2025-09-25T07:28:00.000 -6717.803623003640 427.080532363513 889.846964244312 0.48585374407674 -4.83638398897191 5.92953749876180
2025-09-25T07:32:00.000 -6357.431022608950 -735.077788742563 2262.962805239250 2.49889384074731 -4.78892342118239 5.44276713770639
2025-09-25T07:36:00.000 -5532.981087313490 -1843.572922146740 3470.429366115440 4.32931702747219 -4.39196319209138 4.55767405106438
2025-09-25T07:40:00.000 -4304.766992679460 -2817.543034505610 4423.938352454110 5.84293604772212 -3.67483697060923 3.33957134428804
2025-09-25T07:44:00.000 -2762.615514911630 -3586.053516930060 5053.916496406620 6.92956101644175 -2.69034150834964 1.87819494371960
2025-09-25T07:48:00.000 -1019.117190499520 -4093.237291586350 5314.537054269430 7.51067693570435 -1.51043874943353 0.28045638441669
2025-09-25T07:52:00.000 798.622573518431 -4302.278422172690 5186.943876205270 7.54453949217343 -0.22097378487042 -1.33713970269239
2025-09-25T07:56:00.000 2558.203540727950 -4198.028044912500 4680.559799369610 7.02900824048659 1.08441488330784 -2.85685543068246
2025-09-25T08:00:00.000 4131.494730331420 -3788.083895313500 3832.374354546420 6.00158189907739 2.31092748908901 -4.16805594232471
2025-09-25T08:04:00.000 5403.899201127380 -3102.269212080010 2704.291551464840 4.53694145639854 3.36926480218298 -5.17500995419149
2025-09-25T08:08:00.000 6282.734438840520 -2190.519640801770 1378.684997478840 2.74197761812432 4.18217064436329 -5.80396185202799
2025-09-25T08:12:00.000 6704.097940601480 -1119.269162786450 -47.609640822638 0.74812878416615 4.69031208279446 -6.00896260851990
2025-09-25T08:16:00.000 6637.603473802000 33.437528813493 -1470.450208928130 -1.29851627414230 4.85689813488302 -5.77547405008564
2025-09-25T08:20:00.000 6088.568246153530 1183.729118932370 -2786.111891152490 -3.24845320827476 4.67044420178547 -5.12145369348552
2025-09-25T08:24:00.000 5097.456862987840 2248.094600475450 -3898.931995491800 -4.96012273262975 4.14536114958116 -4.09563014216029
2025-09-25T08:28:00.000 3736.703194174130 3149.462866119300 -4728.244844725770 -6.31026876636469 3.32049292815641 -2.77338178996729
2025-09-25T08:32:00.000 2105.259306027510 3822.704092926340 -5214.091065097010 -7.20237747664257 2.25584273140119 -1.25079034947450
2025-09-25T08:36:00.000 321.392971388182 4219.186416965800 -5321.367561477990 -7.57284046165216 1.02806459490052 0.36230193497811
2025-09-25T08:40:00.000 -1485.732280904540 4310.153559788500 -5042.232161141110 -7.39494846411378 -0.27480004426917 1.94987290578842
2025-09-25T08:44:00.000 -3185.160670981790 4088.758427481400 -4396.649366530550 -6.68057007209465 -1.55923438136114 3.39748695659086
2025-09-25T08:48:00.000 -4653.401036091330 3570.638018768870 -3431.097417844610 -5.47981784598259 -2.73245271605576 4.59993277401092
2025-09-25T08:52:00.000 -5783.326551438690 2792.957846541260 -2215.427962344590 -3.87824833056539 -3.70891378964452 5.46884167523481
2025-09-25T08:56:00.000 -6492.089851203480 1811.913707868590 -837.997070662363 -1.99154460506069 -4.41660355763109 5.93943469539393
2025-09-25T09:00:00.000 -6727.443655035350 698.763879531478 600.694962461649 0.04257190713766 -4.80288782888094 5.97603708600561
2025-09-25T09:04:00.000 -6471.811672941090 -465.371348484111 1995.417971098000 2.07472863592221 -4.83878858645979 5.57520748714043
2025-09-25T09:08:00.000 -5743.727200818240 -1595.525826928410 3244.063924598540 3.95536928929088 -4.52147307575618 4.76627301343837
2025-09-25T09:12:00.000 -4596.449859286950 -2609.234252840310 4255.288413582490 5.54653798444524 -3.87442778258023 3.60895317584436
2025-09-25T09:16:00.000 -3113.912026150870 -3432.635237047740 4955.265256836090 6.73218183886911 -2.94536059439542 2.18855906834186
2025-09-25T09:20:00.000 -1404.402385702230 -4005.847825303670 5293.049756521140 7.42653090919861 -1.80230895183453 0.60919708381126
2025-09-25T09:24:00.000 407.424829005473 -4287.259564935280 5244.166683716830 7.57971033072026 -0.52851349235991 -1.01398345861479
2025-09-25T09:28:00.000 2189.589732339230 -4256.464141292520 4812.296337253180 7.18087397934816 0.78356284736691 -2.56285760607596
2025-09-25T09:32:00.000 3812.305962887430 -3915.722006495700 4029.001418427470 6.25908403895200 2.03861621420921 -3.92460679889587
2025-09-25T09:36:00.000 5157.386291909730 -3289.822331243160 2951.457805206570 4.88136951918962 3.14534612805194 -4.99988784591918
2025-09-25T09:40:00.000 6126.853072194060 -2424.325573024140 1658.340089641140 3.14816584636751 4.02301382661910 -5.71000665051720
2025-09-25T09:44:00.000 6650.168344387670 -1382.287357225550 244.107626498138 1.18631193915956 4.60751564264209 -6.00300327748450
2025-09-25T09:48:00.000 6689.476665148140 -239.635284160004 -1187.958842108150 -0.86041849003384 4.85639072115445 -5.85781303094080
2025-09-25T09:52:00.000 6242.366005240790 920.454551102904 -2533.419172185740 -2.84235622189342 4.75207164461133 -5.28588213579471
2025-09-25T09:56:00.000 5341.899623194960 2013.712586609850 -3694.390677258430 -4.61541692206608 4.30300983341738 -4.32998366418569
2025-09-25T10:00:00.000 4053.974711431370 2960.932762329230 -4586.666655369170 -6.05171180789993 3.54260728940786 -3.06051785058018
2025-09-25T10:04:00.000 2472.329612184240 3693.646863926040 -5145.708365559170 -7.04842808656580 2.52633832000749 -1.56992513147751
2025-09-25T10:08:00.000 711.675824228051 4158.936737210510 -5331.130740294740 -7.53452525656252 1.32751177044632 0.03415975695902
2025-09-25T10:12:00.000 -1100.497358891710 4323.105932226430 -5129.462890113870 -7.47509831388180 0.03209055259789 1.63634823252249
2025-09-25T10:16:00.000 -2832.908631674850 4174.046105650930 -4555.092077282100 -6.87367676666310 -1.26698585106113 3.12119461302147
2025-09-25T10:20:00.000 -4359.764655083850 3722.166701474570 -3649.328493012630 -5.77225261654896 -2.47607135916437 4.38105955482403
2025-09-25T10:24:00.000 -5569.763625777410 2999.804160356520 -2477.632537266400 -4.24905885907332 -3.50716415663577 5.32356429855257
2025-09-25T10:28:00.000 -6374.284661267170 2059.082721648670 -1125.084312336560 -2.41382199838124 -4.28442930501817 5.87868002128452
2025-09-25T10:32:00.000 -6714.091672927470 968.264694662593 309.702163258605 -0.40022831373426 -4.75013288766380 6.00447043461474
2025-09-25T10:36:00.000 -6563.939986930040 -193.198177795944 1721.817704508230 1.64395049323713 -4.86942253667736 5.69082358706760
2025-09-25T10:40:00.000 -5934.606473504050 -1340.551481865620 3007.882970528380 3.56829525870775 -4.63326811195849 4.96054067451979
2025-09-25T10:44:00.000 -4872.102610516970 -2390.059819463100 4073.787029258920 5.23150749748616 -4.05910731525145 3.86752644981711
2025-09-25T10:48:00.000 -3454.171928669140 -3265.213593054910 4841.670040433250 6.51207938567745 -3.18930751238659 2.49238686602629
2025-09-25T10:52:00.000 -1784.433554828560 -3902.339097020440 5255.605130919000 7.31720105094584 -2.08771025174424 0.93607599889915
2025-09-25T10:56:00.000 15.312355021888 -4255.166921879660 5285.567696974200 7.58896622758011 -0.83462567802831 -0.68781674875415
2025-09-25T11:00:00.000 1813.951158496480 -4298.109021766800 4929.509881109720 7.30807367528671 0.47894805979218 -2.26112852265310
2025-09-25T11:04:00.000 3480.505478126130 -4028.064735926260 4213.461990839580 6.49495647458098 1.75768464246006 -3.66938158828410
2025-09-25T11:08:00.000 4893.585001045840 -3464.676745926520 3189.686403366680 5.20869133884629 2.90852873503400 -4.80979426213722
2025-09-25T11:12:00.000 5950.251120392040 -2648.956153127100 1932.929940527390 3.54304506676340 3.84757257813317 -5.59895212323801
2025-09-25T11:16:00.000 6573.589729238350 -1640.327129581750 534.993297756511 1.61983349932757 4.50624510904697 -5.97907988063622
2025-09-25T11:20:00.000 6718.419179517170 -512.289686605833 -902.016969234283 -0.42000009812750 4.83659837424009 -5.92265636583253
2025-09-25T11:24:00.000 6374.607784746530 653.016382255437 -2273.261441194910 -2.42720667637608 4.81502975849459 -5.43454488208241
2025-09-25T11:28:00.000 5567.703197190160 1770.894643684190 -3478.918223630110 -4.25560491157144 4.44393810286172 -4.55138948258826
2025-09-25T11:32:00.000 4356.853182801780 2760.308138161300 -4431.481974624220 -5.77309125472472 3.75113481049846 -3.33843531342350
2025-09-25T11:36:00.000 2830.276160412360 3549.709250306160 -5062.020419815430 -6.87089497830768 2.78733867381134 -1.88420253914127
2025-09-25T11:40:00.000 1098.755016124460 4082.085049727950 -5324.983897538270 -7.47074250867558 1.62219307150291 -0.29384182171681
2025-09-25T11:44:00.000 -712.309438470113 4318.921864060450 -5201.325495752000 -7.52973042720847 0.33932442845998 1.31820466808345
2025-09-25T11:48:00.000 -2471.754244146980 4242.892829493090 -4699.808931334880 -7.04299743769461 -0.96931145484480 2.83591079511367
2025-09-25T11:52:00.000 -4051.894497831570 3859.142863917820 -3856.465089456800 -6.04433289414528 -2.20946064706361 4.14937203581405
2025-09-25T11:56:00.000 -5337.651948330050 3195.059910664450 -2732.190847752830 -4.60449003116094 -3.29111191503691 5.16253306662730
2025-09-25T12:00:00.000 -6234.958843239020 2298.483622089710 -1408.549482411650 -2.82688495299499 -4.13489998854926 5.80034922299687
2025-09-25T12:04:00.000 -6677.828679129660 1234.398590090170 18.025991999950 -0.84072991744324 -4.67828898271203 6.01483002577759
2025-09-25T12:08:00.000 -6633.456935435860 80.254925551066 1443.274228077870 1.20840521020115 -4.88065794529902 5.78923460152892
2025-09-25T12:12:00.000 -6104.837584008320 -1079.744494993960 2762.862781775290 3.16973112448708 -4.72676493268373 5.13976005602791
2025-09-25T12:16:00.000 -5130.588882096180 -2160.930533287360 3880.207231195070 4.89911968399878 -4.22795878287168 4.11432327386010
2025-09-25T12:20:00.000 -3782.003902098450 -3084.458503588100 4713.655531948890 6.27011534990239 -3.42108062493713 2.78858141860378
2025-09-25T12:24:00.000 -2157.665158838610 -3783.099680242890 5202.455646693890 7.18311428328692 -2.36542654426569 1.25993604926845
2025-09-25T12:28:00.000 -376.111837853761 -4206.093543932690 5311.115468817360 7.57235032110692 -1.13806020625634 -0.35986986006659
2025-09-25T12:32:00.000 1432.833201406060 -4322.753166930820 5031.864941505180 7.41004825063349 0.17180647721871 -1.95291031603375
2025-09-25T12:36:00.000 3137.442145182110 -4124.632174219510 4385.158205369780 6.70818896742829 1.46913120393307 -3.40330025957776
2025-09-25T12:40:00.000 4613.576035480580 -3626.134361449540 3418.196384967650 5.51768670438095 2.65964872132134 -4.60534160258153
2025-09-25T12:44:00.000 5753.692656642520 -2863.529847563850 2201.562727981610 3.92519673334928 3.65652803607119 -5.47110436842595
2025-09-25T12:48:00.000 6474.767680462920 -1892.370798547460 824.120787256606 2.04714054633578 4.38694417450845 -5.93718096221075
2025-09-25T12:52:00.000 6724.455227805230 -783.435601439660 -613.510090805722 0.02113729970891 4.79766904157433 -5.96966531128333
2025-09-25T12:56:00.000 6484.947848327900 382.502833727512 -2006.405099722280 -2.00445991123809 4.85917115285333 -5.56681450538215
2025-09-25T13:00:00.000 5774.193693851570 1520.662766125510 -3253.107282819310 -3.88196269020367 4.56773997969077 -4.75903353333940
2025-09-25T13:04:00.000 4644.385217439630 2548.481452776130 -4263.068812208340 -5.47544658002776 3.94540300964996 -3.60617231146219
2025-09-25T13:08:00.000 3177.931701138460 3391.591671829350 -4963.162577909540 -6.67050626581134 3.03792681774806 -2.19257341261211
2025-09-25T13:12:00.000 1481.328797333550 3989.091962516490 -5302.806611113710 -7.38189134725496 1.91103328864468 -0.62061734518815
2025-09-25T13:16:00.000 -322.517922385150 4297.784142146640 -5257.435259690740 -7.55880947981789 0.64567290847990 0.99652563763262
2025-09-25T13:20:00.000 -2102.986318986350 4295.183347479190 -4830.180469314420 -7.18810654966261 -0.66745914154288 2.54249804898231
2025-09-25T13:24:00.000 -3730.940180696430 3981.141767306740 -4051.702450018670 -6.29530175028291 -1.93395238022868 3.90555491363386
2025-09-25T13:28:00.000 -5087.910180002320 3377.985827564180 -2978.155185041440 -4.94337728205716 -3.06200672324726 4.98624969357012
2025-09-25T13:32:00.000 -6074.708459915040 2529.103635894550 -1687.353468781970 -3.22921984182552 -3.96902011768993 5.70468765458255
2025-09-25T13:36:00.000 -6618.857850562060 1495.958150288320 -273.276276793947 -1.27721252030353 -4.58795914313591 6.00701665357365
2025-09-25T13:40:00.000 -6680.149847485310 353.688030843251 1160.779048519380 0.76979096956582 -4.87267228964546 5.87000563641971
2025-09-25T13:44:00.000 -6253.812102121200 -814.403157954787 2509.858072119700 2.76126122664975 -4.80176206910882 5.30321930654722
2025-09-25T13:48:00.000 -5370.944465236050 -1923.051071963510 3675.203778772290 4.55075726597580 -4.38039124788020 4.34839207298902
2025-09-25T13:52:00.000 -4096.156456915150 -2891.384362198560 4571.620191161990 6.00725132989741 -3.63972180046992 3.07601459114156
2025-09-25T13:56:00.000 -2522.666456643820 -3648.883055984590 5133.730198881270 7.02480379927761 -2.63425645887942 1.57966001938260
2025-09-25T14:00:00.000 -765.343691741362 -4140.487973632900 5320.676184047730 7.52994995641034 -1.43749868250046 -0.03119161705960
2025-09-25T14:04:00.000 1047.719211666600 -4330.522114170350 5118.989830491150 7.48654568443824 -0.13648738979008 -1.63916367211875
2025-09-25T14:08:00.000 2784.482000318860 -4205.215133627920 4543.487613350170 6.89800914714115 1.17433260790403 -3.12729575304141
2025-09-25T14:12:00.000 4318.476724693700 -3773.689957729360 3636.189026887030 5.80710584719733 2.39976213013828 -4.38720862095303
2025-09-25T14:16:00.000 5537.966162616300 -3067.332758238820 2463.314746759930 4.29317035153761 3.45057261344334 -5.32682405480848
2025-09-25T14:20:00.000 6354.134928475550 -2137.572644814570 1110.516555457670 2.46672466234300 4.25002851545645 -5.87735844256664
2025-09-25T14:24:00.000 6707.658944147640 -1052.160818733310 -323.386475347186 0.46153775548228 4.73974312909382 -5.99858594909020
2025-09-25T14:28:00.000 6573.125954875050 109.825518620933 -1733.707769835740 -1.57543468250738 4.88433351363257 -5.68218953869802
2025-09-25T14:32:00.000 5960.827453511330 1263.852377500630 -3017.672393896560 -3.49551593677818 4.67396270904454 -4.95224513994472
2025-09-25T14:36:00.000 4915.820311086610 2326.158436325900 -4081.971856933970 -5.15948353510542 4.12480085970476 -3.86299075347726
2025-09-25T14:40:00.000 3514.410975655530 3219.840177501580 -4849.498447721560 -6.44768018305419 3.27738432029830 -2.49427089850834
2025-09-25T14:44:00.000 1858.448904181930 3880.321733851190 -5264.777546411110 -7.26807235366572 2.19325208766215 -0.94540640126064
2025-09-25T14:48:00.000 67.938866991984 4259.872261795490 -5297.798046058100 -7.56217442845304 0.95038267623477 0.67199027992030
2025-09-25T14:52:00.000 -1727.475140084840 4330.918537252540 -4946.054164310940 -7.30857431834807 -0.36214853421951 2.24158943211755
2025-09-25T14:56:00.000 -3397.634954662670 4088.013964039850 -4234.752733578760 -6.52447595925325 -1.65005550499151 3.65008015261361
2025-09-25T15:00:00.000 -4821.101121645270 3548.334239058820 -3215.156445050450 -5.26501879338670 -2.82018960506237 4.79492066420673
2025-09-25T15:04:00.000 -5893.933623488640 2750.618916777020 -1961.097960355970 -3.62016316940196 -3.78709645634905 5.59175649469019
2025-09-25T15:08:00.000 -6537.410223873080 1752.548921288690 -563.799459557431 -1.70890847241328 -4.47939506547591 5.98101514644300
2025-09-25T15:12:00.000 -6704.054365345020 626.669550304179 874.718881253649 0.32895503075665 -4.84550575645200 5.93298680226284
2025-09-25T15:16:00.000 -6381.372491549500 -544.941553776331 2249.200419557880 2.34362858758747 -4.85809797143806 5.45062984406878
2025-09-25T15:20:00.000 -5592.849131868120 -1676.780893107940 3459.029721773310 4.18703081939002 -4.51612051847516 4.56937969061984
2025-09-25T15:24:00.000 -4396.171807330840 -2686.269014906610 4415.728313019000 5.72403445850897 -3.84482637053891 3.35427215842055
2025-09-25T15:28:00.000 -2878.869611402380 -3499.855468782380 5049.481945389510 6.84262785226506 -2.89368292089372 1.89476803016004
2025-09-25T15:32:00.000 -1151.750094151510 -4058.380242644730 5314.189928865460 7.46194789897590 -1.73233263336801 0.29774448902987
2025-09-25T15:36:00.000 659.262953019519 -4321.297354258420 5190.708260308400 7.53755766712318 -0.44530735983979 -1.32037350190087
2025-09-25T15:40:00.000 2422.260349290450 -4269.542187779640 4688.161950351870 7.06428501653616 0.87396001528580 -2.84183550484946
2025-09-25T15:44:00.000 4008.863555227000 -3906.892182614330 3843.260368719890 6.07656260273849 2.12968380735661 -4.15588020215080
2025-09-25T15:48:00.000 5303.508556248470 -3259.716768874330 2717.670928497290 4.64617525255918 3.23048376652535 -5.16652360898516
2025-09-25T15:52:00.000 6211.901089045400 -2375.131098774950 1393.592306407360 2.87754629561940 4.09597645997668 -5.79980271532593
2025-09-25T15:56:00.000 6667.982572440590 -1317.584351435930 -32.261396003111 0.90008868586600 4.66300427306783 -6.00946805996860
2025-09-25T16:00:00.000 6638.817301126430 -164.127799713069 -1455.776933982050 -1.14129772320415 4.89039607695200 -5.78054637761139
2025-09-25T16:04:00.000 6127.003410918830 1001.288675576020 -2773.167755153870 -3.09738373319096 4.76219970182573 -5.13070063153155
2025-09-25T16:08:00.000 5170.307583190440 2094.030059429370 -3888.642952152880 -4.82613856804729 4.28862028849006 -4.10837312878990
2025-09-25T16:12:00.000 3838.674398102520 3034.947520815450 -4721.341748101080 -6.20304723396600 3.50479223392895 -2.78868285531624
2025-09-25T16:16:00.000 2228.958913957250 3756.029627267900 -5211.059110434830 -7.12962091572476 2.46779486924115 -1.26755471938525
2025-09-25T16:20:00.000 457.867214658773 4205.181365454120 -5322.415113192880 -7.53979300902138 1.25236427256680 0.34527511511183
2025-09-25T16:24:00.000 -1346.363762591870 4349.840736066460 -5047.275084877890 -7.40402722311342 -0.05438626894664 1.93379999040279
2025-09-25T16:28:00.000 -3052.997302321710 4179.271156965410 -4405.323240922870 -6.73118845338515 -1.35868429438610 3.38348356225206
2025-09-25T16:32:00.000 -4538.041853074150 3705.418231269700 -3442.780055788170 -5.56839607307870 -2.56636421266757 4.58901488992558
2025-09-25T16:36:00.000 -5693.172709476930 2962.219628859840 -2229.277579522240 -3.99844851736999 -3.58942634801380 5.46181561902923
2025-09-25T16:40:00.000 -6433.730465635160 2003.340110652070 -853.008577927254 -2.13468148842047 -4.35253529999178 5.93684467132366
2025-09-25T16:44:00.000 -6705.158258356390 898.396493169131 585.618738581206 -0.11306368876988 -4.79900410198268 5.97808996998639
2025-09-25T16:48:00.000 -6487.246540291540 -272.105532169090 1981.376711814900 1.91794180647062 -4.89540283168170 5.58172743475526
2025-09-25T16:52:00.000 -5795.784247877930 -1422.739881577800 3232.083818961000 3.80884567871118 -4.63448432341119 4.77683278208447
2025-09-25T16:56:00.000 -4681.354258099110 -2469.554438931400 4246.259083195350 5.42103430981327 -4.03560760540106 3.62283280843249
2025-09-25T17:00:00.000 -3225.469475915080 -3336.266579185320 4949.860104504790 6.63693925991253 -3.14288426201475 2.20467604259562
2025-09-25T17:04:00.000 -1534.472468205700 -3959.817625773960 5291.656270957400 7.36842786724601 -2.02169573724834 0.62630729913521
2025-09-25T17:08:00.000 268.310128650140 -4294.913949044860 5246.877656926340 7.56289820179559 -0.75377172794821 -0.99709048960777
2025-09-25T17:12:00.000 2051.550053463160 -4317.244245105220 4818.912743017840 7.20659475451704 0.56881376660094 -2.54741079860589
2025-09-25T17:16:00.000 3685.386193759130 -4025.198853082220 4039.031263176670 6.32544897832160 1.85004922617397 -3.91178753222354
2025-09-25T17:20:00.000 5050.809970449150 -3440.011104989920 2964.154999673480 4.98349070658866 2.99672214890392 -4.99060603053353
2025-09-25T17:24:00.000 6048.355059758430 -2604.277065180220 1672.775330512080 3.27860660119768 3.92512413940728 -5.70488850204690
2025-09-25T17:28:00.000 6605.444671759770 -1578.893341660170 259.231319557654 1.33560744680610 4.56746356181744 -6.00242346369568
2025-09-25T17:32:00.000 6681.766767161360 -438.578126389914 -1173.251311308960 -0.70316514111954 4.87708222429196 -5.86183814184219
2025-09-25T17:34:59.000 6421.280069653250 437.406555064352 -2191.546512451610 -2.19719962019711 4.87725063302000 -5.47711129594289
2025-09-25T17:35:01.000 6416.869375821790 447.159939076980 -2202.495148679130 -2.21349231601980 4.87612925557306 -5.47152029692456
2025-09-25T17:35:03.000 6412.426107997700 456.911055592620 -2213.432575110430 -2.22977359906057 4.87498313709438 -5.46590150459039
2025-09-25T17:35:05.000 6407.950289089110 466.659855135628 -2224.358736188160 -2.24604338675996 4.87381228402424 -5.46025494826756
2025-09-25T17:35:07.000 6403.441942169220 476.406288243364 -2235.273576413810 -2.26230159662746 4.87261670292829 -5.45458065742134
2025-09-25T17:35:09.000 6398.901090476110 486.150305466448 -2246.177040347900 -2.27854814624180 4.87139640049714 -5.44887866165465
2025-09-25T17:35:11.000 6394.327757412650 495.891857369003 -2257.069072610310 -2.29478295325117 4.87015138354611 -5.44314899070772
2025-09-25T17:35:13.000 6389.721966546360 505.630894528909 -2267.949617880520 -2.31100593537346 4.86888165901488 -5.43739167445771
2025-09-25T17:35:15.000 6385.083741609230 515.367367538049 -2278.818620897940 -2.32721701039646 4.86758723396725 -5.43160674291836
2025-09-25T17:35:17.000 6380.413106497600 525.101227002556 -2289.676026462100 -2.34341609617806 4.86626811559075 -5.42579422623965
2025-09-25T17:35:19.000 6375.710085272060 534.832423543064 -2300.521779432990 -2.35960311064639 4.86492431119645 -5.41995415470747
2025-09-25T17:35:21.000 6370.974702157230 544.560907794950 -2311.355824731310 -2.37577797179997 4.86355582821861 -5.41408655874331
2025-09-25T17:35:23.000 6366.206981541690 554.286630408585 -2322.178107338710 -2.39194059770787 4.86216267421447 -5.40819146890392
2025-09-25T17:35:25.000 6361.406947977800 564.009542049575 -2332.988572298130 -2.40809090650975 4.86074485686395 -5.40226891588109
2025-09-25T17:35:27.000 6356.574626181580 573.729593399009 -2343.787164714000 -2.42422881641603 4.85930238396942 -5.39631893050128
2025-09-25T17:35:29.000 6351.710041032550 583.446735153703 -2354.573829752540 -2.44035424570793 4.85783526345548 -5.39034154372545
2025-09-25T17:35:31.000 6346.813217573590 593.160918026446 -2365.348512642030 -2.45646711273755 4.85634350336873 -5.38433678664878
2025-09-25T17:35:33.000 6341.884181010830 602.872092746239 -2376.111158673080 -2.47256733592790 4.85482711187756 -5.37830469050042
2025-09-25T17:35:35.000 6336.922956713450 612.580210058544 -2386.861713198890 -2.48865483377301 4.85328609727199 -5.37224528664331
2025-09-25T17:35:37.000 6331.929570213590 622.285220725522 -2397.600121635510 -2.50472952483790 4.85172046796347 -5.36615860657398
2025-09-25T17:35:39.000 6326.904047206190 631.987075526282 -2408.326329462130 -2.52079132775866 4.85013023248471 -5.36004468192237
2025-09-25T17:35:41.000 6321.846413548850 641.685725257114 -2419.040282221320 -2.53684016124246 4.84851539948960 -5.35390354445163
2025-09-25T17:35:43.000 6316.756695261660 651.381120731743 -2429.741925519310 -2.55287594406756 4.84687597775299 -5.34773522605805
2025-09-25T17:35:45.000 6311.634918527120 661.073212781560 -2440.431205026280 -2.56889859508336 4.84521197617069 -5.34153975877087
2025-09-25T17:35:47.000 6306.481109689930 670.761952255870 -2451.108066476570 -2.58490803321043 4.84352340375929 -5.33531717475219
2025-09-25T17:35:49.000 6301.295295256880 680.447290022133 -2461.772455669000 -2.60090417744048 4.84181026965612 -5.32906750629686
2025-09-25T17:35:51.000 6296.077501896720 690.129176966203 -2472.424318467090 -2.61688694683646 4.84007258311921 -5.32279078583243
2025-09-25T17:35:53.000 6290.827756440000 699.807563992571 -2483.063600799360 -2.63285626053254 4.83831035352722 -5.31648704591904
2025-09-25T17:35:55.000 6285.546085878920 709.482402024605 -2493.690248659590 -2.64881203773415 4.83652359037944 -5.31015631924942
2025-09-25T17:35:57.000 6280.232517367210 719.153642004795 -2504.304208107070 -2.66475419771808 4.83471230329576 -5.30379863864881
2025-09-25T17:35:59.000 6274.887078219960 728.821234894989 -2514.905425266870 -2.68068265983247 4.83287650201671 -5.29741403707497
2025-09-25T17:36:01.000 6269.509795913520 738.485131676636 -2525.493846330110 -2.69659734349693 4.83101619640345 -5.29100254761813
2025-09-25T17:36:03.000 6264.100698085280 748.145283351032 -2536.069417554230 -2.71249816820257 4.82913139643784 -5.28456420350106
2025-09-25T17:36:05.000 6258.659812533640 757.801640939552 -2546.632085263240 -2.72838505351216 4.82722211222247 -5.27809903807900
2025-09-25T17:36:07.000 6253.187167217740 767.454155483901 -2557.181795848000 -2.74425791906017 4.82528835398076 -5.27160708483977
2025-09-25T17:36:09.000 6247.682790257440 777.102778046351 -2567.718495766460 -2.76011668455294 4.82333013205703 -5.26508837740373
2025-09-25T17:36:11.000 6242.146709933050 786.747459709982 -2578.242131543980 -2.77596126976882 4.82134745691657 -5.25854294952389
2025-09-25T17:36:13.000 6236.578954685310 796.388151578928 -2588.752649773520 -2.79179159455831 4.81934033914581 -5.25197083508592
2025-09-25T17:36:15.000 6230.979553115160 806.024804778614 -2599.249997115960 -2.80760757884426 4.81730878945237 -5.24537206810821
2025-09-25T17:36:17.000 6225.348533983610 815.657370456005 -2609.734120300350 -2.82340914262207 4.81525281866525 -5.23874668274197
2025-09-25T17:36:19.000 6219.685926211630 825.285799779844 -2620.204966124190 -2.83919620595991 4.81317243773493 -5.23209471327126
2025-09-25T17:36:21.000 6213.991758879970 834.910043940895 -2630.662481453650 -2.85496868899896 4.81106765773354 -5.22541619411308
2025-09-25T17:36:23.000 6208.266061229020 844.530054152191 -2641.106613223880 -2.87072651195372 4.80893848985501 -5.21871115981745
2025-09-25T17:36:25.000 6202.508862658690 854.145781649272 -2651.537308439280 -2.88646959511222 4.80678494541523 -5.21197964506750
2025-09-25T17:36:27.000 6196.720192728200 863.757177690433 -2661.954514173720 -2.90219785883641 4.80460703585222 -5.20522168467952
2025-09-25T17:36:29.000 6190.900081156010 873.364193556969 -2672.358177570870 -2.91791122356250 4.80240477272633 -5.19843731360306
2025-09-25T17:36:31.000 6185.048557819610 882.966780553416 -2682.748245844390 -2.93360960980125 4.80017816772036 -5.19162656692098
2025-09-25T17:36:33.000 6179.165652755410 892.564890007798 -2693.124666278290 -2.94929293813844 4.79792723263978 -5.18478947984958
2025-09-25T17:36:35.000 6173.251396158550 902.158473271875 -2703.487386227100 -2.96496112923526 4.79565197941293 -5.17792608773858
2025-09-25T17:36:37.000 6167.305818382800 911.747481721384 -2713.836353116200 -2.98061410382872 4.79335242009112 -5.17103642607128
2025-09-25T17:36:39.000 6161.328949940370 921.331866756290 -2724.171514442080 -2.99625178273215 4.79102856684890 -5.16412053046456
2025-09-25T17:36:41.000 6155.320821501740 930.911579801028 -2734.492817772600 -3.01187408683565 4.78868043198418 -5.15717843666893
2025-09-25T17:36:43.000 6149.281463895580 940.486572304756 -2744.800210747220 -3.02748093710663 4.78630802791843 -5.15021018056860
2025-09-25T17:36:45.000 6143.210908108510 950.056795741595 -2755.093641077340 -3.04307225459034 4.78391136719682 -5.14321579818148
2025-09-25T17:36:47.000 6137.109185284990 959.622201610883 -2765.373056546520 -3.05864796041041 4.78149046248843 -5.13619532565926
2025-09-25T17:36:49.000 6130.976326727180 969.182741437417 -2775.638405010740 -3.07420797576942 4.77904532658636 -5.12914879928733
2025-09-25T17:36:51.000 6124.812363894710 978.738366771708 -2785.889634398710 -3.08975222194952 4.77657597240790 -5.12207625548488
2025-09-25T17:36:53.000 6118.617328404590 988.289029190223 -2796.126692712100 -3.10528062031306 4.77408241299467 -5.11497773080482
2025-09-25T17:36:55.000 6112.391252031040 997.834680295638 -2806.349528025800 -3.12079309230316 4.77156466151276 -5.10785326193376
2025-09-25T17:36:57.000 6106.134166705280 1007.375271717090 -2816.558088488250 -3.13628955944446 4.76902273125285 -5.10070288569199
2025-09-25T17:36:59.000 6099.846104515420 1016.910755110400 -2826.752322321620 -3.15176994334369 4.76645663563029 -5.09352663903343
2025-09-25T17:37:01.000 6093.527097706270 1026.441082158390 -2836.932177822160 -3.16723416569047 4.76386638818526 -5.08632455904553
2025-09-25T17:37:03.000 6087.177178679180 1035.966204571040 -2847.097603360400 -3.18268214825789 4.76125200258277 -5.07909668294918
2025-09-25T17:37:05.000 6080.796379991860 1045.486074085810 -2857.248547381450 -3.19811381290334 4.75861349261283 -5.07184304809865
2025-09-25T17:37:07.000 6074.384734358220 1055.000642467850 -2867.384958405280 -3.21352908156915 4.75595087219043 -5.06456369198142
2025-09-25T17:37:09.000 6067.942274648220 1064.509861510290 -2877.506785026940 -3.22892787628339 4.75326415535564 -5.05725865221807
2025-09-25T17:37:11.000 6061.469033887650 1074.013683034440 -2887.613975916880 -3.24431011916057 4.75055335627358 -5.04992796656211
2025-09-25T17:37:13.000 6054.965045258000 1083.512058890080 -2897.706479821180 -3.25967573240243 4.74781848923451 -5.04257167289983
2025-09-25T17:37:15.000 6048.430342096270 1093.004940955680 -2907.784245561820 -3.27502463829868 4.74505956865375 -5.03518980925007
2025-09-25T17:37:17.000 6041.864957894790 1102.492281138690 -2917.847222036960 -3.29035675922778 4.74227660907173 -5.02778241376403
2025-09-25T17:37:19.000 6035.268926301030 1111.974031375740 -2927.895358221170 -3.30567201765770 4.73946962515391 -5.02034952472505
2025-09-25T17:37:21.000 6028.642281117450 1121.450143632940 -2937.928603165760 -3.32097033614670 4.73663863169075 -5.01289118054838
2025-09-25T17:37:23.000 6021.985056301310 1130.920569906080 -2947.946905998970 -3.33625163734407 4.73378364359763 -5.00540741978087
2025-09-25T17:37:25.000 6015.297285964450 1140.385262220930 -2957.950215926270 -3.35151584399097 4.73090467591478 -4.99789828110073
2025-09-25T17:37:27.000 6008.579004373150 1149.844172633450 -2967.938482230630 -3.36676287892110 4.72800174380717 -4.99036380331722
2025-09-25T17:37:29.000 6001.830245947960 1159.297253230070 -2977.911654272760 -3.38199266506157 4.72507486256442 -4.98280402537033
2025-09-25T17:37:31.000 5995.051045263420 1168.744456127900 -2987.869681491380 -3.39720512543355 4.72212404760060 -4.97521898633046
2025-09-25T17:37:33.000 5988.241437047990 1178.185733475010 -2997.812513403490 -3.41240018315310 4.71914931445418 -4.96760872539809
2025-09-25T17:37:35.000 5981.401456183770 1187.621037450700 -3007.740099604600 -3.42757776143188 4.71615067878776 -4.95997328190339
2025-09-25T17:37:37.000 5974.531137706360 1197.050320265670 -3017.652389769030 -3.44273778357787 4.71312815638796 -4.95231269530584
2025-09-25T17:37:39.000 5967.630516804620 1206.473534162360 -3027.549333650140 -3.45788017299612 4.71008176316523 -4.94462700519389
2025-09-25T17:37:41.000 5960.699628820520 1215.890631415140 -3037.430881080600 -3.47300485318943 4.70701151515357 -4.93691625128449
2025-09-25T17:37:43.000 5953.738509248940 1225.301564330550 -3047.296981972640 -3.48811174775905 4.70391742851038 -4.92918047342274
2025-09-25T17:37:45.000 5946.747193737440 1234.706285247610 -3057.147586318310 -3.50320078040537 4.70079951951619 -4.92141971158141
2025-09-25T17:37:47.000 5939.725718086070 1244.104746537980 -3066.982644189710 -3.51827187492857 4.69765780457440 -4.91363400586054
2025-09-25T17:37:49.000 5932.674118247210 1253.496900606290 -3076.802105739310 -3.53332495522927 4.69449230021106 -4.90582339648698
2025-09-25T17:37:51.000 5925.592430325310 1262.882699890310 -3086.605921200120 -3.54835994530917 4.69130302307454 -4.89798792381391
2025-09-25T17:37:53.000 5918.480690576720 1272.262096861250 -3096.394040886020 -3.56337676927162 4.68808998993529 -4.89012762832041
2025-09-25T17:37:55.000 5911.338935409500 1281.635044023970 -3106.166415191930 -3.57837535132226 4.68485321768551 -4.88224255061097
2025-09-25T17:37:57.000 5904.167201383170 1291.001493917260 -3115.922994594130 -3.59335561576957 4.68159272333888 -4.87433273141503
2025-09-25T17:37:59.000 5896.965525208550 1300.361399114020 -3125.663729650500 -3.60831748702541 4.67830852403025 -4.86639821158644
2025-09-25T17:37:59.099 5896.604656080580 1300.829221722740 -3126.150349600970 -3.60906506466028 4.67814364058761 -4.86600078762685
2025-09-25T17:37:59.199 5896.243712197160 1301.297027840160 -3126.636929805970 -3.60981259610607 4.67797869792916 -4.86560330202691
2025-09-25T17:37:59.300 5895.882693562900 1301.764817460360 -3127.123470259320 -3.61056008135335 4.67781369605706 -4.86520575479174
2025-09-25T17:37:59.400 5895.521600182430 1302.232590577400 -3127.609970954870 -3.61130752039269 4.67764863497347 -4.86480814592647
2025-09-25T17:37:59.500 5895.160432060360 1302.700347185380 -3128.096431886450 -3.61205491321466 4.67748351468057 -4.86441047543624
2025-09-25T17:37:59.599 5894.799189201320 1303.168087278360 -3128.582853047900 -3.61280225980984 4.67731833518052 -4.86401274332620
2025-09-25T17:37:59.700 5894.437871609940 1303.635810850440 -3129.069234433060 -3.61354956016881 4.67715309647550 -4.86361494960146
2025-09-25T17:37:59.800 5894.076479290830 1304.103517895690 -3129.555576035770 -3.61429681428214 4.67698779856767 -4.86321709426717
2025-09-25T17:37:59.900 5893.715012248620 1304.571208408180 -3130.041877849860 -3.61504402214040 4.67682244145921 -4.86281917732846
2025-09-25T17:38:00.000 5893.353470487940 1305.038882382000 -3130.528139869180 -3.61579118373419 4.67665702515229 -4.86242119879047
2025-09-25T17:38:02.000 5886.106950199080 1314.388881769050 -3140.245015964740 -3.63072601502359 4.67333841674265 -4.85445079340412
2025-09-25T17:38:04.000 5878.830578813370 1323.732220274190 -3149.945926643090 -3.64564226804351 4.66999614616002 -4.84645578845965
2025-09-25T17:38:06.000 5871.524393562580 1333.068850590600 -3159.630822746380 -3.66053986756288 4.66663023095008 -4.83843622523231
2025-09-25T17:38:08.000 5864.188431828870 1342.398725446680 -3169.299655199430 -3.67541873845608 4.66324068877820 -4.83039214511963
2025-09-25T17:38:10.000 5856.822731144520 1351.721797606260 -3178.952375009950 -3.69027880570339 4.65982753742915 -4.82232358964099
2025-09-25T17:38:12.000 5849.427329191760 1361.038019868880 -3188.588933268840 -3.70511999439137 4.65639079480671 -4.81423060043706
2025-09-25T17:38:14.000 5842.002263802530 1370.347345069990 -3198.209281150390 -3.71994222971327 4.65293047893333 -4.80611321926939
2025-09-25T17:38:16.000 5834.547572958290 1379.649726081200 -3207.813369912530 -3.73474543696935 4.64944660794981 -4.79797148801984
2025-09-25T17:38:18.000 5827.063294789770 1388.945115810550 -3217.401150897080 -3.74952954156726 4.64593920011493 -4.78980544869015
2025-09-25T17:38:20.000 5819.549467576780 1398.233467202680 -3226.972575529980 -3.76429446902234 4.64240827380512 -4.78161514340145
2025-09-25T17:38:22.000 5812.006129748030 1407.514733239110 -3236.527595321530 -3.77904014495792 4.63885384751411 -4.77340061439379
2025-09-25T17:38:24.000 5804.433319880810 1416.788866938480 -3246.066161866640 -3.79376649510557 4.63527593985260 -4.76516190402564
2025-09-25T17:38:26.000 5796.831076700900 1426.055821356760 -3255.588226845040 -3.80847344530540 4.63167456954791 -4.75689905477350
2025-09-25T17:38:28.000 5789.199439082260 1435.315549587470 -3265.093742021540 -3.82316092150625 4.62804975544368 -4.74861210923138
2025-09-25T17:38:30.000 5781.538446046840 1444.568004761970 -3274.582659246250 -3.83782884976592 4.62440151649949 -4.74030111011042
2025-09-25T17:38:32.000 5773.848136764380 1453.813140049620 -3284.054930454810 -3.85247715625137 4.62072987179060 -4.73196610023840
2025-09-25T17:38:34.000 5766.128550552170 1463.050908658080 -3293.510507668660 -3.86710576723892 4.61703484050759 -4.72360712255936
2025-09-25T17:38:36.000 5758.379726874840 1472.281263833470 -3302.949342995220 -3.88171460911435 4.61331644195608 -4.71522422013321
2025-09-25T17:38:38.000 5750.601705344130 1481.504158860670 -3312.371388628140 -3.89630360837312 4.60957469555644 -4.70681743613527
2025-09-25T17:38:40.000 5742.794525718690 1490.719547063490 -3321.776596847570 -3.91087269162043 4.60580962084347 -4.69838681385593
2025-09-25T17:38:42.000 5734.958227903840 1499.927381804930 -3331.164920020310 -3.92542178557141 4.60202123746614 -4.68993239670027
2025-09-25T17:38:44.000 5727.092851951390 1509.127616487410 -3340.536310600130 -3.93995081705117 4.59820956518732 -4.68145422818770
2025-09-25T17:38:46.000 5719.198438059330 1518.320204552990 -3349.890721127910 -3.95445971299490 4.59437462388352 -4.67295235195162
2025-09-25T17:38:48.000 5711.275026571740 1527.505099483590 -3359.228104231950 -3.96894840044799 4.59051643354463 -4.66442681173906
2025-09-25T17:38:50.000 5703.322657978440 1536.682254801220 -3368.548412628120 -3.98341680656604 4.58663501427367 -4.65587765141039
2025-09-25T17:38:52.000 5695.341372914850 1545.851624068200 -3377.851599120160 -3.99786485861499 4.58273038628662 -4.64730491493900
2025-09-25T17:38:54.000 5687.331212161770 1555.013160887430 -3387.137616599840 -4.01229248397113 4.57880256991212 -4.63870864641103
2025-09-25T17:38:56.000 5679.292216645110 1564.166818902550 -3396.406418047230 -4.02669961012118 4.57485158559132 -4.63008889002507
2025-09-25T17:38:58.000 5671.224427435700 1573.312551798200 -3405.657956530900 -4.04108616466231 4.57087745387768 -4.62144569009191
2025-09-25T17:39:00.000 5663.127885749060 1582.450313300240 -3414.892185208180 -4.05545207530222 4.56688019543676 -4.61277909103427
2025-09-25T17:39:02.000 5655.002632945210 1591.580057175980 -3424.109057325310 -4.06979726985913 4.56285983104609 -4.60408913738661
2025-09-25T17:39:04.000 5646.848710528400 1600.701737234380 -3433.308526217760 -4.08412167626188 4.55881638159498 -4.59537587379487
2025-09-25T17:39:06.000 5638.666160146910 1609.815307326320 -3442.490545310360 -4.09842522254993 4.55474986808437 -4.58663934501627
2025-09-25T17:39:08.000 5630.455023592840 1618.920721344750 -3451.655068117610 -4.11270783687339 4.55066031162673 -4.57787959591914
2025-09-25T17:39:10.000 5622.215342801890 1628.017933225010 -3460.802048243810 -4.12696944749311 4.54654773344589 -4.56909667148271
2025-09-25T17:39:12.000 5613.947159853100 1637.106896944940 -3469.931439383370 -4.14120998278069 4.54241215487698 -4.56029061679695
2025-09-25T17:39:14.000 5605.650516968670 1646.187566525220 -3479.043195320960 -4.15542937121854 4.53825359736627 -4.55146147706241
2025-09-25T17:39:16.000 5597.325456513730 1655.259896029480 -3488.137269931790 -4.16962754139994 4.53407208247112 -4.54260929759011
2025-09-25T17:39:18.000 5588.972020996100 1664.323839564620 -3497.213617181780 -4.18380442202911 4.52986763185989 -4.53373412380134
2025-09-25T17:39:20.000 5580.590253066110 1673.379351280960 -3506.272191127800 -4.19795994192125 4.52564026731186 -4.52483600122761
2025-09-25T17:39:22.000 5572.180195516300 1682.426385372500 -3515.312945917920 -4.21209403000269 4.52139001071718 -4.51591497551047
2025-09-25T17:39:24.000 5563.741891281280 1691.464896077130 -3524.335835791580 -4.22620661531087 4.51711688407683 -4.50697109240146
2025-09-25T17:39:26.000 5555.275383437470 1700.494837676850 -3533.340815079840 -4.24029762699455 4.51282090950254 -4.49800439776198
2025-09-25T17:39:28.000 5546.780715202880 1709.516164498000 -3542.327838205590 -4.25436699431386 4.50850210921678 -4.48901493756322
2025-09-25T17:39:30.000 5538.257929936880 1718.528830911460 -3551.296859683770 -4.26841464664041 4.50416050555274 -4.48000275788608
2025-09-25T17:39:32.000 5529.707071139990 1727.532791332920 -3560.247834121600 -4.28244051345746 4.49979612095431 -4.47096790492107
2025-09-25T17:39:34.000 5521.128182453660 1736.528000223030 -3569.180716218790 -4.29644452436006 4.49540897797605 -4.46191042496828
2025-09-25T17:39:36.000 5512.521307660030 1745.514412087680 -3578.095460767760 -4.31042660905519 4.49099909928318 -4.45283036443731
2025-09-25T17:39:38.000 5503.886490681700 1754.491981478200 -3586.992022653840 -4.32438669736195 4.48656650765164 -4.44372776984717
2025-09-25T17:39:40.000 5495.223775581550 1763.460662991580 -3595.870356855520 -4.33832471921173 4.48211122596800 -4.43460268782628
2025-09-25T17:39:42.000 5486.533206562470 1772.420411270700 -3604.730418444680 -4.35224060464843 4.47763327722953 -4.42545516511239
2025-09-25T17:39:44.000 5477.814827967130 1781.371181004530 -3613.572162586740 -4.36613428382869 4.47313268454423 -4.41628524855252
2025-09-25T17:39:46.000 5469.068684277810 1790.312926928390 -3622.395544540960 -4.38000568702207 4.46860947113077 -4.40709298510293
2025-09-25T17:39:48.000 5460.294820116120 1799.245603824120 -3631.200519660600 -4.39385474461135 4.46406366031859 -4.39787842182907
2025-09-25T17:39:50.000 5451.493280242780 1808.169166520350 -3639.987043393170 -4.40768138709276 4.45949527554787 -4.38864160590550
2025-09-25T17:39:52.000 5442.664109557410 1817.083569892700 -3648.755071280640 -4.42148554507629 4.45490434036956 -4.37938258461587
2025-09-25T17:39:54.000 5433.807353098320 1825.988768864000 -3657.504558959650 -4.43526714928594 4.45029087844543 -4.37010140535285
2025-09-25T17:39:56.000 5424.923056042230 1834.884718404500 -3666.235462161740 -4.44902613056004 4.44565491354805 -4.36079811561809
2025-09-25T17:39:58.000 5416.011263704070 1843.771373532130 -3674.947736713550 -4.46276241985161 4.44099646956084 -4.35147276302211
2025-09-25T17:40:00.000 5407.072021536770 1852.648689312680 -3683.641338537060 -4.47647594822863 4.43631557047808 -4.34212539528431
2025-09-25T17:40:02.000 5398.105375130980 1861.516620860040 -3692.316223649800 -4.49016664687447 4.43161224040495 -4.33275606023283
2025-09-25T17:40:04.000 5389.111370214900 1870.375123336440 -3700.972348165070 -4.50383444708817 4.42688650355751 -4.32336480580452
2025-09-25T17:40:06.000 5380.090052653980 1879.224151952640 -3709.609668292130 -4.51747928028488 4.42213838426274 -4.31395168004481
2025-09-25T17:40:08.000 5371.041468450750 1888.063661968150 -3718.228140336460 -4.53110107799623 4.41736790695854 -4.30451673110767
2025-09-25T17:40:10.000 5361.965663744550 1896.893608691500 -3726.827720699950 -4.54469977187073 4.41257509619374 -4.29506000725548
2025-09-25T17:40:12.000 5352.862684811310 1905.713947480390 -3735.408365881120 -4.55827529367421 4.40775997662814 -4.28558155685893
2025-09-25T17:40:14.000 5343.732578063320 1914.524633741990 -3743.970032475340 -4.57182757529020 4.40292257303241 -4.27608142839690
2025-09-25T17:40:16.000 5334.575390048950 1923.325622933090 -3752.512677175050 -4.58535654872041 4.39806291028819 -4.26655967045636
2025-09-25T17:40:18.000 5325.391167452480 1932.116870560370 -3761.036256769970 -4.59886214608516 4.39318101338803 -4.25701633173219
2025-09-25T17:40:20.000 5316.179957093830 1940.898332180600 -3769.540728147320 -4.61234429962384 4.38827690743536 -4.24745146102708
2025-09-25T17:40:22.000 5306.941805928300 1949.669963400880 -3778.026048292030 -4.62580294169538 4.38335061764449 -4.23786510725134
2025-09-25T17:40:24.000 5297.676761046370 1958.431719878840 -3786.492174286960 -4.63923800477872 4.37840216934057 -4.22825731942275
2025-09-25T17:40:26.000 5288.384869673450 1967.183557322860 -3794.939063313100 -4.65264942147330 4.37343158795954 -4.21862814666639
2025-09-25T17:40:28.000 5279.066179169590 1975.925431492320 -3803.366672649820 -4.66603712449951 4.36843889904811 -4.20897763821444
2025-09-25T17:40:30.000 5269.720737029330 1984.657298197800 -3811.774959675050 -4.67940104669924 4.36342412826369 -4.19930584340597
2025-09-25T17:40:32.000 5260.348590881380 1993.379113301300 -3820.163881865510 -4.69274112103634 4.35838730137434 -4.18961281168675
2025-09-25T17:40:34.000 5250.949788488380 2002.090832716480 -3828.533396796890 -4.70605728059712 4.35332844425870 -4.17989859260900
2025-09-25T17:40:36.000 5241.524377746700 2010.792412408840 -3836.883462144140 -4.71934945859087 4.34824758290591 -4.17016323583119
2025-09-25T17:40:38.000 5232.072406686170 2019.483808396000 -3845.214035681590 -4.73261758835037 4.34314474341554 -4.16040679111776
2025-09-25T17:40:40.000 5222.593923469820 2028.164976747880 -3853.525075283230 -4.74586160333237 4.33801995199748 -4.15062930833885
2025-09-25T17:40:42.000 5213.088976393640 2036.835873586920 -3861.816538922880 -4.75908143711812 4.33287323497187 -4.14083083747009
2025-09-25T17:40:44.000 5203.557613886340 2045.496455088320 -3870.088384674440 -4.77227702341387 4.32770461876897 -4.13101142859224
2025-09-25T17:40:46.000 5193.999884509090 2054.146677480240 -3878.340570712040 -4.78544829605138 4.32251412992907 -4.12117113189094
2025-09-25T17:40:48.000 5184.415836955280 2062.786497044040 -3886.573055310310 -4.79859518898842 4.31730179510234 -4.11130999765641
2025-09-25T17:40:50.000 5174.805520050220 2071.415870114490 -3894.785796844570 -4.81171763630927 4.31206764104872 -4.10142807628311
2025-09-25T17:40:52.000 5165.168982750980 2080.034753079990 -3902.978753791010 -4.82481557222523 4.30681169463780 -4.09152541826940
2025-09-25T17:40:54.000 5155.506274146040 2088.643102382790 -3911.151884726950 -4.83788893107508 4.30153398284863 -4.08160207421725
2025-09-25T17:40:56.000 5145.817443455080 2097.240874519190 -3919.305148330990 -4.85093764732562 4.29623453276962 -4.07165809483184
2025-09-25T17:40:58.000 5136.102540028740 2105.828026039800 -3927.438503383260 -4.86396165557211 4.29091337159836 -4.06169353092126
2025-09-25T17:41:00.000 5126.361613348310 2114.404513549730 -3935.551908765600 -4.87696089053873 4.28557052664143 -4.05170843339605
2025-09-25T17:41:02.000 5116.594713025540 2122.970293708790 -3943.645323461770 -4.88993528707913 4.28020602531428 -4.04170285326895
2025-09-25T17:41:04.000 5106.801888802300 2131.525323231750 -3951.718706557680 -4.90288478017679 4.27481989514103 -4.03167684165438
2025-09-25T17:41:06.000 5096.983190550390 2140.069558888540 -3959.772017241540 -4.91580930494554 4.26941216375428 -4.02163044976817
2025-09-25T17:41:08.000 5087.138668271240 2148.602957504450 -3967.805214804110 -4.92870879662999 4.26398285889490 -4.01156372892707
2025-09-25T17:41:10.000 5077.268372095670 2157.125475960370 -3975.818258638890 -4.94158319060593 4.25853200841192 -4.00147673054839
2025-09-25T17:41:12.000 5067.372352283620 2165.637071192980 -3983.811108242290 -4.95443242238082 4.25305964026221 -3.99136950614956
2025-09-25T17:41:14.000 5057.450659223860 2174.137700195010 -3991.783723213880 -4.96725642759413 4.24756578251038 -3.98124210734776
2025-09-25T17:41:16.000 5047.503343433770 2182.627320015400 -3999.736063256550 -4.98005514201780 4.24205046332852 -3.97109458585944
2025-09-25T17:41:18.000 5037.530455559050 2191.105887759560 -4007.668088176740 -4.99282850155660 4.23651371099600 -3.96092699349990
2025-09-25T17:41:20.000 5027.532046373450 2199.573360589540 -4015.579757884580 -5.00557644224855 4.23095555389924 -3.95073938218291
2025-09-25T17:41:22.000 5017.508166778510 2208.029695724300 -4023.471032394170 -5.01829890026524 4.22537602053151 -3.94053180392022
2025-09-25T17:41:24.000 5007.458867803300 2216.474850439880 -4031.341871823700 -5.03099581191222 4.21977513949269 -3.93030431082113
2025-09-25T17:41:26.000 4997.384200604150 2224.908782069630 -4039.192236395700 -5.04366711362935 4.21415293948906 -3.92005695509208
2025-09-25T17:41:28.000 4987.284216464360 2233.331448004400 -4047.022086437180 -5.05631274199112 4.20850944933306 -3.90978978903619
2025-09-25T17:41:30.000 4977.158966793950 2241.742805692800 -4054.831382379890 -5.06893263370701 4.20284469794307 -3.89950286505282
2025-09-25T17:41:32.000 4967.008503129400 2250.142812641370 -4062.620084760440 -5.08152672562173 4.19715871434316 -3.88919623563712
2025-09-25T17:41:34.000 4956.832877133350 2258.531426414790 -4070.388154220540 -5.09409495471561 4.19145152766287 -3.87886995337962
2025-09-25T17:41:36.000 4946.632140594340 2266.908604636120 -4078.135551507180 -5.10663725810481 4.18572316713699 -3.86852407096575
2025-09-25T17:41:38.000 4936.406345426570 2275.274304986990 -4085.862237472820 -5.11915357304167 4.17997366210529 -3.85815864117544
2025-09-25T17:41:40.000 4926.155543669560 2283.628485207830 -4093.568173075550 -5.13164383691491 4.17420304201230 -3.84777371688266
2025-09-25T17:41:42.000 4915.879787487930 2291.971103098030 -4101.253319379320 -5.14410798724993 4.16841133640710 -3.83736935105499
2025-09-25T17:41:44.000 4905.579129171140 2300.302116516220 -4108.917637554120 -5.15654596170904 4.16259857494304 -3.82694559675322
2025-09-25T17:41:46.000 4895.253621133150 2308.621483380400 -4116.561088876120 -5.16895769809169 4.15676478737753 -3.81650250713089
2025-09-25T17:41:48.000 4884.903315912200 2316.929161668230 -4124.183634727920 -5.18134313433470 4.15091000357184 -3.80604013543389
2025-09-25T17:41:50.000 4874.528266170530 2325.225109417170 -4131.785236598690 -5.19370220851248 4.14503425349077 -3.79555853500003
2025-09-25T17:41:52.000 4864.128524694060 2333.509284724720 -4139.365856084380 -5.20603485883723 4.13913756720254 -3.78505775925867
2025-09-25T17:41:54.000 4853.704144392180 2341.781645748620 -4146.925454887870 -5.21834102365912 4.13321997487845 -3.77453786173027
2025-09-25T17:41:56.000 4843.255178297440 2350.042150707060 -4154.463994819180 -5.23062064146650 4.12728150679274 -3.76399889602601
2025-09-25T17:41:58.000 4832.781679565250 2358.290757878870 -4161.981437795660 -5.24287365088607 4.12132219332231 -3.75344091584742
2025-09-25T17:42:00.000 4822.283701473640 2366.527425603740 -4169.477745842110 -5.25509999068305 4.11534206494651 -3.74286397498598
2025-09-25T17:42:02.000 4811.761297423000 2374.752112282430 -4176.952881091060 -5.26729959976134 4.10934115224693 -3.73226812732273
2025-09-25T17:42:04.000 4801.214520935720 2382.964776376970 -4184.406805782850 -5.27947241716371 4.10331948590717 -3.72165342682794
2025-09-25T17:42:06.000 4790.643425656010 2391.165376410820 -4191.839482265860 -5.29161838207190 4.09727709671261 -3.71101992756072
2025-09-25T17:42:08.000 4780.048065349550 2399.353870969170 -4199.250872996670 -5.30373743380679 4.09121401555025 -3.70036768366870
2025-09-25T17:42:10.000 4769.428493903260 2407.530218699040 -4206.640940540270 -5.31582951182857 4.08513027340842 -3.68969674938763
2025-09-25T17:42:12.000 4758.784765324980 2415.694378309540 -4214.009647570180 -5.32789455573682 4.07902590137663 -3.67900717904113
2025-09-25T17:42:14.000 4748.116933743230 2423.846308572070 -4221.356956868660 -5.33993250527070 4.07290093064537 -3.66829902704028
2025-09-25T17:42:16.000 4737.425053406900 2431.985968320510 -4228.682831326900 -5.35194330030905 4.06675539250587 -3.65757234788337
2025-09-25T17:42:18.000 4726.709178684980 2440.113316451420 -4235.987233945150 -5.36392688087051 4.06058931834991 -3.64682719615555
2025-09-25T17:42:20.000 4715.969364066300 2448.228311924230 -4243.270127832920 -5.37588318711368 4.05440273966965 -3.63606362652855
2025-09-25T17:42:22.000 4705.205664159210 2456.330913761470 -4250.531476209170 -5.38781215933720 4.04819568805744 -3.62528169376039
2025-09-25T17:42:24.000 4694.418133691340 2464.421081048960 -4257.771242402430 -5.39971373797991 4.04196819520557 -3.61448145269509
2025-09-25T17:42:26.000 4683.606827509290 2472.498772936000 -4264.989389851030 -5.41158786362098 4.03572029290617 -3.60366295826240
2025-09-25T17:42:28.000 4672.771800578380 2480.563948635550 -4272.185882103240 -5.42343447697999 4.02945201305097 -3.59282626547754
2025-09-25T17:42:30.000 4661.913107982330 2488.616567424490 -4279.360682817440 -5.43525351891708 4.02316338763113 -3.58197142944095
2025-09-25T17:42:32.000 4651.030804923000 2496.656588643750 -4286.513755762290 -5.44704493043309 4.01685444873707 -3.57109850533802
2025-09-25T17:42:34.000 4640.124946720120 2504.683971698580 -4293.645064816930 -5.45880865266968 4.01052522855831 -3.56020754843886
2025-09-25T17:42:36.000 4629.195588810990 2512.698676058650 -4300.754573971090 -5.47054462690944 4.00417575938326 -3.54929861409810
2025-09-25T17:42:38.000 4618.242786750200 2520.700661258370 -4307.842247325310 -5.48225279457605 3.99780607359910 -3.53837175775459
2025-09-25T17:42:40.000 4607.266596209360 2528.689886896970 -4314.908049091120 -5.49393309723440 3.99141620369157 -3.52742703493129
2025-09-25T17:42:42.000 4596.267072976800 2536.666312638770 -4321.951943591120 -5.50558547659074 3.98500618224484 -3.51646450123493
2025-09-25T17:42:44.000 4585.244272957300 2544.629898213370 -4328.973895259270 -5.51720987449284 3.97857604194130 -3.50548421235593
2025-09-25T17:42:46.000 4574.198252171810 2552.580603415820 -4335.973868640940 -5.52880623293008 3.97212581556147 -3.49448622406812
2025-09-25T17:42:48.000 4563.129066757140 2560.518388106820 -4342.951828393170 -5.54037449403370 3.96565553598379 -3.48347059222857
2025-09-25T17:42:50.000 4552.036772965710 2568.443212212940 -4349.907739284780 -5.55191460007687 3.95916523618447 -3.47243737277741
2025-09-25T17:42:52.000 4540.921427165260 2576.355035726790 -4356.841566196550 -5.56342649347490 3.95265494923736 -3.46138662173764
2025-09-25T17:42:54.000 4529.783085838540 2584.253818707230 -4363.753274121400 -5.57491011678541 3.94612470831376 -3.45031839521497
2025-09-25T17:42:56.000 4518.621805583050 2592.139521279570 -4370.642828164540 -5.58636541270849 3.93957454668230 -3.43923274939760
2025-09-25T17:42:58.000 4507.437643110740 2600.012103635730 -4377.510193543640 -5.59779232408691 3.93300449770878 -3.42812974055610
2025-09-25T17:43:00.000 4496.230655247740 2607.871526034480 -4384.355335588990 -5.60919079390628 3.92641459485600 -3.41700942504322
2025-09-25T17:43:02.000 4485.000898934070 2615.717748801610 -4391.178219743660 -5.62056076529525 3.91980487168365 -3.40587185929373
2025-09-25T17:43:04.000 4473.748431223340 2623.550732330100 -4397.978811563680 -5.63190218152576 3.91317536184810 -3.39471709982423
2025-09-25T17:43:06.000 4462.473309282470 2631.370437080390 -4404.757076718200 -5.64321498601317 3.90652609910232 -3.38354520323305
2025-09-25T17:43:08.000 4451.175590391410 2639.176823580470 -4411.512980989650 -5.65449912231654 3.89985711729568 -3.37235622620002
2025-09-25T17:43:10.000 4439.855331942860 2646.969852426160 -4418.246490273880 -5.66575453413882 3.89316845037383 -3.36115022548637
2025-09-25T17:43:12.000 4428.512591441950 2654.749484281250 -4424.957570580370 -5.67698116532711 3.88646013237851 -3.34992725793452
2025-09-25T17:43:14.000 4417.147426505980 2662.515679877710 -4431.646188032340 -5.68817895987285 3.87973219744746 -3.33868738046796
2025-09-25T17:43:16.000 4405.759894864130 2670.268400015900 -4438.312308866960 -5.69934786191212 3.87298467981422 -3.32743065009107
2025-09-25T17:43:18.000 4394.350054357150 2678.007605564720 -4444.955899435490 -5.71048781572583 3.86621761380800 -3.31615712388896
2025-09-25T17:43:20.000 4382.917962937100 2685.733257461830 -4451.576926203410 -5.72159876574003 3.85943103385350 -3.30486685902733
2025-09-25T17:43:22.000 4371.463678667020 2693.445316713850 -4458.175355750650 -5.73268065652612 3.85262497447080 -3.29355991275225
2025-09-25T17:43:24.000 4359.987259720670 2701.143744396510 -4464.751154771690 -5.74373343280115 3.84579947027517 -3.28223634239008
2025-09-25T17:43:26.000 4348.488764382250 2708.828501654880 -4471.304290075760 -5.75475703942811 3.83895455597693 -3.27089620534720
2025-09-25T17:43:28.000 4336.968251046050 2716.499549703550 -4477.834728586950 -5.76575142141615 3.83209026638127 -3.25953955910991
2025-09-25T17:43:30.000 4325.425778216240 2724.156849826800 -4484.342437344440 -5.77671652392093 3.82520663638813 -3.24816646124423
2025-09-25T17:43:32.000 4313.861404506490 2731.800363378830 -4490.827383502600 -5.78765229224485 3.81830370099197 -3.23677696939572
2025-09-25T17:43:34.000 4302.275188639750 2739.430051783890 -4497.289534331180 -5.79855867183737 3.81138149528170 -3.22537114128929
2025-09-25T17:43:36.000 4290.667189447900 2747.045876536530 -4503.728857215460 -5.80943560829534 3.80444005444041 -3.21394903472902
2025-09-25T17:43:38.000 4279.037465871500 2754.647799201750 -4510.145319656390 -5.82028304736323 3.79747941374528 -3.20251070759796
2025-09-25T17:43:40.000 4267.386076959450 2762.235781415190 -4516.538889270780 -5.83110093493349 3.79049960856739 -3.19105621785793
2025-09-25T17:43:42.000 4255.713081868740 2769.809784883340 -4522.909533791440 -5.84188921704683 3.78350067437152 -3.17958562354932
2025-09-25T17:43:44.000 4244.018539864110 2777.369771383700 -4529.257221067340 -5.85264783989256 3.77648264671599 -3.16809898279088
2025-09-25T17:43:46.000 4232.302510317790 2784.915702764990 -4535.581919063760 -5.86337674980885 3.76944556125251 -3.15659635377952
2025-09-25T17:43:48.000 4220.565052709180 2792.447540947330 -4541.883595862470 -5.87407589328312 3.76238945372595 -3.14507779479006
2025-09-25T17:43:50.000 4208.806226624530 2799.965247922410 -4548.162219661840 -5.88474521695228 3.75531435997420 -3.13354336417501
2025-09-25T17:43:52.000 4197.026091756710 2807.468785753700 -4554.417758777040 -5.89538466760304 3.74822031592787 -3.12199312036435
2025-09-25T17:43:54.000 4185.224707904840 2814.958116576610 -4560.650181640170 -5.90599419217235 3.74110735761030 -3.11042712186528
2025-09-25T17:43:56.000 4173.402134974020 2822.433202598700 -4566.859456800430 -5.91657373774764 3.73397552113737 -3.09884542726203
2025-09-25T17:43:58.000 4161.558432975030 2829.894006099860 -4573.045552924250 -5.92712325156711 3.72682484271710 -3.08724809521552
2025-09-25T17:44:00.000 4149.693662024000 2837.340489432470 -4579.208438795480 -5.93764268102009 3.71965535864957 -3.07563518446314
2025-09-25T17:44:02.000 4137.807882342170 2844.772615021620 -4585.348083315510 -5.94813197364732 3.71246710532674 -3.06400675381851
2025-09-25T17:44:04.000 4125.901154255510 2852.190345365260 -4591.464455503420 -5.95859107714132 3.70526011923221 -3.05236286217120
2025-09-25T17:44:06.000 4113.973538194470 2859.593643034410 -4597.557524496170 -5.96901993934665 3.69803443694105 -3.04070356848644
2025-09-25T17:44:08.000 4102.025094693650 2866.982470673330 -4603.627259548700 -5.97941850826027 3.69079009511959 -3.02902893180483
2025-09-25T17:44:10.000 4090.055884391520 2874.356790999710 -4609.673630034130 -5.98978673203180 3.68352713052522 -3.01733901124212
2025-09-25T17:44:12.000 4078.065968030090 2881.716566804820 -4615.696605443870 -6.00012455896388 3.67624558000616 -3.00563386598883
2025-09-25T17:44:14.000 4066.055406454590 2889.061760953740 -4621.696155387800 -6.01043193751247 3.66894548050129 -2.99391355531001
2025-09-25T17:44:16.000 4054.024260613220 2896.392336385520 -4627.672249594390 -6.02070881628710 3.66162686903991 -2.98217813854494
2025-09-25T17:44:18.000 4041.972591556790 2903.708256113340 -4633.624857910860 -6.03095514405123 3.65428978274154 -2.97042767510679
2025-09-25T17:44:20.000 4029.900460438420 2911.009483224730 -4639.553950303360 -6.04117086972252 3.64693425881570 -2.95866222448234
2025-09-25T17:44:22.000 4017.807928513250 2918.295980881710 -4645.459496857040 -6.05135594237311 3.63956033456171 -2.94688184623163
2025-09-25T17:44:24.000 4005.695057138120 2925.567712321010 -4651.341467776280 -6.06151031122992 3.63216804736846 -2.93508659998768
2025-09-25T17:44:26.000 3993.561907771270 2932.824640854210 -4657.199833384800 -6.07163392567497 3.62475743471422 -2.92327654545613
2025-09-25T17:44:28.000 3981.408541972010 2940.066729867940 -4663.034564125770 -6.08172673524556 3.61732853416637 -2.91145174241496
2025-09-25T17:44:30.000 3969.235021400420 2947.293942824050 -4668.845630562010 -6.09178868963467 3.60988138338125 -2.89961225071409
2025-09-25T17:44:32.000 3957.041407817030 2954.506243259800 -4674.633003376130 -6.10181973869112 3.60241602010388 -2.88775813027511
2025-09-25T17:44:34.000 3944.827763082540 2961.703594788020 -4680.396653370620 -6.11181983241989 3.59493248216778 -2.87588944109090
2025-09-25T17:44:36.000 3932.594149157460 2968.885961097310 -4686.136551468040 -6.12178892098240 3.58743080749475 -2.86400624322533
2025-09-25T17:44:38.000 3920.340628101850 2976.053305952180 -4691.852668711150 -6.13172695469669 3.57991103409462 -2.85210859681286
2025-09-25T17:44:40.000 3908.067262074930 2983.205593193270 -4697.544976263060 -6.14163388403775 3.57237320006507 -2.84019656205828
2025-09-25T17:44:42.000 3895.774113334860 2990.342786737480 -4703.213445407340 -6.15150965963771 3.56481734359137 -2.82827019923627
2025-09-25T17:44:44.000 3883.461244238350 2997.464850578180 -4708.858047548190 -6.16135423228610 3.55724350294620 -2.81632956869113
2025-09-25T17:44:46.000 3871.128717240390 3004.571748785390 -4714.478754210560 -6.17116755293010 3.54965171648940 -2.80437473083639
2025-09-25T17:44:48.000 3858.776594893900 3011.663445505900 -4720.075537040310 -6.18094957267473 3.54204202266777 -2.79240574615447
2025-09-25T17:44:50.000 3846.404939849450 3018.739904963500 -4725.648367804330 -6.19070024278311 3.53441446001486 -2.78042267519636
2025-09-25T17:44:52.000 3834.013814854910 3025.801091459150 -4731.197218390660 -6.20041951467668 3.52676906715072 -2.76842557858122
2025-09-25T17:44:54.000 3821.603282755170 3032.846969371100 -4736.722060808670 -6.21010733993539 3.51910588278171 -2.75641451699608
2025-09-25T17:44:56.000 3809.173406491770 3039.877503155130 -4742.222867189170 -6.21976367029793 3.51142494570028 -2.74438955119544
2025-09-25T17:44:58.000 3796.724249102650 3046.892657344680 -4747.699609784520 -6.22938845766193 3.50372629478476 -2.73235074200098
2025-09-25T17:45:00.000 3784.255873721760 3053.892396551020 -4753.152260968830 -6.23898165408418 3.49600996899913 -2.72029815030117
2025-09-25T17:45:02.000 3771.768343578800 3060.876685463460 -4758.580793238020 -6.24854321178079 3.48827600739283 -2.70823183705096
2025-09-25T17:45:04.000 3759.261721998870 3067.845488849470 -4763.985179210010 -6.25807308312743 3.48052444910053 -2.69615186327138
2025-09-25T17:45:06.000 3746.736072402170 3074.798771554880 -4769.365391624810 -6.26757122065950 3.47275533334193 -2.68405829004926
2025-09-25T17:45:08.000 3734.191458303650 3081.736498504060 -4774.721403344680 -6.27703757707230 3.46496869942156 -2.67195117853686
2025-09-25T17:45:10.000 3721.627943312730 3088.658634700050 -4780.053187354240 -6.28647210522127 3.45716458672855 -2.65983058995150
2025-09-25T17:45:12.000 3709.045591132930 3095.565145224770 -4785.360716760630 -6.29587475812211 3.44934303473645 -2.64769658557530
2025-09-25T17:45:14.000 3696.444465561620 3102.455995239170 -4790.643964793580 -6.30524548895099 3.44150408300303 -2.63554922675477
2025-09-25T17:45:16.000 3683.824630489620 3109.331149983380 -4795.902904805620 -6.31458425104473 3.43364777117002 -2.62338857490049
2025-09-25T17:45:18.000 3671.186149900940 3116.190574776930 -4801.137510272140 -6.32389099790096 3.42577413896300 -2.61121469148683
2025-09-25T17:45:20.000 3658.529087872410 3123.034235018850 -4806.347754791550 -6.33316568317833 3.41788322619114 -2.59902763805157
2025-09-25T17:45:22.000 3645.853508573400 3129.862096187910 -4811.533612085400 -6.34240826069662 3.40997507274701 -2.58682747619558
2025-09-25T17:45:24.000 3633.159476265480 3136.674123842710 -4816.695055998500 -6.35161868443697 3.40204971860639 -2.57461426758252
2025-09-25T17:45:26.000 3620.447055302080 3143.470283621910 -4821.832060499040 -6.36079690854202 3.39410720382810 -2.56238807393849
2025-09-25T17:45:28.000 3607.716310128200 3150.250541244360 -4826.944599678750 -6.36994288731606 3.38614756855376 -2.55014895705174
2025-09-25T17:45:30.000 3594.967305280060 3157.014862509270 -4832.032647752990 -6.37905657522526 3.37817085300764 -2.53789697877233
2025-09-25T17:45:32.000 3582.200105384790 3163.763213296410 -4837.096179060850 -6.38813792689777 3.37017709749645 -2.52563220101184
2025-09-25T17:45:34.000 3569.414775160110 3170.495559566210 -4842.135168065360 -6.39718689712394 3.36216634240916 -2.51335468574303
2025-09-25T17:45:36.000 3556.611379413960 3177.211867359970 -4847.149589353510 -6.40620344085643 3.35413862821679 -2.50106449499955
2025-09-25T17:45:38.000 3543.789983044270 3183.912102800040 -4852.139417636430 -6.41518751321046 3.34609399547228 -2.48876169087564
2025-09-25T17:45:40.000 3530.950651038530 3190.596232089920 -4857.104627749520 -6.42413906946389 3.33803248481022 -2.47644633552580
2025-09-25T17:45:42.000 3518.093448473520 3197.264221514480 -4862.045194652530 -6.43305806505745 3.32995413694676 -2.46411849116451
2025-09-25T17:45:44.000 3505.218440515000 3203.916037440100 -4866.961093429690 -6.44194445559489 3.32185899267936 -2.45177822006594
2025-09-25T17:45:46.000 3492.325692417340 3210.551646314840 -4871.852299289860 -6.45079819684316 3.31374709288663 -2.43942558456360
2025-09-25T17:45:48.000 3479.415269523210 3217.171014668600 -4876.718787566600 -6.45961924473255 3.30561847852815 -2.42706064705010
2025-09-25T17:45:50.000 3466.487237263260 3223.774109113270 -4881.560533718350 -6.46840755535692 3.29747319064429 -2.41468346997682
2025-09-25T17:45:52.000 3453.541661155790 3230.360896342900 -4886.377513328480 -6.47716308497382 3.28931127035604 -2.40229411585365
2025-09-25T17:45:54.000 3440.578606806420 3236.931343133890 -4891.169702105440 -6.48588579000471 3.28113275886480 -2.38989264724865
2025-09-25T17:45:56.000 3427.598139907770 3243.485416345080 -4895.937075882900 -6.49457562703512 3.27293769745223 -2.37747912678780
2025-09-25T17:45:58.000 3414.600326239120 3250.023082917990 -4900.679610619810 -6.50323255281481 3.26472612748008 -2.36505361715469
2025-09-25T17:46:00.000 3401.585231666080 3256.544309876920 -4905.397282400560 -6.51185652425800 3.25649809038997 -2.35261618109022
2025-09-25T17:46:02.000 3388.552922140260 3263.049064329150 -4910.090067435080 -6.52044749844352 3.24825362770325 -2.34016688139234
2025-09-25T17:46:04.000 3375.503463698980 3269.537313465070 -4914.757942058940 -6.52900543261500 3.23999278102079 -2.32770578091573
2025-09-25T17:46:06.000 3362.436922464880 3276.009024558350 -4919.400882733500 -6.53753028418105 3.23171559202285 -2.31523294257155
2025-09-25T17:46:08.000 3349.353364645620 3282.464164966120 -4924.018866045960 -6.54602201071548 3.22342210246883 -2.30274842932709
2025-09-25T17:46:10.000 3336.252856533550 3288.902702129080 -4928.611868709550 -6.55448056995747 3.21511235419717 -2.29025230420554
2025-09-25T17:46:12.000 3323.135464505380 3295.324603571710 -4933.179867563580 -6.56290591981177 3.20678638912511 -2.27774463028569
2025-09-25T17:46:14.000 3310.001255021850 3301.729836902380 -4937.722839573580 -6.57129801834887 3.19844424924853 -2.26522547070159
2025-09-25T17:46:16.000 3296.850294627380 3308.118369813550 -4942.240761831410 -6.57965682380523 3.19008597664178 -2.25269488864232
2025-09-25T17:46:18.000 3283.682649949750 3314.490170081890 -4946.733611555330 -6.58798229458349 3.18171161345747 -2.24015294735168
2025-09-25T17:46:20.000 3270.498387699790 3320.845205568480 -4951.201366090190 -6.59627438925260 3.17332120192632 -2.22759971012787
2025-09-25T17:46:22.000 3257.297574670990 3327.183444218900 -4955.644002907450 -6.60453306654809 3.16491478435695 -2.21503524032324
2025-09-25T17:46:24.000 3244.080277739250 3333.504854063470 -4960.061499605360 -6.61275828537226 3.15649240313573 -2.20245960134395
2025-09-25T17:46:26.000 3230.846563862440 3339.809403217320 -4964.453833909020 -6.62095000479435 3.14805410072654 -2.18987285664972
2025-09-25T17:46:28.000 3217.596500080180 3346.097059880610 -4968.820983670490 -6.62910818405076 3.13959991967062 -2.17727506975348
2025-09-25T17:46:30.000 3204.330153513420 3352.367792338650 -4973.162926868940 -6.63723278254529 3.13112990258638 -2.16466630422113
2025-09-25T17:46:32.000 3191.047591364130 3358.621568962060 -4977.479641610700 -6.64532375984929 3.12264409216921 -2.15204662367117
2025-09-25T17:46:34.000 3177.748880914990 3364.858358206950 -4981.771106129390 -6.65338107570188 3.11414253119128 -2.13941609177446
2025-09-25T17:46:36.000 3164.434089529020 3371.078128615020 -4986.037298786050 -6.66140469001019 3.10562526250133 -2.12677477225388
2025-09-25T17:46:38.000 3151.103284649270 3377.280848813760 -4990.278198069180 -6.66939456284953 3.09709232902454 -2.11412272888402
2025-09-25T17:46:40.000 3137.756533798450 3383.466487516590 -4994.493782594900 -6.67735065446361 3.08854377376224 -2.10146002549090
2025-09-25T17:46:42.000 3124.393904578630 3389.635013523000 -4998.684031107040 -6.68527292526472 3.07997963979181 -2.08878672595162
2025-09-25T17:46:44.000 3111.015464670880 3395.786395718720 -5002.848922477230 -6.69316133583398 3.07139997026640 -2.07610289419407
2025-09-25T17:46:46.000 3097.621281834950 3401.920603075850 -5006.988435704990 -6.70101584692152 3.06280480841481 -2.06340859419662
2025-09-25T17:46:48.000 3084.211423908900 3408.037604653030 -5011.102549917870 -6.70883641944666 3.05419419754119 -2.05070388998780
2025-09-25T17:46:50.000 3070.785958808810 3414.137369595580 -5015.191244371520 -6.71662301449816 3.04556818102495 -2.03798884564595
2025-09-25T17:46:52.000 3057.344954528390 3420.219867135670 -5019.254498449780 -6.72437559333438 3.03692680232046 -2.02526352529895
2025-09-25T17:46:54.000 3043.888479138670 3426.285066592430 -5023.292291664830 -6.73209411738349 3.02827010495689 -2.01252799312386
2025-09-25T17:46:56.000 3030.416600787650 3432.332937372120 -5027.304603657210 -6.73977854824368 3.01959813253801 -1.99978231334659
2025-09-25T17:46:58.000 3016.929387699980 3438.363448968320 -5031.291414195990 -6.74742884768334 3.01091092874196 -1.98702655024161
2025-09-25T17:47:00.000 3003.426908176580 3444.376570962010 -5035.252703178840 -6.75504497764127 3.00220853732105 -1.97426076813159
2025-09-25T17:47:02.000 2989.909230594330 3450.372273021740 -5039.188450632100 -6.76262690022684 2.99349100210155 -1.96148503138708
2025-09-25T17:47:04.000 2976.376423405740 3456.350524903810 -5043.098636710910 -6.77017457772023 2.98475836698346 -1.94869940442619
2025-09-25T17:47:06.000 2962.828555138550 3462.311296452390 -5046.983241699300 -6.77768797257258 2.97601067594033 -1.93590395171422
2025-09-25T17:47:08.000 2949.265694395460 3468.254557599650 -5050.842246010270 -6.78516704740617 2.96724797301904 -1.92309873776337
2025-09-25T17:47:10.000 2935.687909853750 3474.180278365960 -5054.675630185900 -6.79261176501462 2.95847030233956 -1.91028382713239
2025-09-25T17:47:12.000 2922.095270264920 3480.088428859970 -5058.483374897420 -6.80002208836308 2.94967770809473 -1.89745928442621
2025-09-25T17:47:14.000 2908.487844454380 3485.978979278800 -5062.265460945320 -6.80739798058839 2.94087023455011 -1.88462517429565
2025-09-25T17:47:16.000 2894.865701321110 3491.851899908190 -5066.021869259450 -6.81473940499924 2.93204792604366 -1.87178156143705
2025-09-25T17:47:18.000 2881.228909837280 3497.707161122610 -5069.752580899080 -6.82204632507638 2.92321082698561 -1.85892851059196
2025-09-25T17:47:20.000 2867.577539047930 3503.544733385420 -5073.457577053020 -6.82931870447277 2.91435898185821 -1.84606608654676
2025-09-25T17:47:22.000 2853.911658070630 3509.364587249030 -5077.136839039680 -6.83655650701371 2.90549243521549 -1.83319435413234
2025-09-25T17:47:24.000 2840.231336095110 3515.166693355020 -5080.790348307220 -6.84375969669709 2.89661123168307 -1.82031337822378
2025-09-25T17:47:26.000 2826.536642382970 3520.951022434300 -5084.418086433530 -6.85092823769346 2.88771541595793 -1.80742322373995
2025-09-25T17:47:28.000 2812.827646267240 3526.717545307230 -5088.020035126430 -6.85806209434625 2.87880503280817 -1.79452395564325
2025-09-25T17:47:30.000 2799.104417152140 3532.466232883810 -5091.596176223700 -6.86516123117190 2.86988012707284 -1.78161563893919
2025-09-25T17:47:32.000 2785.367024512650 3538.197056163740 -5095.146491693150 -6.87222561286000 2.86094074366165 -1.76869833867610
2025-09-25T17:47:34.000 2771.615537894220 3543.909986236650 -5098.670963632760 -6.87925520427348 2.85198692755482 -1.75577211994476
2025-09-25T17:47:36.000 2757.850026912380 3549.604994282190 -5102.169574270700 -6.88624997044872 2.84301872380280 -1.74283704787808
2025-09-25T17:47:38.000 2744.070561252440 3555.282051570180 -5105.642305965490 -6.89320987659572 2.83403617752610 -1.72989318765074
2025-09-25T17:47:40.000 2730.277210669100 3560.941129460740 -5109.089141206010 -6.90013488809822 2.82503933391502 -1.71694060447887
2025-09-25T17:47:42.000 2716.470044986110 3566.582199404460 -5112.510062611620 -6.90702497051387 2.81602823822947 -1.70397936361970
2025-09-25T17:47:44.000 2702.649134095950 3572.205232942490 -5115.905052932230 -6.91388008957434 2.80700293579872 -1.69100953037122
2025-09-25T17:47:46.000 2688.814547959450 3577.810201706750 -5119.274095048400 -6.92070021118549 2.79796347202120 -1.67803117007183
2025-09-25T17:47:48.000 2674.966356605460 3583.397077419990 -5122.617171971400 -6.92748530142747 2.78890989236428 -1.66504434810003
2025-09-25T17:47:50.000 2661.104630130490 3588.965831895980 -5125.934266843290 -6.93423532655487 2.77984224236403 -1.65204912987406
2025-09-25T17:47:52.000 2647.229438698370 3594.516437039620 -5129.225362937030 -6.94095025299686 2.77076056762503 -1.63904558085158
2025-09-25T17:47:54.000 2633.340852539890 3600.048864847100 -5132.490443656500 -6.94763004735732 2.76166491382011 -1.62603376652934
2025-09-25T17:47:56.000 2619.438941952480 3605.563087406020 -5135.729492536640 -6.95427467641494 2.75255532669019 -1.61301375244280
2025-09-25T17:47:58.000 2605.523777299800 3611.059076895510 -5138.942493243480 -6.96088410712340 2.74343185204399 -1.59998560416587
2025-09-25T17:48:00.000 2591.595429011470 3616.536805586430 -5142.129429574250 -6.96745830661144 2.73429453575788 -1.58694938731052
2025-09-25T17:48:02.000 2577.653967582640 3621.996245841410 -5145.290285457430 -6.97399724218303 2.72514342377563 -1.57390516752646
2025-09-25T17:48:04.000 2563.699463573700 3627.437370115070 -5148.425044952860 -6.98050088131747 2.71597856210816 -1.56085301050083
2025-09-25T17:48:06.000 2549.731987609900 3632.860150954110 -5151.533692251760 -6.98696919166955 2.70679999683339 -1.54779298195786
2025-09-25T17:48:08.000 2535.751610380990 3638.264560997430 -5154.616211676850 -6.99340214106962 2.69760777409598 -1.53472514765853
2025-09-25T17:48:10.000 2521.758402640920 3643.650572976320 -5157.672587682420 -6.99979969752377 2.68840194010711 -1.52164957340025
2025-09-25T17:48:12.000 2507.752435207410 3649.018159714540 -5160.702804854370 -7.00616182921390 2.67918254114429 -1.50856632501654
2025-09-25T17:48:14.000 2493.733778961670 3654.367294128480 -5163.706847910310 -7.01248850449791 2.66994962355110 -1.49547546837669
2025-09-25T17:48:16.000 2479.702504848010 3659.697949227260 -5166.684701699640 -7.01877969190975 2.66070323373702 -1.48237706938544
2025-09-25T17:48:18.000 2465.658683873480 3665.010098112930 -5169.636351203580 -7.02503536015960 2.65144341817718 -1.46927119398266
2025-09-25T17:48:20.000 2451.602387107550 3670.303713980500 -5172.561781535280 -7.03125547813397 2.64217022341215 -1.45615790814302
2025-09-25T17:48:22.000 2437.533685681750 3675.578770118170 -5175.460977939860 -7.03744001489583 2.63288369604772 -1.44303727787565
2025-09-25T17:48:24.000 2423.452650789290 3680.835239907410 -5178.333925794520 -7.04358893968474 2.62358388275471 -1.42990936922383
2025-09-25T17:48:26.000 2409.359353684720 3686.073096823060 -5181.180610608550 -7.04970222191695 2.61427083026868 -1.41677424826468
2025-09-25T17:48:28.000 2395.253865683600 3691.292314433550 -5184.001018023450 -7.05577983118556 2.60494458538978 -1.40363198110881
2025-09-25T17:48:30.000 2381.136258162110 3696.492866400940 -5186.795133812950 -7.06182173726061 2.59560519498251 -1.39048263389998
2025-09-25T17:48:32.000 2367.006602556730 3701.674726481080 -5189.562943883130 -7.06782791008924 2.58625270597547 -1.37732627281484
2025-09-25T17:48:34.000 2352.864970363840 3706.837868523760 -5192.304434272430 -7.07379831979578 2.57688716536116 -1.36416296406254
2025-09-25T17:48:36.000 2338.711433139430 3711.982266472820 -5195.019591151760 -7.07973293668191 2.56750862019578 -1.35099277388443
2025-09-25T17:48:38.000 2324.546062498680 3717.107894366260 -5197.708400824540 -7.08563173122677 2.55811711759895 -1.33781576855373
2025-09-25T17:48:40.000 2310.368930115650 3722.214726336380 -5200.370849726750 -7.09149467408706 2.54871270475353 -1.32463201437521
2025-09-25T17:48:42.000 2296.180107722900 3727.302736609940 -5203.006924427030 -7.09732173609723 2.53929542890535 -1.31144157768486
2025-09-25T17:48:44.000 2281.979667111160 3732.371899508210 -5205.616611626720 -7.10311288826954 2.52986533736305 -1.29824452484957
2025-09-25T17:48:46.000 2267.767680128930 3737.422189447170 -5208.199898159930 -7.10886810179422 2.52042247749778 -1.28504092226678
2025-09-25T17:48:48.000 2253.544218682170 3742.453580937600 -5210.756770993570 -7.11458734803958 2.51096689674298 -1.27183083636416
2025-09-25T17:48:50.000 2239.309354733930 3747.466048585210 -5213.287217227480 -7.12027059855216 2.50149864259418 -1.25861433359932
2025-09-25T17:48:52.000 2225.063160303970 3752.459567090760 -5215.791224094390 -7.12591782505682 2.49201776260876 -1.24539148045940
2025-09-25T17:48:54.000 2210.805707468440 3757.434111250170 -5218.268778960070 -7.13152899945689 2.48252430440568 -1.23216234346083
2025-09-25T17:48:56.000 2196.537068359500 3762.389655954690 -5220.719869323350 -7.13710409383429 2.47301831566524 -1.21892698914891
2025-09-25T17:48:58.000 2182.257315164950 3767.326176190960 -5223.144482816180 -7.14264308044962 2.46349984412890 -1.20568548409757
2025-09-25T17:49:00.000 2167.966520127920 3772.243647041200 -5225.542607203650 -7.14814593174232 2.45396893759897 -1.19243789490894
2025-09-25T17:49:02.000 2153.664755546450 3777.142043683270 -5227.914230384140 -7.15361262033079 2.44442564393841 -1.17918428821310
2025-09-25T17:49:04.000 2139.352093773200 3782.021341390820 -5230.259340389270 -7.15904311901246 2.43487001107053 -1.16592473066770
2025-09-25T17:49:06.000 2125.028607215030 3786.881515533400 -5232.577925384030 -7.16443740076395 2.42530208697883 -1.15265928895764
2025-09-25T17:49:08.000 2110.694368332660 3791.722541576610 -5234.869973666800 -7.16979543874118 2.41572191970665 -1.13938802979473
2025-09-25T17:49:10.000 2096.349449640360 3796.544395082180 -5237.135473669400 -7.17511720627946 2.40612955735698 -1.12611101991734
2025-09-25T17:49:12.000 2081.993923705500 3801.347051708100 -5239.374413957170 -7.18040267689360 2.39652504809220 -1.11282832609012
2025-09-25T17:49:14.000 2067.627863148270 3806.130487208750 -5241.586783228990 -7.18565182427805 2.38690844013381 -1.09954001510358
2025-09-25T17:49:16.000 2053.251340641300 3810.894677435020 -5243.772570317350 -7.19086462230697 2.37727978176216 -1.08624615377383
2025-09-25T17:49:18.000 2038.864428909250 3815.639598334410 -5245.931764188410 -7.19604104503435 2.36763912131623 -1.07294680894220
2025-09-25T17:49:20.000 2024.467200728540 3820.365225951170 -5248.064353942030 -7.20118106669409 2.35798650719334 -1.05964204747493
2025-09-25T17:49:22.000 2010.059728926920 3825.071536426370 -5250.170328811820 -7.20628466170010 2.34832198784887 -1.04633193626280
2025-09-25T17:49:24.000 1995.642086383120 3829.758505998090 -5252.249678165190 -7.21135180464642 2.33864561179605 -1.03301654222085
2025-09-25T17:49:26.000 1981.214346026520 3834.426111001460 -5254.302391503440 -7.21638247030727 2.32895742760564 -1.01969593228799
2025-09-25T17:49:28.000 1966.776580836780 3839.074327868840 -5256.328458461730 -7.22137663363716 2.31925748390569 -1.00637017342670
2025-09-25T17:49:30.000 1952.328863843440 3843.703133129870 -5258.327868809180 -7.22633426977094 2.30954582938128 -0.99303933262271
2025-09-25T17:49:32.000 1937.871268125620 3848.312503411640 -5260.300612448930 -7.23125535402393 2.29982251277423 -0.97970347688462
2025-09-25T17:49:34.000 1923.403866811610 3852.902415438770 -5262.246679418120 -7.23613986189194 2.29008758288282 -0.96636267324364
2025-09-25T17:49:36.000 1908.926733078530 3857.472846033550 -5264.166059888000 -7.24098776905138 2.28034108856158 -0.95301698875320
2025-09-25T17:49:38.000 1894.439940151970 3862.023772116010 -5266.058744163950 -7.24579905135929 2.27058307872092 -0.93966649048867
2025-09-25T17:49:40.000 1879.943561305640 3866.555170704060 -5267.924722685500 -7.25057368485343 2.26081360232697 -0.92631124554702
2025-09-25T17:49:42.000 1865.437669860960 3871.067018913620 -5269.763986026430 -7.25531164575233 2.25103270840121 -0.91295132104651
2025-09-25T17:49:44.000 1850.922339186760 3875.559293958700 -5271.576524894740 -7.26001291045535 2.24124044602026 -0.89958678412637
2025-09-25T17:49:46.000 1836.397642698890 3880.031973151490 -5273.362330132760 -7.26467745554271 2.23143686431560 -0.88621770194646
2025-09-25T17:49:48.000 1821.863653859830 3884.485033902530 -5275.121392717140 -7.26930525777556 2.22162201247326 -0.87284414168701
2025-09-25T17:49:50.000 1807.320446178400 3888.918453720780 -5276.853703758920 -7.27389629409601 2.21179593973360 -0.85946617054830
2025-09-25T17:49:52.000 1792.768093209310 3893.332210213730 -5278.559254503560 -7.27845054162716 2.20195869539101 -0.84608385575031
2025-09-25T17:49:54.000 1778.206668552880 3897.726281087510 -5280.238036330980 -7.28296797767318 2.19211032879365 -0.83269726453249
2025-09-25T17:49:56.000 1763.636245854620 3902.100644147000 -5281.890040755580 -7.28744857971929 2.18225088934317 -0.81930646415343
2025-09-25T17:49:58.000 1749.056898804900 3906.455277295950 -5283.515259426340 -7.29189232543182 2.17238042649448 -0.80591152189055
2025-09-25T17:50:00.000 1734.468701138560 3910.790158537050 -5285.113684126760 -7.29629919265823 2.16249898975543 -0.79251250503986
2025-09-25T17:50:02.000 1719.871726634580 3915.105265972080 -5286.685306774980 -7.30066915942713 2.15260662868660 -0.77910948091564
2025-09-25T17:50:04.000 1705.266049115690 3919.400577801980 -5288.230119423790 -7.30500220394830 2.14270339290101 -0.76570251685020
2025-09-25T17:50:06.000 1690.651742448020 3923.676072326980 -5289.748114260650 -7.30929830461275 2.13278933206386 -0.75229168019357
2025-09-25T17:50:08.000 1676.028880540760 3927.931727946680 -5291.239283607750 -7.31355743999266 2.12286449589228 -0.73887703831326
2025-09-25T17:50:10.000 1661.397537345750 3932.167523160170 -5292.703619922010 -7.31777958884147 2.11292893415510 -0.72545865859397
2025-09-25T17:50:12.000 1646.757786857130 3936.383436566140 -5294.141115795170 -7.32196473009386 2.10298269667254 -0.71203660843737
2025-09-25T17:50:14.000 1632.109703111030 3940.579446862950 -5295.551763953750 -7.32611284286577 2.09302583331602 -0.69861095526183
2025-09-25T17:50:16.000 1617.453360185130 3944.755532848770 -5296.935557259160 -7.33022390645443 2.08305839400790 -0.68518176650216
2025-09-25T17:50:18.000 1602.788832198350 3948.911673421660 -5298.292488707670 -7.33429790033835 2.07308042872120 -0.67174910960938
2025-09-25T17:50:20.000 1588.116193310470 3953.047847579680 -5299.622551430480 -7.33833480417734 2.06309198747941 -0.65831305205051
2025-09-25T17:50:22.000 1573.435517721780 3957.164034420990 -5300.925738693750 -7.34233459781254 2.05309312035624 -0.64487366130829
2025-09-25T17:50:24.000 1558.746879672680 3961.260213143930 -5302.202043898590 -7.34629726126643 2.04308387747536 -0.63143100488097
2025-09-25T17:50:26.000 1544.050353443370 3965.336363047160 -5303.451460581160 -7.35022277474284 2.03306430901021 -0.61798515028210
2025-09-25T17:50:28.000 1529.346013353440 3969.392463529730 -5304.673982412620 -7.35411111862696 2.02303446518374 -0.60453616504033
2025-09-25T17:50:30.000 1514.633933761550 3973.428494091170 -5305.869603199250 -7.35796227348541 2.01299439626822 -0.59108411669914
2025-09-25T17:50:32.000 1499.914189065020 3977.444434331620 -5307.038316882390 -7.36177622006619 2.00294415258500 -0.57762907281668
2025-09-25T17:50:34.000 1485.186853699520 3981.440263951910 -5308.180117538540 -7.36555293929879 1.99288378450430 -0.56417110096555
2025-09-25T17:50:36.000 1470.452002138660 3985.415962753660 -5309.294999379330 -7.36929241229413 1.98281334244500 -0.55071026873258
2025-09-25T17:50:38.000 1455.709708893650 3989.371510639350 -5310.382956751610 -7.37299462034468 1.97273287687442 -0.53724664371868
2025-09-25T17:50:40.000 1440.960048512930 3993.306887612490 -5311.443984137430 -7.37665954492445 1.96264243830816 -0.52378029353860
2025-09-25T17:50:42.000 1426.203095581830 3997.222073777630 -5312.478076154080 -7.38028716768904 1.95254207730983 -0.51031128582074
2025-09-25T17:50:44.000 1411.438924722160 4001.117049340510 -5313.485227554120 -7.38387747047570 1.94243184449090 -0.49683968820700
2025-09-25T17:50:46.000 1396.667610591900 4004.991794608150 -5314.465433225410 -7.38743043530336 1.93231179051050 -0.48336556835256
2025-09-25T17:50:48.000 1381.889227884790 4008.846289988920 -5315.418688191140 -7.39094604437272 1.92218196607523 -0.46988899392570
2025-09-25T17:50:50.000 1367.103851330000 4012.680515992650 -5316.344987609850 -7.39442428006629 1.91204242193894 -0.45641003260761
2025-09-25T17:50:52.000 1352.311555691740 4016.494453230740 -5317.244326775440 -7.39786512494848 1.90189320890259 -0.44292875209223
2025-09-25T17:50:54.000 1337.512415768920 4020.288082416220 -5318.116701117230 -7.40126856176566 1.89173437781403 -0.42944522008605
2025-09-25T17:50:56.000 1322.706506394770 4024.061384363890 -5318.962106199940 -7.40463457344624 1.88156597956784 -0.41595950430791
2025-09-25T17:50:58.000 1307.893902436490 4027.814339990350 -5319.780537723760 -7.40796314310078 1.87138806510515 -0.40247167248887
2025-09-25T17:51:00.000 1293.074678794860 4031.546930314150 -5320.571991524360 -7.41125425402207 1.86120068541346 -0.38898179237198
2025-09-25T17:51:02.000 1278.248910403910 4035.259136455870 -5321.336463572890 -7.41450788968525 1.85100389152644 -0.37548993171208
2025-09-25T17:51:04.000 1263.416672230530 4038.950939638180 -5322.073949976030 -7.41772403374791 1.84079773452382 -0.36199615827567
2025-09-25T17:51:06.000 1248.578039274100 4042.622321185970 -5322.784446975990 -7.42090267005019 1.83058226553114 -0.34850053984068
2025-09-25T17:51:08.000 1233.733086566150 4046.273262526430 -5323.467950950580 -7.42404378261495 1.82035753571965 -0.33500314419628
2025-09-25T17:51:10.000 1218.881889170000 4049.903745189120 -5324.124458413170 -7.42714735564786 1.81012359630607 -0.32150403914270
2025-09-25T17:51:12.000 1204.024522180330 4053.513750806090 -5324.753966012750 -7.43021337353756 1.79988049855249 -0.30800329249100
2025-09-25T17:51:14.000 1189.161060722900 4057.103261111970 -5325.356470533950 -7.43324182085582 1.78962829376613 -0.29450097206289
2025-09-25T17:51:16.000 1174.291579954120 4060.672257944030 -5325.931968897040 -7.43623268235766 1.77936703329923 -0.28099714569053
2025-09-25T17:51:18.000 1159.416155060720 4064.220723242310 -5326.480458157980 -7.43918594298153 1.76909676854884 -0.26749188121626
2025-09-25T17:51:20.000 1144.534861259370 4067.748639049670 -5327.001935508410 -7.44210158784947 1.75881755095666 -0.25398524649246
2025-09-25T17:51:22.000 1129.647773796300 4071.255987511900 -5327.496398275690 -7.44497960226730 1.74852943200886 -0.24047730938123
2025-09-25T17:51:24.000 1114.754967946940 4074.742750877820 -5327.963843922920 -7.44781997172478 1.73823246323592 -0.22696813775424
2025-09-25T17:51:26.000 1099.856519015590 4078.208911499340 -5328.404270048950 -7.45062268189581 1.72792669621243 -0.21345779949243
2025-09-25T17:51:28.000 1084.952502334980 4081.654451831580 -5328.817674388390 -7.45338771863861 1.71761218255693 -0.19994636248578
2025-09-25T17:51:30.000 1070.042993265960 4085.079354432920 -5329.204054811660 -7.45611506799591 1.70728897393172 -0.18643389463308
2025-09-25T17:51:32.000 1055.128067197110 4088.483601965130 -5329.563409324970 -7.45880471619518 1.69695712204266 -0.17292046384158
2025-09-25T17:51:34.000 1040.207799544350 4091.867177193410 -5329.895736070350 -7.46145664964879 1.68661667863901 -0.15940613802684
2025-09-25T17:51:36.000 1025.282265750620 4095.230062986540 -5330.201033325670 -7.46407085495427 1.67626769551322 -0.14589098511233
2025-09-25T17:51:38.000 1010.351541285450 4098.572242316880 -5330.479299504680 -7.46664731889449 1.66591022450074 -0.13237507302919
2025-09-25T17:51:40.000 995.415701644641 4101.893698260530 -5330.730533156970 -7.46918602843786 1.65554431747981 -0.11885846971595
2025-09-25T17:51:42.000 980.474822349864 4105.194413997400 -5330.954732968020 -7.47168697073861 1.64517002637126 -0.10534124311817
2025-09-25T17:51:44.000 965.528978948293 4108.474372811270 -5331.151897759220 -7.47415013313692 1.63478740313831 -0.09182346118814
2025-09-25T17:51:46.000 950.578247012237 4111.733558089870 -5331.322026487860 -7.47657550315923 1.62439649978636 -0.07830519188455
2025-09-25T17:51:48.000 935.622702138769 4114.971953325030 -5331.465118247150 -7.47896306851839 1.61399736836275 -0.06478650317216
2025-09-25T17:51:50.000 920.662419949344 4118.189542112670 -5331.581172266260 -7.48131281711394 1.60359006095656 -0.05126746302140
2025-09-25T17:51:52.000 905.697476089435 4121.386308152950 -5331.670187910260 -7.48362473703227 1.59317462969834 -0.03774813940808
2025-09-25T17:51:54.000 890.727946228155 4124.562235250340 -5331.732164680230 -7.48589881654688 1.58275112675993 -0.02422860031296
2025-09-25T17:51:56.000 875.753906057880 4127.717307313680 -5331.767102213190 -7.48813504411860 1.57231960435420 -0.01070891372141
2025-09-25T17:51:58.000 860.775431293881 4130.851508356280 -5331.775000282110 -7.49033340839578 1.56188011473478 0.00281085237703
2025-09-25T17:52:00.000 845.792597673940 4133.964822496010 -5331.755858796000 -7.49249389821451 1.55143271019583 0.01633062998900
2025-09-25T17:52:02.000 830.805480957983 4137.057233955340 -5331.709677799810 -7.49461650259884 1.54097744307177 0.02985035111775
2025-09-25T17:52:04.000 815.814156927697 4140.128727061490 -5331.636457474520 -7.49670121076096 1.53051436573704 0.04336994776358
2025-09-25T17:52:06.000 800.818701386158 4143.179286246420 -5331.536198137080 -7.49874801210142 1.52004353060580 0.05688935192422
2025-09-25T17:52:08.000 785.819190157451 4146.208896047010 -5331.408900240480 -7.50075689620932 1.50956499013168 0.07040849559532
2025-09-25T17:52:10.000 770.815699086295 4149.217541105050 -5331.254564373700 -7.50272785286247 1.49907879680747 0.08392731077087
2025-09-25T17:52:12.000 755.808304037664 4152.205206167360 -5331.073191261730 -7.50466087202761 1.48858500316487 0.09744572944362
2025-09-25T17:52:14.000 740.797080896410 4155.171876085880 -5330.864781765600 -7.50655594386055 1.47808366177417 0.11096368360561
2025-09-25T17:52:16.000 725.782105566884 4158.117535817700 -5330.629336882320 -7.50841305870635 1.46757482524394 0.12448110524858
2025-09-25T17:52:18.000 710.763453972557 4161.042170425190 -5330.366857744960 -7.51023220709945 1.45705854622076 0.13799792636445
2025-09-25T17:52:20.000 695.741202055643 4163.945765076040 -5330.077345622560 -7.51201337976387 1.44653487738890 0.15151407894585
2025-09-25T17:52:22.000 680.715425776716 4166.828305043350 -5329.760801920200 -7.51375656761329 1.43600387146998 0.16502949498651
2025-09-25T17:52:24.000 665.686201114335 4169.689775705700 -5329.417228178970 -7.51546176175120 1.42546558122269 0.17854410648184
2025-09-25T17:52:26.000 650.653604064661 4172.530162547220 -5329.046626075970 -7.51712895347102 1.41492005944244 0.19205784542938
2025-09-25T17:52:28.000 635.617710641078 4175.349451157670 -5328.648997424290 -7.51875813425620 1.40436735896103 0.20557064382929
2025-09-25T17:52:30.000 620.578596873814 4178.147627232510 -5328.224344173020 -7.52034929578033 1.39380753264634 0.21908243368487
2025-09-25T17:52:32.000 605.536338809559 4180.924676572970 -5327.772668407240 -7.52190242990720 1.38324063340197 0.23259314700304
2025-09-25T17:52:34.000 590.491012511085 4183.680585086120 -5327.293972348020 -7.52341752869089 1.37266671416693 0.24610271579488
2025-09-25T17:52:36.000 575.442694056866 4186.415338784960 -5326.788258352400 -7.52489458437580 1.36208582791525 0.25961107207608
2025-09-25T17:52:38.000 560.391459540695 4189.128923788450 -5326.255528913380 -7.52633358939678 1.35149802765570 0.27311814786749
2025-09-25T17:52:40.000 545.337385071309 4191.821326321600 -5325.695786659910 -7.52773453637905 1.34090336643137 0.28662387519560
2025-09-25T17:52:42.000 530.280546771999 4194.492532715580 -5325.109034356880 -7.52909741813833 1.33030189731940 0.30012818609306
2025-09-25T17:52:44.000 515.221020780237 4197.142529407700 -5324.495274905130 -7.53042222768079 1.31969367343055 0.31363101259914
2025-09-25T17:52:46.000 500.158883247293 4199.771302941540 -5323.854511341380 -7.53170895820308 1.30907874790890 0.32713228676028
2025-09-25T17:52:48.000 485.094210337851 4202.378839967030 -5323.186746838280 -7.53295760309230 1.29845717393150 0.34063194063056
2025-09-25T17:52:50.000 470.027078229632 4204.965127240440 -5322.491984704340 -7.53416815592602 1.28782900470798 0.35412990627219
2025-09-25T17:52:52.000 454.957563113010 4207.530151624520 -5321.770228383960 -7.53534061047218 1.27719429348023 0.36762611575599
2025-09-25T17:52:54.000 439.885741190633 4210.073900088540 -5321.021481457370 -7.53647496068911 1.26655309352203 0.38112050116187
2025-09-25T17:52:56.000 424.811688677045 4212.596359708330 -5320.245747640640 -7.53757120072543 1.25590545813871 0.39461299457935
2025-09-25T17:52:58.000 409.735481798297 4215.097517666370 -5319.443030785650 -7.53862932492000 1.24525144066681 0.40810352810796
2025-09-25T17:53:00.000 394.657196791577 4217.577361251850 -5318.613334880060 -7.53964932780186 1.23459109447370 0.42159203385774
2025-09-25T17:53:02.000 379.576909904823 4220.035877860710 -5317.756664047320 -7.54063120409011 1.22392447295727 0.43507844394971
2025-09-25T17:53:04.000 364.494697396344 4222.473054995740 -5316.873022546610 -7.54157494869385 1.21325162954556 0.44856269051628
2025-09-25T17:53:06.000 349.410635534442 4224.888880266600 -5315.962414772840 -7.54248055671203 1.20257261769646 0.46204470570171
2025-09-25T17:53:08.000 334.324800597031 4227.283341389900 -5315.024845256620 -7.54334802343338 1.19188749089732 0.47552442166254
2025-09-25T17:53:10.000 319.237268871258 4229.656426189230 -5314.060318664230 -7.54417734433628 1.18119630266468 0.48900177056801
2025-09-25T17:53:12.000 304.148116653124 4232.008122595290 -5313.068839797600 -7.54496851508860 1.17049910654387 0.50247668460045
2025-09-25T17:53:14.000 289.057420247104 4234.338418645870 -5312.050413594280 -7.54572153154761 1.15979595610878 0.51594909595574
2025-09-25T17:53:16.000 273.965255965769 4236.647302485920 -5311.005045127420 -7.54643638975980 1.14908690496145 0.52941893684362
2025-09-25T17:53:18.000 258.871700129410 4238.934762367660 -5309.932739605740 -7.54711308596076 1.13837200673183 0.54288613948814
2025-09-25T17:53:20.000 243.776829065655 4241.200786650560 -5308.833502373470 -7.54775161657501 1.12765131507742 0.55635063612800
2025-09-25T17:53:22.000 228.680719109096 4243.445363801470 -5307.707338910390 -7.54835197821584 1.11692488368302 0.56981235901692
2025-09-25T17:53:24.000 213.583446600910 4245.668482394610 -5306.554254831730 -7.54891416768518 1.10619276626039 0.58327124042396
2025-09-25T17:53:26.000 198.485087888480 4247.870131111650 -5305.374255888160 -7.54943818197342 1.09545501654801 0.59672721263393
2025-09-25T17:53:28.000 183.385719325022 4250.050298741780 -5304.167347965790 -7.54992401825923 1.08471168831074 0.61018020794764
2025-09-25T17:53:30.000 168.285417269205 4252.208974181740 -5302.933537086090 -7.55037167390941 1.07396283533960 0.62363015868226
2025-09-25T17:53:32.000 153.184258084776 4254.346146435860 -5301.672829405890 -7.55078114647874 1.06320851145148 0.63707699717162
2025-09-25T17:53:34.000 138.082318140186 4256.461804616160 -5300.385231217330 -7.55115243370978 1.05244877048888 0.65052065576653
2025-09-25T17:53:36.000 122.979673808213 4258.555937942350 -5299.070748947840 -7.55148553353274 1.04168366631967 0.66396106683500
2025-09-25T17:53:38.000 107.876401465586 4260.628535741900 -5297.729389160090 -7.55178044406528 1.03091325283682 0.67739816276260
2025-09-25T17:53:40.000 92.772577492613 4262.679587450100 -5296.361158551950 -7.55203716361239 1.02013758395817 0.69083187595267
2025-09-25T17:53:42.000 77.668278272803 4264.709082610100 -5294.966063956490 -7.55225569066620 1.00935671362624 0.70426213882661
2025-09-25T17:53:44.000 62.563580192495 4266.717010872950 -5293.544112341900 -7.55243602390583 0.99857069580794 0.71768888382411
2025-09-25T17:53:46.000 47.458559640483 4268.703361997660 -5292.095310811470 -7.55257816219725 0.98777958449440 0.73111204340340
2025-09-25T17:53:48.000 32.353293007641 4270.668125851270 -5290.619666603580 -7.55268210459316 0.97698343370075 0.74453155004148
2025-09-25T17:53:50.000 17.247856686552 4272.611292408840 -5289.117187091600 -7.55274785033277 0.96618229746590 0.75794733623435
2025-09-25T17:53:52.000 2.142327071134 4274.532851753550 -5287.587879783930 -7.55277539884177 0.95537622985239 0.77135933449721
2025-09-25T17:53:54.000 -12.963219443732 4276.432794076720 -5286.031752323880 -7.55276474973212 0.94456528494614 0.78476747736470
2025-09-25T17:53:56.000 -28.068706462577 4278.311109677880 -5284.448812489700 -7.55271590280197 0.93374951685631 0.79817169739109
2025-09-25T17:53:58.000 -43.174057589712 4280.167788964780 -5282.839068194490 -7.55262885803554 0.92292897971513 0.81157192715047
2025-09-25T17:54:00.000 -58.279196429604 4282.002822453470 -5281.202527486210 -7.55250361560303 0.91210372767771 0.82496809923696
2025-09-25T17:54:02.000 -73.384046587246 4283.816200768340 -5279.539198547580 -7.55234017586050 0.90127381492185 0.83836014626489
2025-09-25T17:54:04.000 -88.488531668530 4285.607914642150 -5277.849089696100 -7.55213853934977 0.89043929564796 0.85174800086900
2025-09-25T17:54:06.000 -103.592575280614 4287.377954916070 -5276.132209383950 -7.55189870679840 0.87960022407883 0.86513159570461
2025-09-25T17:54:08.000 -118.696101032301 4289.126312539760 -5274.388566198010 -7.55162067911957 0.86875665445952 0.87851086344779
2025-09-25T17:54:10.000 -133.799032534403 4290.852978571380 -5272.618168859760 -7.55130445741202 0.85790864105721 0.89188573679559
2025-09-25T17:54:12.000 -148.901293400115 4292.557944177660 -5270.821026225280 -7.55095004296004 0.84705623816105 0.90525614846614
2025-09-25T17:54:14.000 -164.002807245389 4294.241200633910 -5268.997147285190 -7.55055743723339 0.83619950008205 0.91862203119891
2025-09-25T17:54:16.000 -179.103497689298 4295.902739324090 -5267.146541164600 -7.55012664188728 0.82533848115292 0.93198331775482
2025-09-25T17:54:18.000 -194.203288354415 4297.542551740850 -5265.269217123100 -7.54965765876237 0.81447323572794 0.94533994091646
2025-09-25T17:54:20.000 -209.302102867175 4299.160629485590 -5263.365184554660 -7.54915048988472 0.80360381818286 0.95869183348826
2025-09-25T17:54:22.000 -224.399864858255 4300.756964268440 -5261.434452987650 -7.54860513746581 0.79273028291474 0.97203892829665
2025-09-25T17:54:24.000 -239.496497962938 4302.331547908370 -5259.477032084750 -7.54802160390255 0.78185268434187 0.98538115819029
2025-09-25T17:54:26.000 -254.591925821487 4303.884372333230 -5257.492931642920 -7.54739989177730 0.77097107690359 0.99871845604021
2025-09-25T17:54:28.000 -269.686072079514 4305.415429579720 -5255.482161593360 -7.54674000385788 0.76008551506022 1.01205075474003
2025-09-25T17:54:30.000 -284.778860388353 4306.924711793520 -5253.444732001450 -7.54604194309761 0.74919605329292 1.02537798720616
2025-09-25T17:54:32.000 -299.870214405432 4308.412211229270 -5251.380653066730 -7.54530571263535 0.73830274610354 1.03870008637797
2025-09-25T17:54:34.000 -314.960057794639 4309.877920250660 -5249.289935122830 -7.54453131579558 0.72740564801456 1.05201698521804
2025-09-25T17:54:36.000 -330.048314226699 4311.321831330430 -5247.172588637430 -7.54371875608841 0.71650481356889 1.06532861671231
2025-09-25T17:54:38.000 -345.134907379541 4312.743937050410 -5245.028624212210 -7.54286803720968 0.70560029732982 1.07863491387038
2025-09-25T17:54:40.000 -360.219760938673 4314.144230101610 -5242.858052582810 -7.54197916304103 0.69469215388084 1.09193580972567
2025-09-25T17:54:42.000 -375.302798597553 4315.522703284200 -5240.660884618800 -7.54105213764997 0.68378043782553 1.10523123733565
2025-09-25T17:54:44.000 -390.383944057956 4316.879349507590 -5238.437131323580 -7.54008696528997 0.67286520378742 1.11852112978215
2025-09-25T17:54:46.000 -405.463121030355 4318.214161790450 -5236.186803834380 -7.53908365040055 0.66194650640986 1.13180542017150
2025-09-25T17:54:48.000 -420.540253234285 4319.527133260770 -5233.909913422180 -7.53804219760738 0.65102440035590 1.14508404163488
2025-09-25T17:54:50.000 -435.615264398719 4320.818257155880 -5231.606471491680 -7.53696261172237 0.64009894030809 1.15835692732852
2025-09-25T17:54:52.000 -450.688078262441 4322.087526822480 -5229.276489581260 -7.53584489774379 0.62917018096841 1.17162401043399
2025-09-25T17:54:54.000 -465.758618574418 4323.334935716700 -5226.919979362870 -7.53468906085635 0.61823817705805 1.18488522415848
2025-09-25T17:54:56.000 -480.826809094171 4324.560477404160 -5224.536952642050 -7.53349510643134 0.60730298331729 1.19814050173508
2025-09-25T17:54:58.000 -495.892573592153 4325.764145559930 -5222.127421357850 -7.53226304002673 0.59636465450534 1.21138977642308
2025-09-25T17:55:00.000 -510.955835850117 4326.945933968650 -5219.691397582760 -7.53099286738726 0.58542324540013 1.22463298150825
2025-09-25T17:55:02.000 -526.016519661495 4328.105836524530 -5217.228893522680 -7.52968459444459 0.57447881079821 1.23787005030318
2025-09-25T17:55:04.000 -541.074548831768 4329.243847231390 -5214.739921516850 -7.52833822731738 0.56353140551450 1.25110091614757
2025-09-25T17:55:06.000 -556.129847178842 4330.359960202690 -5212.224494037820 -7.52695377231143 0.55258108438215 1.26432551240857
2025-09-25T17:55:08.000 -571.182338533420 4331.454169661580 -5209.682623691340 -7.52553123591977 0.54162790225233 1.27754377248111
2025-09-25T17:55:10.000 -586.231946739380 4332.526469940940 -5207.114323216400 -7.52407062482277 0.53067191399403 1.29075562978824
2025-09-25T17:55:12.000 -601.278595654148 4333.576855483400 -5204.519605485070 -7.52257194588825 0.51971317449387 1.30396101778145
2025-09-25T17:55:14.000 -616.322209149074 4334.605320841360 -5201.898483502500 -7.52103520617159 0.50875173865589 1.31715986994106
2025-09-25T17:55:16.000 -631.362711109804 4335.611860677080 -5199.250970406850 -7.51946041291584 0.49778766140131 1.33035211977657
2025-09-25T17:55:18.000 -646.400025436661 4336.596469762650 -5196.577079469250 -7.51784757355176 0.48682099766833 1.34353770082701
2025-09-25T17:55:20.000 -661.434076045014 4337.559142980070 -5193.876824093690 -7.51619669569800 0.47585180241189 1.35671654666131
2025-09-25T17:55:22.000 -676.464786865660 4338.499875321260 -5191.150217817020 -7.51450778716108 0.46488013060344 1.36988859087870
2025-09-25T17:55:24.000 -691.492081845195 4339.418661888100 -5188.397274308840 -7.51278085593558 0.45390603723070 1.38305376710904
2025-09-25T17:55:26.000 -706.515884946394 4340.315497892470 -5185.618007371460 -7.51101591020412 0.44292957729740 1.39621200901327
2025-09-25T17:55:28.000 -721.536120148584 4341.190378656260 -5182.812430939870 -7.50921295833748 0.43195080582301 1.40936325028375
2025-09-25T17:55:30.000 -736.552711448022 4342.043299611430 -5179.980559081600 -7.50737200889465 0.42096977784253 1.42250742464465
2025-09-25T17:55:32.000 -751.565582858272 4342.874256300000 -5177.122405996730 -7.50549307062289 0.40998654840617 1.43564446585237
2025-09-25T17:55:34.000 -766.574658410581 4343.683244374120 -5174.237986017770 -7.50357615245776 0.39900117257910 1.44877430769589
2025-09-25T17:55:36.000 -781.579862154253 4344.470259596110 -5171.327313609640 -7.50162126352315 0.38801370544118 1.46189688399724
2025-09-25T17:55:38.000 -796.581118157031 4345.235297838410 -5168.390403369570 -7.49962841313137 0.37702420208664 1.47501212861181
2025-09-25T17:55:40.000 -811.578350505470 4345.978355083710 -5165.427270027060 -7.49759761078309 0.36603271762384 1.48811997542881
2025-09-25T17:55:42.000 -826.571483305314 4346.699427424920 -5162.437928443780 -7.49552886616743 0.35503930717495 1.50122035837163
2025-09-25T17:55:44.000 -841.560440681876 4347.398511065180 -5159.422393613520 -7.49342218916192 0.34404402587563 1.51431321139825
2025-09-25T17:55:46.000 -856.545146780409 4348.075602317950 -5156.380680662130 -7.49127758983251 0.33304692887478 1.52739846850165
2025-09-25T17:55:48.000 -871.525525766488 4348.730697606980 -5153.312804847440 -7.48909507843357 0.32204807133418 1.54047606371016
2025-09-25T17:55:50.000 -886.501501826387 4349.363793466380 -5150.218781559180 -7.48687466540788 0.31104750842821 1.55354593108789
2025-09-25T17:55:52.000 -901.472999167452 4349.974886540580 -5147.098626318910 -7.48461636138658 0.30004529534355 1.56660800473511
2025-09-25T17:55:54.000 -916.439942018479 4350.563973584430 -5143.952354779970 -7.48232017718916 0.28904148727880 1.57966221878862
2025-09-25T17:55:56.000 -931.402254630092 4351.131051463180 -5140.779982727370 -7.47998612382339 0.27803613944424 1.59270850742212
2025-09-25T17:55:58.000 -946.359861275120 4351.676117152510 -5137.581526077750 -7.47761421248533 0.26702930706145 1.60574680484661
2025-09-25T17:56:00.000 -961.312686248971 4352.199167738550 -5134.357000879290 -7.47520445455919 0.25602104536302 1.61877704531076
2025-09-25T17:56:02.000 -976.260653870009 4352.700200417910 -5131.106423311630 -7.47275686161737 0.24501140959221 1.63179916310127
2025-09-25T17:56:04.000 -991.203688479932 4353.179212497710 -5127.829809685790 -7.47027144542029 0.23400045500262 1.64481309254320
2025-09-25T17:56:06.000 -1006.141714444150 4353.636201395550 -5124.527176444110 -7.46774821791638 0.22298823685787 1.65781876800036
2025-09-25T17:56:08.000 -1021.074656152150 4354.071164639620 -5121.198540160180 -7.46518719124199 0.21197481043127 1.67081612387567
2025-09-25T17:56:10.000 -1036.002438017880 4354.484099868610 -5117.843917538700 -7.46258837772129 0.20096023100550 1.68380509461145
2025-09-25T17:56:12.000 -1050.924984480140 4354.875004831830 -5114.463325415500 -7.45995178986616 0.18994455387225 1.69678561468981
2025-09-25T17:56:14.000 -1065.842220002920 4355.243877389160 -5111.056780757370 -7.45727744037616 0.17892783433193 1.70975761863291
2025-09-25T17:56:16.000 -1080.754069075810 4355.590715511100 -5107.624300662020 -7.45456534213835 0.16791012769334 1.72272104100337
2025-09-25T17:56:18.000 -1095.660456214350 4355.915517278750 -5104.165902358000 -7.45181550822724 0.15689148927331 1.73567581640451
2025-09-25T17:56:20.000 -1110.561305960440 4356.218280883880 -5100.681603204620 -7.44902795190464 0.14587197439641 1.74862187948069
2025-09-25T17:56:22.000 -1125.456542882660 4356.499004628920 -5097.171420691840 -7.44620268661962 0.13485163839460 1.76155916491760
2025-09-25T17:56:24.000 -1140.346091576690 4356.757686926940 -5093.635372440230 -7.44333972600830 0.12383053660694 1.77448760744255
2025-09-25T17:56:26.000 -1155.229876665680 4356.994326301720 -5090.073476200830 -7.44043908389381 0.11280872437923 1.78740714182478
2025-09-25T17:56:28.000 -1170.107822800600 4357.208921387730 -5086.485749855150 -7.43750077428616 0.10178625706374 1.80031770287571
2025-09-25T17:56:30.000 -1184.979854660630 4357.401470930150 -5082.872211414980 -7.43452481138209 0.09076319001886 1.81321922544920
2025-09-25T17:56:32.000 -1199.845896953520 4357.571973784890 -5079.232879022410 -7.43151120956499 0.07973957860879 1.82611164444187
2025-09-25T17:56:34.000 -1214.705874415990 4357.720428918590 -5075.567770949640 -7.42845998340476 0.06871547820325 1.83899489479330
2025-09-25T17:56:36.000 -1229.559711814080 4357.846835408630 -5071.876905599010 -7.42537114765772 0.05769094417717 1.85186891148630
2025-09-25T17:56:38.000 -1244.407333943520 4357.951192443140 -5068.160301502790 -7.42224471726645 0.04666603191038 1.86473362954720
2025-09-25T17:56:40.000 -1259.248665630130 4358.033499321030 -5064.417977323190 -7.41908070735974 0.03564079678731 1.87758898404600
2025-09-25T17:56:42.000 -1274.083631730150 4358.093755451980 -5060.649951852240 -7.41587913325240 0.02461529419669 1.89043491009669
2025-09-25T17:56:44.000 -1288.912157130670 4358.131960356440 -5056.856244011670 -7.41264001044524 0.01358957953130 1.90327134285743
2025-09-25T17:56:46.000 -1303.734166749920 4358.148113665650 -5053.036872852870 -7.40936335462488 0.00256370818761 1.91609821753080
2025-09-25T17:56:48.000 -1318.549585537730 4358.142215121670 -5049.191857556770 -7.40604918166370 -0.00846226443446 1.92891546936401
2025-09-25T17:56:50.000 -1333.358338475850 4358.114264577330 -5045.321217433780 -7.40269750761974 -0.01948828293179 1.94172303364912
2025-09-25T17:56:52.000 -1348.160350578320 4358.064261996290 -5041.424971923650 -7.39930834873656 -0.03051429189843 1.95452084572323
2025-09-25T17:56:54.000 -1362.955546891850 4357.992207453030 -5037.503140595440 -7.39588172144322 -0.04154023592577 1.96730884096875
2025-09-25T17:56:56.000 -1377.743852496220 4357.898101132820 -5033.555743147380 -7.39241764235413 -0.05256605960288 1.98008695481354
2025-09-25T17:56:58.000 -1392.525192504600 4357.781943331790 -5029.582799406800 -7.38891612826900 -0.06359170751676 1.99285512273117
2025-09-25T17:56:58.217 -1394.137295909740 4357.767937405220 -5029.147837863280 -7.38853187664125 -0.06479450603061 1.99424742502985
2025-09-25T18:00:58.217 -3095.410535592550 4184.542046470910 -4373.630938354210 -6.70237136187608 -1.37022173833834 3.43533837007461
2025-09-25T18:04:58.217 -4572.205343655740 3707.900060931720 -3400.084986188390 -5.52902495103695 -2.57788079603314 4.62826199234294
2025-09-25T18:08:58.217 -5716.996206837700 2962.045434751700 -2178.977734754950 -3.95236133991147 -3.59989509250514 5.48558109035901
2025-09-25T18:12:58.217 -6446.129540833430 2000.852942542180 -799.017522624337 -2.08633203803292 -4.36125748206451 5.94373723003069
2025-09-25T18:16:58.217 -6706.141859883210 894.057201702378 639.243444839970 -0.06702993567031 -4.80571482610407 5.96831941848168
2025-09-25T18:20:58.217 -6477.876005802780 -277.836146387204 2030.825113289350 1.95760482197919 -4.90036797343428 5.55710882097473
2025-09-25T18:24:58.217 -5777.969742063100 -1429.507807506150 3274.129632055700 3.83914179184107 -4.63827120037849 4.74034045955413
2025-09-25T18:28:58.217 -4657.584137793550 -2477.159027500000 4278.498529895360 5.44018846071750 -4.03891582557425 3.57829187990793
2025-09-25T18:32:58.217 -3198.488326488150 -3344.680749981100 4970.862052523060 6.64460812299809 -3.14642842213264 2.15626472537827
2025-09-25T18:36:58.217 -1506.939918985130 -3969.156284650380 5300.973925836790 7.36560244784274 -2.02587864009419 0.57796022283539
2025-09-25T18:40:58.217 294.079194633595 -4305.327957027800 5244.943476144730 7.55137370186757 -0.75849764010701 -1.04199127548604
2025-09-25T18:44:58.217 2073.734288390010 -4328.811680837550 4806.897525517710 7.18864836011453 0.56404424240912 -2.58613355935302
2025-09-25T18:48:58.217 3702.731375570670 -4037.833515050990 4018.666032677570 6.30345962148447 1.84608339640120 -3.94238250992435
2025-09-25T18:52:58.217 5062.614068008570 -3453.404319060420 2937.549793004560 4.95963479909224 2.99453063913542 -5.01187409508070
2025-09-25T18:56:58.217 6054.389404084500 -2617.889161461140 1642.245708268140 3.25463860239522 3.92562521038586 -5.71627253067740
2025-09-25T19:00:58.217 6605.853865406600 -1591.996331763620 227.170867887624 1.31290434343223 4.57127458830846 -6.00381875239499
2025-09-25T19:04:58.217 6676.989853512160 -450.347671124916 -1204.480610949640 -0.72351524036109 4.88437592040991 -5.85361965393605
2025-09-25T19:08:58.217 6262.912136127860 724.031574795119 -2548.382066934030 -2.70576798594808 4.84245134870162 -5.27717023811583
2025-09-25T19:12:58.217 5394.140478328900 1845.855113963850 -3706.777058323700 -4.48955009323289 4.44921348689754 -4.31733968729436
2025-09-25T19:16:58.217 4134.187390916820 2833.830154177920 -4595.627653913240 -5.94591658868703 3.73394969502924 -3.04478194471530
2025-09-25T19:20:58.217 2574.735163592210 3616.521505359770 -5150.633298921510 -6.97040508294500 2.74895171653440 -1.55224391748334
2025-09-25T19:24:58.217 828.887178874124 4137.407262240380 -5331.719205563360 -7.48992107321114 1.56541881286511 0.05235816740797
2025-09-25T19:28:58.217 -976.952037074714 4358.818605705880 -5125.781737037250 -7.46728863100285 0.26835907137896 1.65346339430027
2025-09-25T19:32:58.217 -2712.025342323550 4264.580162949800 -4547.588559451890 -6.90362138730415 -1.04912995508135 3.13568376584250
2025-09-25T19:36:58.217 -4250.475998610960 3861.210577086640 -3638.802728359740 -5.83849772454953 -2.29209541426644 4.39156356491974
2025-09-25T19:40:58.217 -5480.377570931590 3177.588032673800 -2465.154280502230 -4.34785225188433 -3.37026939964001 5.32924844152783
2025-09-25T19:44:58.217 -6311.937436737580 2263.028853465940 -1111.839054261630 -2.53917660350755 -4.20468390636819 5.87943401797882
2025-09-25T19:48:58.217 -6684.232536002330 1183.825687680430 322.593304196483 -0.54412056481944 -4.73377756529875 6.00092782611679
2025-09-25T19:52:58.217 -6569.886145185050 18.443801824214 1733.466496171230 1.49119692650448 -4.91838218536857 5.68427708565494
2025-09-25T19:56:58.217 -5977.196340889440 -1148.282468889680 3017.772125987420 3.41757076421932 -4.74493688303888 4.95273069658886
2025-09-25T20:00:58.217 -4949.480685450600 -2231.447643454090 4081.829789743010 5.09422022792736 -4.22636319241994 3.86022963185204
2025-09-25T20:04:58.217 -3561.775536163970 -3152.325390462760 4848.177147605870 6.39924581205758 -3.40088871685317 2.48708251102873
2025-09-25T20:08:58.217 -1915.196994735320 -3844.105331939150 5261.171049270630 7.23848592055485 -2.32888311836499 0.93362433215430
2025-09-25T20:12:58.217 -129.483243542878 -4256.654632482900 5290.908185601220 7.55172443316821 -1.08809648110380 -0.68728800370657
2025-09-25T20:16:58.217 1665.641815220250 -4360.051614755970 4935.284582895800 7.31642645254824 0.23174618859036 -2.25816892591491
2025-09-25T20:20:58.217 3339.765328716840 -4146.734039963980 4220.142516211780 6.54946154436283 1.53515373615011 -3.66500174158322
2025-09-25T20:24:58.217 4771.174223829900 -3632.076008090550 3197.454794709350 5.30606204856011 2.72759103617103 -4.80533868583923
2025-09-25T20:28:58.217 5855.688004210400 -2853.355747895990 1941.643003680270 3.67629667587361 3.72218333684749 -5.59573442052227
2025-09-25T20:32:58.217 6514.335651174860 -1867.126367087280 544.224272005483 1.77894421089724 4.44621162422015 -5.97811901798179
2025-09-25T20:36:58.217 6699.251299186270 -745.116782512491 -892.889365056680 -0.24720948671496 4.84676185005033 -5.92453137588892
2025-09-25T20:40:58.217 6397.234711963910 431.056416500459 -2264.938051709060 -2.25394417981378 4.89489854070980 -5.43935012764982
2025-09-25T20:44:58.217 5630.645571496700 1575.938990761970 -3472.067420685700 -4.09502664294722 4.58771939438014 -4.55876421927119
2025-09-25T20:48:58.217 4455.600773629760 2606.516362490680 -4426.645152462570 -5.63713171937675 3.94827747451284 -3.34772405343824
2025-09-25T20:52:58.217 2957.686876357270 3448.229413152490 -5059.570043573150 -6.76943541112706 3.02347580275819 -1.89468440892070
2025-09-25T20:56:58.217 1245.620634468310 4040.275996174810 -5325.128860591240 -7.41105827596541 1.88032409530613 -0.30489515737507
2025-09-25T21:00:58.217 -556.601880094498 4339.868859057520 -5204.140236712810 -7.51621134569126 0.60104027687969 1.30708700374153
2025-09-25T21:04:58.217 -2318.506584827590 4325.218295272520 -4705.255947549220 -7.07698469184903 -0.72258710233185 2.82516724627402
2025-09-25T21:08:58.217 -3912.359584064020 3997.108158954960 -3864.395967908270 -6.12405986216449 -1.99529994128531 4.13951277559024
2025-09-25T21:12:58.217 -5222.283622181490 3378.953680513320 -2742.319521597750 -4.72510425797748 -3.12484340879310 5.15419289293106
2025-09-25T21:16:58.217 -6152.711318884310 2515.288277794870 -1420.419979498910 -2.98080080366276 -4.02861649221703 5.79432882825409
2025-09-25T21:20:58.217 -6635.536271925430 1468.659462401170 5.092218683075 -1.01791727510892 -4.64008212751933 6.01218302721441
2025-09-25T21:24:58.217 -6635.294513072030 315.121523591527 1430.227014130700 1.01997742552963 -4.91398372819864 5.79113185015466
2025-09-25T21:28:58.217 -6151.918554885800 -861.358115206010 2750.927132005060 2.98342494361510 -4.83009713524210 5.14728181963610
2025-09-25T21:32:58.217 -5220.744460998650 -1975.141890975160 3870.826207028490 4.72876150365470 -4.39479004624429 4.12815599293946
2025-09-25T21:36:58.217 -3909.789131065230 -2945.256522617910 4708.360732600700 6.12900849723862 -3.64024232678497 2.80873147793354
2025-09-25T21:40:58.217 -2314.618420828620 -3701.286058693950 5202.675077838000 7.08288831670113 -2.62167954365674 1.28551385395300
2025-09-25T21:44:58.217 -551.292939406651 -4188.432594995150 5317.956887244140 7.52188699596526 -1.41318068239979 -0.33062803103121
2025-09-25T21:48:58.217 1252.078943461660 -4371.386821515490 5045.914439635580 7.41458955557162 -0.10210903257223 -1.92256647848044
2025-09-25T21:52:58.217 2964.508677653180 -4236.819215524520 4406.321008769840 6.76858114387729 1.21675724083725 -3.37488270928111
2025-09-25T21:56:58.217 4461.518484436570 -3794.387230321160 3445.644294241350 5.63029570982718 2.44778124934294 -4.58187300112950
2025-09-25T22:00:58.217 5634.175889425740 -3076.113156313510 2233.770937775590 4.08210433980536 3.50136288353458 -5.45530740685590
2025-09-25T22:04:58.217 6397.090623131790 -2134.136118629330 858.989604068446 2.23668833780463 4.30052614168504 -5.93106213963235
2025-09-25T22:08:58.217 6694.768922699580 -1036.951748527610 -578.445158213778 0.22896335548339 4.78682850509636 -5.97423211528102
2025-09-25T22:12:58.217 6505.759797789160 135.619294845471 -1973.725742622020 -1.79414785805210 4.92496795143548 -5.58202673042183
2025-09-25T22:16:58.217 5844.185646997350 1298.348118628160 -3225.257767730400 -3.68502008971079 4.70542917054739 -4.78381294055874
2025-09-25T22:20:58.217 4758.555473263770 2366.882699646930 -4242.130440288350 -5.30652173823587 4.14493006848469 -3.63860971965768
2025-09-25T22:24:58.217 3328.018773257070 3263.880104641390 -4950.685217687430 -6.54193592444803 3.28471907320000 -2.23021244101296
2025-09-25T22:28:58.217 1656.472742169620 3924.523685530500 -5299.721434667610 -7.30290619701250 2.18725998690007 -0.66079947826210
2025-09-25T22:32:58.217 -134.974784035749 4301.077892481950 -5264.035638033670 -7.53511661172716 0.93158300624173 0.95642290818634
2025-09-25T22:36:58.217 -1916.630976840580 4366.222609452820 -4846.143052613880 -7.22171844517456 -0.39218715189917 2.50499234163362
2025-09-25T22:40:58.217 -3559.389116255430 4114.997654946890 -4076.113501509650 -6.38445001978391 -1.68888136912119 3.87304814242944
2025-09-25T22:44:58.217 -4943.905900593540 3565.251517590950 -3009.541293020030 -5.08257240089034 -2.86469263291329 4.96098863189507
2025-09-25T22:48:58.217 -5969.251102623430 2756.517072176760 -1723.725520082540 -3.40947573574986 -3.83383886623465 5.68871518397306
2025-09-25T22:52:58.217 -6560.414151538200 1747.302304434100 -312.193808697150 -1.48653012166147 -4.52500080294407 6.00202986001271
2025-09-25T22:56:58.217 -6674.019257841950 610.907049149600 1122.117242086830 0.54570676464233 -4.88709858759048 5.87729185545089
2025-09-25T23:00:58.217 -6301.657411179840 -569.969386032905 2474.488798649250 2.53826643443274 -4.89338919490149 5.32340987720812
2025-09-25T23:04:58.217 -5470.538770695900 -1709.357374029230 3646.212555891390 4.34521315135707 -4.54353639255185 4.38122703229851
2025-09-25T23:08:58.217 -4241.404262788840 -2724.386739877300 4551.908358510410 5.83484851284297 -3.86348699125425 3.12019454124386
2025-09-25T23:12:58.217 -2703.905194747940 -3541.354828668980 5125.744532326370 6.89936188625053 -2.90315372603238 1.63267725641037
2025-09-25T23:16:58.217 -969.947202137449 -4101.030779643570 5326.116299832990 7.46213920227578 -1.73244984794881 0.02697631137206
2025-09-25T23:20:58.217 834.454245057239 -4362.860351827100 5138.561442805720 7.48287874128103 -0.43615923940872 -1.58037694767001
2025-09-25T23:24:58.217 2578.248870057410 -4307.823627890160 4576.742977028740 6.96010748323347 0.89208623810860 -3.07289770859013
2025-09-25T23:28:58.217 4134.725711229440 -3939.807647515020 3681.475960039820 5.93131853829707 2.15611510509276 -4.34212997378487
2025-09-25T23:32:58.217 5390.655708588250 -3285.410949853760 2517.860290215270 4.47078567177970 3.26398213384604 -5.29538537207427
2025-09-25T23:36:58.217 6254.592410858250 -2392.106798757350 1170.638890222270 2.68469378994798 4.13479160844428 -5.86273692225696
2025-09-25T23:40:58.217 6663.662471152450 -1324.830332139050 -261.961774245291 0.70351305272101 4.70485538756262 -6.00250980324697
2025-09-25T23:44:58.217 6588.262523010650 -161.225038218747 -1675.473059818670 -1.32775543228763 4.93266447946141 -5.70471665172915
2025-09-25T23:48:58.217 6034.222571335700 1014.107322534020 -2966.933673625370 -3.26075833427680 4.80209273666008 -4.99179198145273
2025-09-25T23:52:58.217 5042.241958600170 2115.858816671530 -4042.478226891470 -4.95508649198903 4.32335952800105 -3.91655693516898
2025-09-25T23:56:58.217 3684.719328162090 3064.239898440530 -4824.152800242740 -6.28858554111538 3.53187293546298 -2.55788093905291
2025-09-26T00:00:58.217 2060.314082108930 3790.697811926970 -5255.447431832660 -7.16577315001962 2.48523683832649 -1.01446380459776
2025-09-26T00:04:58.217 286.761780623518 4242.745438860430 -5305.216870985010 -7.52402432250718 1.25891765005806 0.60227055624050
2025-09-26T00:08:58.217 -1507.533669510730 4387.629410524000 -4969.815004037560 -7.33752324739154 -0.05904000810366 2.17588332462041
2025-09-26T00:12:58.217 -3192.586898399170 4214.651073671980 -4273.359390789700 -6.61901844157127 -1.37392747721348 3.59277354457151
2025-09-26T00:16:58.217 -4646.067937038410 3736.004060713740 -3266.103119073890 -5.41925889690263 -2.59078306691503 4.75002277196309
2025-09-26T00:20:58.217 -5762.112525289710 2986.037171230610 -2020.979410605640 -3.82401544030921 -3.62104324794501 5.56270735303082
2025-09-26T00:24:58.217 -6459.130703325240 2018.937067372850 -628.480608820554 -1.94868990049032 -4.38901833070229 5.97042943337793
2025-09-26T00:28:58.217 -6686.002278234300 904.895591608347 809.884716133565 0.06978347884474 -4.83794847634995 5.94247423266144
2025-09-26T00:32:58.217 -6426.022690026050 -275.030381399585 2189.104834062170 2.08342131309149 -4.93466234172490 5.48057905058196
2025-09-26T00:36:58.217 -5698.183309165650 -1434.934173265830 3408.491810058010 3.94466887939459 -4.67216722132968 4.61879238631358
2025-09-26T00:40:58.217 -4555.695992252060 -2490.430052610580 4379.152768249930 5.51772169787079 -4.06999790203915 3.42067093456512
2025-09-26T00:44:58.217 -3081.935723284350 -3364.843754528280 5030.491777592400 6.68853533452582 -3.17242381075031 1.97411358869762
2025-09-26T00:48:58.217 -1384.221613928150 -3994.755046864900 5315.264444261500 7.37275574502413 -2.04491538153668 0.38460021777430
2025-09-26T00:52:58.217 414.032161995039 -4334.520470450690 5212.886440462640 7.52132961891721 -0.76922522978315 -1.23251516569814
2025-09-26T00:56:58.217 2182.208994989200 -4359.493843336010 4730.844183139270 7.12362580464778 0.56244138744789 -2.76000676860724
2025-09-26T01:00:58.217 3791.853264270990 -4067.782859628870 3904.164200576040 6.20819085046716 1.85376113538562 -4.08695484361246
2025-09-26T01:04:58.217 5125.914438252600 -3480.443810436650 2792.947637863430 4.84104459312934 3.01095349511194 -5.11659285073170
2025-09-26T01:08:58.217 6087.284352762520 -2640.050018800900 1478.093024589240 3.12140565601150 3.94961166552464 -5.77347590833182
2025-09-26T01:12:58.217 6605.983042794410 -1607.661982484720 55.442825188128 1.17475873622090 4.60108377913668 -6.00935882621253
2025-09-26T01:16:58.217 6644.386843363400 -458.374807284868 -1371.260251065580 -0.85645347466020 4.91783265628629 -5.80710278267540
2025-09-26T01:20:58.217 6200.013269280640 724.233061492711 -2698.062213700190 -2.82375034808618 4.87715911707390 -5.18208715053840
2025-09-26T01:24:58.217 5305.588970967660 1854.289838879520 -3828.483061799700 -4.58405328489422 4.48270544735929 -4.18074720283054
2025-09-26T01:28:58.217 4026.465905351590 2849.915991530000 -4680.545327180230 -6.01022030384234 3.76383193930917 -2.87667689658769
2025-09-26T01:32:58.217 2455.677322693530 3639.122845272170 -5192.624053072560 -7.00002172002705 2.77301878561649 -1.36478857736597
2025-09-26T01:36:58.217 707.114590781266 4164.895096042460 -5327.738610574410 -7.48279102393778 1.58179995440917 0.24568744589115
2025-09-26T01:40:58.217 -1092.624840579330 4389.176151163060 -5076.089512354430 -7.42387720768328 0.27572103888551 1.83876040737490
2025-09-26T01:44:58.217 -2813.199624437780 4295.549909287800 -4455.741621304540 -6.82691936676843 -1.05143178525460 3.29953088269913
2025-09-26T01:48:58.217 -4329.766535585370 3890.475237283280 -3511.422350940620 -5.73392839137118 -2.30391457468407 4.52201209511254
2025-09-26T01:52:58.217 -5531.958951210420 3202.952439791180 -2311.457706034440 -4.22289875585510 -3.39075632013644 5.41674526870522
2025-09-26T01:56:58.217 -6331.970148320250 2282.581909202180 -942.982229691667 -2.40281799202747 -4.23231408580953 5.91747102481912
2025-09-26T02:00:58.217 -6671.158179163320 1196.097254785480 494.312068224636 -0.40627931930332 -4.76643997751041 5.98656892096547
2025-09-26T02:04:58.217 -6524.568763568650 22.518200574767 1895.506115722720 1.62038380331077 -4.95359641378688 5.61846295751745
2025-09-26T02:08:58.217 -5902.878170577950 -1152.701197483910 3158.283530267430 3.52854960991367 -4.78005663948977 4.84024589762064
2025-09-26T02:12:58.217 -4851.553821111820 -2244.026671715720 4190.542332310810 5.17876966331301 -4.25884370813504 3.70936573057462
2025-09-26T02:16:58.217 -3447.364358095240 -3172.148625939480 4917.161395931420 6.45123795575179 -3.42840644057762 2.30890681888037
2025-09-26T02:20:58.217 -1792.614558799160 -3869.728437376610 5285.398547480640 7.25416551842121 -2.34939381735361 0.74110311175188
2025-09-26T02:24:58.217 -7.642816305188 -4286.204011365260 5268.608381274660 7.52989733394862 -1.10011667891317 -0.88011237633537
2025-09-26T02:28:58.217 1777.879040851800 -4391.377580216820 4868.083759089620 7.25872439848703 0.22905368727621 -2.43724029940046
2025-09-26T02:32:58.217 3434.243684465790 -4177.558841009490 4112.932487635140 6.46007520823719 1.54199208898294 -3.81729226129134
2025-09-26T02:36:58.217 4841.029268041340 -3660.160554887760 3058.045520664230 5.19150603162915 2.74344451396571 -4.91972885490536
2025-09-26T02:40:58.217 5895.852745676850 -2876.668094460890 1780.197560712240 3.54496124958423 3.74584762016848 -5.66385403483887
2025-09-26T02:44:58.217 6521.924395769910 -1883.991552198610 372.514415107808 1.64048543200218 4.47594614011736 -5.99501620147644
2025-09-26T02:48:58.217 6673.774423490570 -754.328550412935 -1062.348768912910 -0.38259332720695 4.88042659371825 -5.88900915101043
2025-09-26T02:52:58.217 6340.635390190230 430.158348183038 -2419.812127640180 -2.37631639838169 4.93010404188208 -5.35409244681415
2025-09-26T02:56:58.217 5547.144173605470 1583.429104754630 -3601.113511673850 -4.19548248794486 4.62200959091054 -4.43012989386963
2025-09-26T03:00:58.217 4351.355237771190 2621.886338106440 -4520.534610237100 -5.70852606101210 3.97926211598024 -3.18518330785690
2025-09-26T03:04:58.217 2840.314748722190 3470.412572311760 -5111.543211497310 -6.80679768947489 3.04891767926513 -1.71004408339324
2025-09-26T03:08:58.217 1123.643397351950 4067.704473393550 -5331.456204324770 -7.41186054931290 1.89830526519784 -0.11143985814824
2025-09-26T03:12:58.217 -674.356785190507 4370.564626422130 -5164.365767011390 -7.48042510743155 0.61009069671856 1.49550021794741
2025-09-26T03:16:58.217 -2423.503460324750 4356.925882162190 -4622.233187481270 -7.00707076424853 -0.72327929531435 2.99496643153345
2025-09-26T03:20:58.217 -3996.946723764830 4027.469775374700 -3744.109148898360 -6.02489992067403 -2.00575760376498 4.27833714754640
2025-09-26T03:24:58.217 -5280.252861490830 3405.703296898560 -2593.480568503120 -4.60379253806951 -3.14430132800163 5.25182983678854
2025-09-26T03:28:58.217 -6179.773067256290 2536.423400620710 -1253.844511962890 -2.84611114143508 -4.05566010152786 5.84358134072166
2025-09-26T03:32:58.217 -6629.633996604430 1482.588619054320 177.275341255145 -0.87957931069493 -4.67270915127558 6.00934454560239
2025-09-26T03:36:58.217 -6596.767857595580 320.792665396792 1595.444999495750 1.15183141784789 -4.94974187613478 5.73627079872160
2025-09-26T03:40:58.217 -6083.503961784220 -864.378234258960 2897.095118922220 3.09909881684933 -4.86631341702336 5.04436796759440
2025-09-26T03:44:58.217 -5127.374127794170 -1986.638676058260 3987.249292258320 4.81977427957231 -4.42876682608594 3.98471311272648
2025-09-26T03:48:58.217 -3798.227669400890 -2964.382234702420 4786.518545871770 6.18865102894930 -3.66945499285089 2.63526658539046
2025-09-26T03:52:58.217 -2192.965209352300 -3726.635843750160 5236.853569386750 7.10684028959782 -2.64401463359179 1.09472160686386
2025-09-26T03:56:58.217 -428.374061896378 -4218.144301110620 5305.643426163980 7.50840295889986 -1.42696356688706 -0.52491024932811
2025-09-26T04:00:58.217 1367.328848052350 -4403.273237461140 4987.973410254960 7.36454347695491 -0.10635300245006 -2.10617413574633
2025-09-26T04:04:58.217 3063.698611383310 -4268.548821538020 4306.954452043810 6.68561997249661 1.22229630598405 -3.53436719140840
2025-09-26T04:08:58.217 4537.433571805430 -3823.647005730170 3312.084853429170 5.52048418724475 2.46269402595474 -4.70557867799001
2025-09-26T04:12:58.217 5681.300914926480 -3100.774928901030 2075.752072465330 3.95347462747942 3.52452717374234 -5.53417741079108
2025-09-26T04:16:58.217 6412.023442847410 -2152.414849579900 688.037234904468 2.09871449238149 4.33022610171333 -5.95930848819772
2025-09-26T04:20:58.217 6676.484879897140 -1047.530187927310 -749.860356190027 0.09184228758897 4.82091412180101 -5.94983116675591
2025-09-26T04:24:58.217 6455.682825313510 133.507473152898 -2133.116487065040 -1.92034404847283 4.96101786623952 -5.50686010963863
2025-09-26T04:28:58.217 5766.064800260330 1304.867108714750 -3361.044268154760 -3.79109462170504 4.74087446644941 -4.66351018988871
2025-09-26T04:32:58.217 4658.174956847770 2381.585102515550 -4344.490777761290 -5.38483052243478 4.17727994025442 -3.48208580703500
2025-09-26T04:36:58.217 3212.748057641770 3285.747477615120 -5012.259973454920 -6.58700435376711 3.31171913340357 -2.04892375262409
2025-09-26T04:40:58.217 1534.702994668740 3952.025687115720 -5316.110245497420 -7.31169752364702 2.20691442384890 -0.46780765431976
2025-09-26T04:44:58.217 -254.423520229442 4332.254618055410 -5234.083374153880 -7.50710885369058 0.94233896412979 1.14728694894305
2025-09-26T04:48:58.217 -2025.114707025440 4398.810271719630 -4772.013704677860 -7.15888080949717 -0.39128548273631 2.68004797202702
2025-09-26T04:52:58.217 -3649.024061430990 4146.591349355470 -3963.150544459050 -6.29113274656052 -1.69802784053438 4.01962043510104
2025-09-26T04:56:58.217 -5008.128365310350 3593.500609527700 -2865.921868069940 -4.96539079385911 -2.88324607176250 5.06830554410805
2025-09-26T05:00:58.217 -6003.316287301230 2779.318729108480 -1559.888894603780 -3.27688669322139 -3.86038639951167 5.74881922307649
2025-09-26T05:04:58.217 -6561.774513832540 1762.966796517830 -140.082667703374 -1.34825347519020 -4.55756850830656 6.01044727919468
2025-09-26T05:08:58.217 -6642.522415186000 618.266241181494 1289.940172187740 0.67956098451337 -4.92331151958902 5.83334880100879
2025-09-26T05:12:58.217 -6239.555884878900 -571.470649503366 2625.762437854050 2.65787596515092 -4.93055466318355 5.23029006659817
2025-09-26T05:16:58.217 -5382.333815000600 -1719.619962619390 3769.887177950310 4.44180095937806 -4.57894119931955 4.24577106551726
2025-09-26T05:20:58.217 -4133.501769103080 -2742.676690914930 4638.955662134670 5.90140808505613 -3.89456428190934 2.95228629261586
2025-09-26T05:24:58.217 -2584.141254271070 -3566.349768340920 5169.804795537780 6.93103987988515 -2.92760393081483 1.44455962100824
2025-09-26T05:28:58.217 -847.022272945581 -4130.911713740590 5323.970636439790 7.45664760875285 -1.74846315758800 -0.16759858062129
2025-09-26T05:32:58.217 951.614702579379 -4395.445463881120 5090.358661971260 7.44061512855880 -0.44253737384608 -1.76727339680042
2025-09-26T05:36:58.217 2681.126871260990 -4340.731415048760 4485.979459743060 6.88406903570357 0.89577597121552 -3.23849938496824
2025-09-26T05:40:58.217 4215.831666461720 -3970.650833725630 3554.756228215480 5.82704110279718 2.16951339972556 -4.47431915613922
2025-09-26T05:44:58.217 5444.096388251970 -3311.968491933340 2364.422771313200 4.34594336122449 3.28607762003128 -5.38447287848265
2025-09-26T05:48:58.217 6276.513758881810 -2412.474311904350 1001.680867431140 2.54850439435287 4.16396528532622 -5.90219877125416
2025-09-26T05:52:58.217 6652.538085734920 -1337.553599872040 -434.114244910551 0.56602683258067 4.73899924684637 -5.98951859537108
2025-09-26T05:56:58.217 6545.002691311350 -165.398812581428 -1838.280873963040 -1.45641598836561 4.96934432671674 -5.64033721246688
2025-09-26T06:00:58.217 5962.094426181570 1018.784230242470 -3108.572724213190 -3.37120093166742 4.83873762522680 -4.88087200543738
2025-09-26T06:04:58.217 4946.605822343260 2129.070450969410 -4152.704621998990 -5.03937847616476 4.35742052153871 -3.76732234168315
2025-09-26T06:08:58.217 3572.607117369930 3085.071688166010 -4895.032981722940 -6.34078450944744 3.56093077150627 -2.38123750271038
2025-09-26T06:12:58.217 1939.909002995220 3817.689772914060 -5281.914590188440 -7.18230253487002 2.50719635303357 -0.82323935915845
2025-09-26T06:16:58.217 166.797745987068 4273.983491784070 -5285.408495916220 -7.50385737807063 1.27210811777986 0.79435935307566
2025-09-26T06:20:58.217 -1618.377065598760 4420.863748776940 -4905.182638539490 -7.28213796350031 -0.05572254155620 2.35507840623452
2025-09-26T06:24:58.217 -3286.276668122850 4247.449404782730 -4168.569949432720 -6.53228831042733 -1.38087917103666 3.74618965386226
2025-09-26T06:28:58.217 -4715.766027716900 3765.936185666870 -3128.729989795000 -5.30724344868657 -2.60756971630073 4.86645160559940
2025-09-26T06:32:58.217 -5802.680757268230 3010.879744784180 -1860.998843216220 -3.69476274183993 -3.64639851428331 5.63349386856192
2025-09-26T06:36:58.217 -6467.545983930260 2036.852567439680 -457.553721968999 -1.81165308784223 -4.42102506740584 5.99029079772281
2025-09-26T06:40:58.217 -6661.599967605980 914.567042682882 979.280710700425 0.20453947011029 -4.87421332359156 5.90993282661664
2025-09-26T06:44:58.217 -6370.548792167400 -274.308992568661 2344.604308946370 2.20600644366973 -4.97252710757397 5.39803203777377
2025-09-26T06:48:58.217 -5615.657044554770 -1443.216224126460 3538.749264988280 4.04614243636005 -4.70887061228199 4.49227754687785
2025-09-26T06:52:58.217 -4452.112604062580 -2507.112962019460 4474.663682420920 5.59064114830169 -4.10288696235351 3.25941659319523
2025-09-26T06:56:58.217 -2964.829966995020 -3388.725831500810 5084.293571937600 6.72762952723253 -3.19916593932060 1.78991212197205
2025-09-26T07:00:58.217 -1262.096549774660 -4024.115025944220 5323.429702080650 7.37523216601726 -2.06353051961941 0.19081519651617
2025-09-26T07:04:58.217 532.310491375696 -4367.223179936740 5174.804085372690 7.48698765841437 -0.77828585671294 -1.42176526944130
2025-09-26T07:08:58.217 2288.048858185120 -4393.148382206000 4649.275415787210 7.05493897161859 0.56362089904505 -2.93092979106453
2025-09-26T07:12:58.217 3877.558662756690 -4099.928884272220 3785.038271906850 6.11011094596602 1.86506592028951 -4.22709416502256
2025-09-26T07:16:58.217 5185.246833766860 -3508.742695977150 2644.933256803480 4.72069298337090 3.03150280862159 -5.21570833246044
2025-09-26T07:20:58.217 6115.929162054350 -2662.457795058250 1311.976407853450 2.98760985131421 3.97784648075791 -5.82428403176208
2025-09-26T07:24:58.217 6601.885574386250 -1622.575489578270 -116.661703008639 1.03739660225607 4.63491920212207 -6.00814983027444
2025-09-26T07:28:58.217 6607.911063501580 -464.735095525265 -1536.810236132270 -0.98724880896079 4.95485232066642 -5.75404474989577
2025-09-26T07:32:58.217 6133.899777572720 726.879115595989 -2845.018496222180 -2.93842734582319 4.91474613827200 -5.08116560173240
2025-09-26T07:36:58.217 5214.733831411470 1865.759844120180 -3946.190581166480 -4.67431924393718 4.51821946456020 -4.03943795237701
2025-09-26T07:40:58.217 3917.536110446000 2869.407010575010 -4760.502185019170 -6.06969162173197 3.79475635028650 -2.70531654459512
2025-09-26T07:44:58.217 2336.607188724770 3665.255626134810 -5229.072187328160 -7.02456267471036 2.79709492439911 -1.17576982638301
2025-09-26T07:48:58.217 586.539400109459 4195.795171496040 -5318.059903945190 -7.47073124974346 1.59719273487696 0.43873612931843
2025-09-26T07:52:58.217 -1205.978986983030 4422.598248894360 -5020.984580793730 -7.37611908755568 0.28119647832123 2.02198653097503
2025-09-26T07:56:58.217 -2911.118651986510 4329.035664307280 -4359.170935010720 -6.74680566792330 -1.05639915327438 3.45975499434851
2025-09-26T08:00:58.217 -4405.116360903550 3921.533862514810 -3380.342426115040 -5.62706850298470 -2.31906202926507 4.64760006288102
2025-09-26T08:04:58.217 -5579.188835698840 3229.257873279970 -2155.351385240010 -4.09683596586287 -3.41495356322982 5.49839346132024
2025-09-26T08:08:58.217 -6347.547519200530 2302.178692444330 -773.206522020585 -2.26674333305879 -4.26366319955003 5.94901105633812
2025-09-26T08:12:58.217 -6653.878349818560 1207.544823939020 665.366807163262 -0.27024649381159 -4.80257246382319 5.96562225140135
2025-09-26T08:16:58.217 -6475.653376474880 24.984807435603 2055.351976381880 1.74635078602699 -4.99184452609283 5.54657184018037
2025-09-26T08:20:58.217 -5825.879756822750 -1159.391214761570 3295.255174911860 3.63517560531158 -4.81765199242508 4.72270052222038
2025-09-26T08:24:58.217 -4752.081950108020 -2259.387595909340 4294.655999628630 5.25827096966714 -4.29307326787132 3.55477660430846
2025-09-26T08:28:58.217 -3332.671392549450 -3195.071787128320 4980.839910863080 6.49781007861245 -3.45681890963779 2.12861519767159
2025-09-26T08:32:58.217 -1671.053240222730 -3898.565642216450 5304.028337549400 7.26449868190407 -2.36997370003447 0.54828028732599
2025-09-26T08:36:58.217 111.958253739113 -4318.884112934510 5240.850173513500 7.50333023958008 -1.11135053831673 -1.07151376814964
2025-09-26T08:40:58.217 1886.838158233400 -4425.535955845550 4795.956219231040 7.19714051239328 0.22804906752434 -2.61331253155797
2025-09-26T08:44:58.217 3524.643994338520 -4210.715933092870 4001.691480899440 6.36794835203854 1.55129134054934 -3.96517343173096
2025-09-26T08:48:58.217 4906.304780539520 -3689.909638954850 2915.800655183640 5.07554310133304 2.76237163975142 -5.02862704030145
2025-09-26T08:52:58.217 5931.270104624830 -2900.849448872590 1617.325795827860 3.41363508309399 3.77303167250511 -5.72578587015981
2025-09-26T08:56:58.217 6524.937416222270 -1900.853819127740 200.905810483333 1.50344652974127 4.50937869106976 -6.00545046616016
2025-09-26T09:00:58.217 6644.221311485650 -762.657038143155 -1230.173449331300 -0.51526582245539 4.91767740846689 -5.84724984246078
2025-09-26T09:04:58.217 6280.745188665710 430.962111605498 -2571.631146184660 -2.49490711750326 4.96849994449807 -5.26331383705501
2025-09-26T09:08:58.217 5461.354444512230 1593.312606883290 -3725.906167675560 -4.29142259002298 4.65882546491746 -4.29708180013881
2025-09-26T09:12:58.217 4245.962395559490 2640.151143029990 -4609.272372289160 -5.77497676135329 4.01187224182226 -3.01961301720183
2025-09-26T09:16:58.217 2723.000350043960 3495.760806478040 -5157.824307991010 -6.83911984336937 3.07497292677555 -1.52394854478750
2025-09-26T09:20:58.217 1002.912991115480 4098.317680947230 -5331.940315168140 -7.40784227109104 1.91583633059796 0.08180651889042
2025-09-26T09:24:58.217 -789.764244418485 4404.215048797280 -5119.003327454960 -7.44034535655955 0.61769724594725 1.68199381849941
2025-09-26T09:28:58.217 -2525.223299676120 4391.137439113780 -4534.279220910940 -6.93376236432164 -0.72625829517839 3.16125527715533
2025-09-26T09:32:58.217 -4077.577810409600 4059.699427219190 -3619.893922761880 -5.92350619798511 -2.01920222035314 4.41237282088707
2025-09-26T09:36:58.217 -5333.880532994950 3433.538733394380 -2441.978697667250 -4.48150249918511 -3.16724804393732 5.34377000837710
2025-09-26T09:40:58.217 -6202.408291496740 2557.779733119710 -1086.051475431690 -2.71170685474589 -4.08634815652260 5.88652875488158
2025-09-26T09:44:58.217 -6619.543194915260 1495.887730000520 349.126091089614 -0.74297101417493 -4.70872761423922 5.99999761169789
2025-09-26T09:48:58.217 -6554.643108777820 325.075969496374 1758.808355273360 1.28051613503019 -4.98839465764876 5.67532738500453
2025-09-26T09:52:58.217 -6012.406452524590 -869.408318846833 3040.052712659760 3.21036005561593 -4.90480437669305 4.93631278118705
2025-09-26T09:56:58.217 -5032.500525833720 -2000.609076469880 4099.384892661830 4.90542805212492 -4.46433318883088 3.83751083798344
2025-09-26T10:00:58.217 -3686.517498478590 -2986.284347803910 4859.685604337500 6.24245223101256 -3.69959700700863 2.45973294411517
2025-09-26T10:04:58.217 -2072.573842539020 -3754.903018185440 5265.763104801100 7.12495737488419 -2.66659420847812 0.90370002094584
2025-09-26T10:08:58.217 -308.065637034814 -4250.753955238030 5288.235352548510 7.48961680584770 -1.44035590830946 -0.71751307663170
2025-09-26T10:12:58.217 1478.822321782100 -4437.888669959480 4925.550290947060 7.31032450431581 -0.10955587621577 -2.28643016602002
2025-09-26T10:16:58.217 3158.291690814220 -4302.671193151030 4204.069737568430 6.59984572492726 1.22958048883308 -3.68922708167562
2025-09-26T10:20:58.217 4608.254944905520 -3854.811506175140 3176.236679761450 5.40937433195708 2.47990569710959 -4.82372923022293
2025-09-26T10:24:58.217 5723.213086139680 -3126.736367940220 1916.849076295820 3.82515663890129 3.55041038602284 -5.60696860936728
2025-09-26T10:28:58.217 6422.007065876860 -2171.307614195900 517.675295675029 1.96260293932911 4.36288575692806 -5.98142925734225
2025-09-26T10:30:00.000 6527.602442526380 -1896.717598255760 147.173007772825 1.45435568892853 4.52254445155175 -6.00760525092782
2025-09-26T10:34:00.000 6635.155653553150 -755.551224889839 -1282.460609782590 -0.56333427084500 4.92910804818999 -5.83312804094437
2025-09-26T10:38:00.000 6260.617584532320 440.518143354110 -2618.668666899500 -2.53845634000401 4.97736473201121 -5.23395807012306
2025-09-26T10:42:00.000 5431.639701595100 1604.622883506880 -3764.275797819030 -4.32727944501486 4.66449366662960 -4.25465172707698
2025-09-26T10:46:00.000 4208.830724587020 2652.396883480810 -4636.192906438220 -5.80055678485768 4.01395587328877 -2.96721781886063
2025-09-26T10:50:00.000 2681.152264156730 3508.059771247590 -5171.349434625280 -6.85261151524588 3.07332667215812 -1.46539215067211
2025-09-26T10:54:00.000 959.382253831763 4109.781425520190 -5331.093015833330 -7.40829134498638 1.91056455293266 0.14229382585641
2025-09-26T10:58:00.000 -831.828061546472 4414.012800484930 -5103.841740199220 -7.42774385047252 0.60916004948299 1.74008196423647
2025-09-26T11:02:00.000 -2562.771364467800 4398.549738671810 -4505.885263686000 -6.90894799720819 -0.73747636775692 3.21275725054661
2025-09-26T11:06:00.000 -4107.873854448500 4064.178650705190 -3580.315377458890 -5.88825567297574 -2.03228344629007 4.45350382761144
2025-09-26T11:10:00.000 -5354.710338136220 3434.745799942160 -2394.084391435670 -4.43834459194519 -3.18126445248105 5.37150487394768
2025-09-26T11:14:00.000 -6212.240483892500 2555.613807452200 -1033.324548161470 -2.66377564682697 -4.10026926196736 5.89881650148956
2025-09-26T11:18:00.000 -6617.644832983990 1490.494234158400 402.844067829258 -0.69374806874488 -4.72153846992288 5.99590900977447
2025-09-26T11:22:00.000 -6541.137497876090 316.838097733905 1809.593656597290 1.32741843056331 -4.99913399759657 5.65512399450116
2025-09-26T11:26:00.000 -5988.272572373940 -879.893005929711 3084.193486380260 3.25148172303381 -4.91267437345249 4.90148669163646
2025-09-26T11:30:00.000 -4999.498497289080 -2012.580279248260 4133.659554372120 4.93775779789183 -4.46877986016637 3.79062907316696
2025-09-26T11:34:00.000 -3647.047673467780 -2998.876178251860 4881.596200544480 6.26368815758675 -3.70028462169431 2.40419892028319
2025-09-26T11:38:00.000 -2029.504696163460 -3767.198653121160 5273.706390965000 7.13353398025814 -2.66345071282962 0.84355536097839
2025-09-26T11:42:00.000 -264.529980353260 -4261.854219024730 5281.627860280130 7.48490130098223 -1.43359742429912 -0.77788325443044
2025-09-26T11:46:00.000 1519.654232736300 -4446.979914133800 4904.870898816800 7.29265428961535 -0.09967989485442 -2.34260021175280
2025-09-26T11:50:00.000 3193.454684761610 -4309.086558154080 4170.826713278420 6.57056503278270 1.24188235979381 -3.73712643471577
2025-09-26T11:54:00.000 4635.196654832470 -3858.064920528850 3132.841943031820 5.37054805106056 2.49379296225663 -4.85990654567708
2025-09-26T11:58:00.000 5739.961611121930 -3126.570030180430 1866.454878074150 3.77955723799208 3.56483636716094 -5.62875626587414
2025-09-26T12:02:00.000 6427.329298926020 -2167.724156083370 463.951410234745 1.91356660022361 4.37675842888687 -5.98721944735561
2025-09-26T12:06:00.000 6647.363321696380 -1051.262806064590 -972.396115210895 -0.09095932779473 4.87026512756264 -5.90909645961016
2025-09-26T12:10:00.000 6384.317339386370 141.602495794184 -2337.895843395600 -2.08741692982017 5.00964183089697 -5.40055129131698
2025-09-26T12:14:00.000 5657.721435790860 1324.198822009570 -3533.183020957970 -3.93030894452089 4.78533469261340 -4.49949448426035
2025-09-26T12:18:00.000 4520.785607667310 2410.767267688600 -4471.505761148380 -5.48622554210352 4.21441285771088 -3.27236783528537
2025-09-26T12:22:00.000 3056.310411026350 3322.685439552680 -5084.952698158340 -6.64340435044353 3.33881649495329 -1.80870500353817
2025-09-26T12:26:00.000 1370.557984723230 3994.051595425600 -5329.210953947890 -7.31915472982655 2.22194025515397 -0.21442417226079
2025-09-26T12:30:00.000 -414.399025133558 4376.305347591730 -5186.611108003560 -7.46510428055620 0.94405551971692 1.39563159451930
2025-09-26T12:34:00.000 -2169.330621218270 4441.637679102110 -4667.344260210170 -7.07032167603901 -0.40315826362294 2.90545409864403
2025-09-26T12:38:00.000 -3766.987642582700 4185.004197906350 -3808.795166400130 -6.16221242128126 -1.72272616152291 4.20572933352362
2025-09-26T12:42:00.000 -5091.194203575860 3624.616725788860 -2673.016388278110 -4.80524040294155 -2.91897362918573 5.20144763760156
2025-09-26T12:46:00.000 -6045.335880186510 2800.795973016260 -1342.421158945830 -3.09706724877099 -3.90448262187037 5.81907746767349
2025-09-26T12:50:00.000 -6559.574806343010 1773.182286200510 86.119974409243 -1.16183943682048 -4.60671974611898 6.01250050208973
2025-09-26T12:54:00.000 -6596.164925728700 616.451392400411 1508.368961610840 0.85883543048070 -4.97378091535684 5.76690124737091
2025-09-26T12:58:00.000 -6152.368274327010 -585.181572030194 2820.460451967400 2.81674232308951 -4.97861189698054 5.10020270385848
2025-09-26T13:02:00.000 -5260.656635703060 -1744.221700690250 3926.642797464260 4.56858102180072 -4.62108421326877 4.06162382044949
2025-09-26T13:06:00.000 -3986.204762996820 -2776.372116307780 4746.348417078380 5.98682275045820 -3.92775220360404 2.72761084584045
2025-09-26T13:10:00.000 -2421.958606485040 -3606.693492997840 5220.032506046300 6.96892727026787 -2.94948834639746 1.19577243848384
2025-09-26T13:14:00.000 -681.753920124079 -4174.984919469000 5313.396680411130 7.44432967841666 -1.75746091793449 -0.42240392884868
2025-09-26T13:18:00.000 1107.957892342060 -4440.052170836390 5019.763429221030 7.37901110871368 -0.43795715906229 -2.00959404598259
2025-09-26T13:22:00.000 2817.186259339140 -4382.630896490070 4360.503970835350 6.77767525871552 0.91362796840040 -3.45072618271345
2025-09-26T13:26:00.000 4321.722768946690 -4006.786897137630 3383.529381341660 5.68355812695100 2.19940590907498 -4.64101421627810
2025-09-26T13:30:00.000 5512.118495394520 -3339.691873930860 2159.910345898210 4.17577006179396 3.32586035414601 -5.49345647998082
2025-09-26T13:34:00.000 6301.712422414540 -2429.752204642490 778.782761209604 2.36400311787883 4.21068127327288 -5.94547985611983
2025-09-26T13:38:00.000 6633.084970115010 -1343.130076024140 -659.145713152288 0.38072581194502 4.78919791982067 -5.96390901040760
2025-09-26T13:42:00.000 6482.346830104410 -158.873048281374 -2049.040843244130 -1.62892595951317 5.01938559905721 -5.54776214565312
2025-09-26T13:46:00.000 5860.845042412010 1036.938516486070 -3289.719082157210 -3.51834406574961 4.88501841049701 -4.72819840639780
2025-09-26T13:50:00.000 4814.171009440210 2157.546108566550 -4291.080850861980 -5.15055396146675 4.39663351044816 -3.56576309292375
2025-09-26T13:54:00.000 3418.627171461540 3121.821892537030 -4980.605986727090 -6.40808958847011 3.59025106122833 -2.14544083363753
2025-09-26T13:58:00.000 1775.546789097640 3860.063802013980 -5308.471208124860 -7.20100556491841 2.52443633149491 -0.57020262227645
2025-09-26T14:02:00.000 3.946624840703 4318.896229366360 -5250.984842147580 -7.47263354950964 1.27586665653512 1.04641903761538
2025-09-26T14:06:00.000 -1767.924595133080 4465.006791902090 -4812.206375107060 -7.20313966793211 -0.06588157843187 2.58800012942290
2025-09-26T14:10:00.000 -3411.649566945380 4287.536099075320 -4023.699658132330 -6.41101913674884 -1.40432860573826 3.94307017548060
2025-09-26T14:14:00.000 -4807.793479625490 3798.957390647440 -2942.408197547230 -5.15229665576458 -2.64263969018911 5.01286591161409
2025-09-26T14:18:00.000 -5854.569431320500 3034.341311226440 -1646.720085845850 -3.51723801780448 -3.69048785833358 5.71859043407182
2025-09-26T14:22:00.000 -6475.398285014340 2048.982425284260 -230.905172195249 -1.62447876008421 -4.47076442234046 6.00760833111079
2025-09-26T14:26:00.000 -6624.753503936640 914.450689208080 1201.758047253800 0.38753964303188 -4.92589447025214 5.85805225567382
2025-09-26T14:30:00.000 -6291.644768069370 -286.681747694885 2546.653030063930 2.37131399577592 -5.02235072452728 5.28072432033721
2025-09-26T14:34:00.000 -5500.438856882600 -1466.955541607680 3705.614197062540 4.18158801286984 -4.75318826743799 4.31820461219591
2025-09-26T14:38:00.000 -4308.983815266190 -2540.499554299570 4594.187502489090 5.68637265262741 -4.13846743745345 3.04139855762535
2025-09-26T14:42:00.000 -2804.219805627550 -3429.336819357310 5147.786160718760 6.77668867936243 -3.22342641065098 1.54387017250140
2025-09-26T14:46:00.000 -1095.700670258470 -4069.008765337140 5326.292469597150 7.37410757110019 -2.07474721896295 -0.06530667504401
2025-09-26T14:50:00.000 692.393095267404 -4413.152037407190 5116.849325642600 7.43582926645228 -0.77563629574273 -1.66937029614153
2025-09-26T14:54:00.000 2430.185955737910 -4436.781925789940 4534.728530742680 6.95745958104738 0.57998648232832 -3.15204881436298
2025-09-26T14:58:00.000 3991.416985544710 -4138.093444642410 3622.234772937340 5.97336117793984 1.89401059770155 -4.40565252337999
2025-09-26T15:02:00.000 5262.540057325260 -3538.648691529450 2445.731064961000 4.55460903543960 3.07095254921642 -5.33860152360565
2025-09-26T15:06:00.000 6151.042067796450 -2681.917098077260 1090.903287170060 2.80434608758021 4.02492122664131 -5.88253462274510
2025-09-26T15:10:00.000 6592.283935137710 -1630.160072372810 -343.483927741260 0.85031976736869 4.68619278037402 -5.99751261238064
2025-09-26T15:14:00.000 6554.326394707680 -459.885278262273 -1752.840370485260 -1.16443656721840 5.00656437576021 -5.67531582706416
2025-09-26T15:18:00.000 6040.286177452400 743.816696246988 -3034.522311699600 -3.09277596940033 4.96316032283488 -4.94021967147050
2025-09-26T15:22:00.000 5087.954085841490 1893.571940493990 -4095.400216139530 -4.79469620208677 4.55988021437088 -3.84666159863823
2025-09-26T15:26:00.000 3766.830419897240 2906.099767860600 -4858.599822505740 -6.14750959800737 3.82664929847515 -2.47475739610360
2025-09-26T15:30:00.000 2172.915390539080 3708.188017800460 -5268.950584666730 -7.05432228561583 2.81687491139303 -0.92410542532319
2025-09-26T15:34:00.000 421.714847833341 4241.861169894790 -5296.810921811370 -7.45035722417867 1.60334292729443 0.69339403245543
2025-09-26T15:38:00.000 -1360.003456817240 4468.433658856780 -4940.098872468030 -7.30701643151267 0.27311115953569 2.26128236638525
2025-09-26T15:42:00.000 -3043.163114725430 4371.258075006300 -4224.451632125800 -6.63382327958427 -1.07825499923855 3.66633512738104
2025-09-26T15:46:00.000 -4505.549787158110 3957.002534006970 -3201.509604514520 -5.47820303595998 -2.35314077983483 4.80636063131683
2025-09-26T15:50:00.000 -5640.637774562580 3255.325304222140 -1945.369249749810 -3.92280882829779 -3.45873159440373 5.59758999389595
2025-09-26T15:54:00.000 -6365.464691338630 2316.895034284340 -547.354488420072 -2.08023459270348 -4.31388528425301 5.98122505874552
2025-09-26T15:58:00.000 -6626.900560455010 1209.805453603220 890.610719238952 -0.08494304756036 -4.85549550409822 5.92834714115593
2025-09-26T16:02:00.000 -6405.730147645510 14.615141746427 2263.526791161590 1.91668914087422 -5.04353041943549 5.44249836927553
2025-09-26T16:06:00.000 -5718.145711457560 -1181.643205576820 3471.167040132210 3.77798994118585 -4.86439712803597 4.55958942678618
2025-09-26T16:10:00.000 -4614.436808989580 -2291.930144607920 4425.503893162270 5.36321878137349 -4.33156224365070 3.34466730947435
2025-09-26T16:14:00.000 -3175.162251842570 -3235.573381725480 5057.127072969090 6.55739873935128 -3.48424170777912 1.88682109606391
2025-09-26T16:18:00.000 -1505.149983089850 -3944.107619555160 5320.226981687480 7.27444101704172 -2.38429043283352 0.29239683606969
2025-09-26T16:22:00.000 274.184842789794 -4366.173455501420 5195.805792296080 7.46294652035622 -1.11150421685954 -1.32287924861000
2025-09-26T16:26:00.000 2033.596053908990 -4471.147102751440 4692.960495577410 7.10940482242004 0.24211234299258 -2.84194129073857
2025-09-26T16:30:00.000 3645.262847611990 -4251.330757941310 3848.234383535120 6.23917226632106 1.57862025216609 -4.15448365540451
2025-09-26T16:34:00.000 4991.995042435280 -3722.559766105170 2723.048051378100 4.91502152369561 2.80100432610802 -5.16475360561432
2025-09-26T16:38:00.000 5975.781083872180 -2923.150814221060 1399.332368245080 3.23311548566928 3.82010353720655 -5.79870413259077
2025-09-26T16:42:00.000 6525.043789461850 -1911.184611049340 -26.422015841725 1.31620930915865 4.56145916972242 -6.00985307344869
2025-09-26T16:46:00.000 6599.956205127810 -760.261496168275 -1450.261107139610 -0.69552559495071 4.97100399347851 -5.78289697369583
2025-09-26T16:50:00.000 6195.381441392780 445.917813391892 -2768.454281486600 -2.65504301310816 5.01920704086514 -5.13500515035089
2025-09-26T16:54:00.000 5341.155175576270 1619.755864948940 -3885.165235719610 -4.41982411201109 4.70327375012416 -4.11428877547722
2025-09-26T16:58:00.000 4099.703552157400 2676.186917300810 -4719.428923489430 -5.86244498998896 4.04687967720964 -2.79572018138485
2025-09-26T17:02:00.000 2561.312321273840 3538.803870025070 -5210.915933910720 -6.87946657253832 3.09799794275754 -1.27518563984912
2025-09-26T17:06:00.000 837.515534943896 4145.267721066940 -5324.130196909400 -7.39822544665051 1.92516369023048 0.33748681961481
2025-09-26T17:10:00.000 -946.894064047354 4451.675499544850 -5050.846593573970 -7.38147972708499 0.61257497274069 1.92616143171905
2025-09-26T17:14:00.000 -2662.696974985960 4435.647760401000 -4410.684187939080 -6.82979397435430 -0.74558459672702 3.37625183161154
2025-09-26T17:18:00.000 -4185.397208458010 4097.992674019740 -3449.798712440290 -5.78184408001453 -2.05137376258159 4.58249445200403
2025-09-26T17:22:00.000 -5404.174198037870 3462.794195411190 -2237.729024739830 -4.31234903189736 -3.20992550978062 5.45650188763997
2025-09-26T17:26:00.000 -6230.021417954360 2575.841496707190 -862.517516463457 -2.52737537883497 -4.13636959649287 5.93348863467951
2025-09-26T17:30:00.000 -6602.445511588790 1501.429022925560 575.633031256240 -0.55701892926278 -4.76240564016900 5.97765064491371
2025-09-26T17:34:00.000 -6494.097147738890 317.686592857467 1971.745722248250 1.45439470895753 -5.04180838732541 5.58529293369393
2025-09-26T17:38:00.000 -5912.874724401850 -889.194325132487 3223.877539512330 3.35936120066789 -4.95407108102624 4.78525691383417
2025-09-26T17:42:00.000 -4901.305400257620 -2031.365698709030 4240.713663202310 5.01869200998916 -4.50595389990247 3.63662767721521
2025-09-26T17:46:00.000 -3533.261563666320 -3025.811729581990 4948.266732778620 6.31194796847105 -3.73061999633443 2.22372988268610
2025-09-26T17:50:00.000 -1908.411441989220 -3800.364298612020 5295.178772699430 7.14581021165908 -2.68469849852027 0.64964784701549
2025-09-26T17:54:00.000 -144.921605715055 -4298.856056847130 5256.344909823300 7.46032225332406 -1.44410414277168 -0.97123883967397
2025-09-26T17:58:00.000 1629.088268354100 -4485.121114730360 4834.654341202270 7.23294770651492 -0.09859431824008 -2.52141728276100
2025-09-26T18:02:00.000 3284.741373547590 -4345.569219539930 4060.756133004390 6.47995312210429 1.25453488663422 -3.88838356959141
2025-09-26T18:06:00.000 4701.662281501420 -3890.207348915110 2990.911042589930 5.25557283807299 2.51708199803558 -4.97251968779080
2025-09-26T18:10:00.000 5776.731199619940 -3152.013705468240 1702.995300684740 3.64858527507122 3.59702509812021 -5.69443810404324
2025-09-26T18:14:00.000 6431.697985917440 -2184.607885153170 290.882870929990 1.77620376582379 4.41545473365270 -6.00112024698353
2025-09-26T18:18:00.000 6619.011865784110 -1058.361444823370 -1142.451668074640 -0.22458152462088 4.91261258462759 -5.87025797327357
2025-09-26T18:22:00.000 6325.333520214390 144.798676951638 -2492.557966728890 -2.20749630305882 5.05256531440079 -5.31191820041901
2025-09-26T18:26:00.000 5572.431625770990 1337.457299745690 -3661.221954954470 -4.02811654428869 4.82576274598938 -4.36763972515985
2025-09-26T18:30:00.000 4415.418218675960 2433.136784277960 -4563.652840254340 -5.55472562343115 4.24945274655324 -3.10695887408288
2025-09-26T18:34:00.000 2938.531694362810 3352.561839181110 -5134.560403605000 -6.67771806800283 3.36595876808634 -1.62177506722493
2025-09-26T18:38:00.000 1248.913162500400 4029.292744103470 -5332.715214255490 -7.31687124009612 2.23923065658478 -0.01948856151055
2025-09-26T18:42:00.000 -531.097872408558 4414.379134566640 -5143.778651073860 -7.42642306048382 0.95022057648837 1.58449844160326
2025-09-26T18:46:00.000 -2272.630143885450 4479.799242700020 -4581.287106927290 -6.99801140631984 -0.40860208990087 3.07459845480165
2025-09-26T18:50:00.000 -3849.394777394400 4220.493312807270 -3685.762950839670 -6.06147602963880 -1.73942579223763 4.34281612585740
2025-09-26T18:54:00.000 -5146.726367382250 3654.857672695260 -2521.963205608280 -4.68338550683143 -2.94574285172215 5.29643235817290
2025-09-26T18:58:00.000 -6069.963356641770 2823.593373321020 -1174.355922075680 -2.96296139583725 -3.93935752062949 5.86497999876559
2025-09-26T19:02:00.000 -6551.525334274180 1786.890548591580 258.931767022859 -1.02532371322293 -4.64711861277924 6.00590111951561
2025-09-26T19:06:00.000 -6556.075765724110 620.093779986788 1673.306102086170 0.98766025103677 -5.01676032409733 5.70829432521341
2025-09-26T19:10:00.000 -6083.241995966050 -591.859767893842 2965.493221650910 2.92841519189548 -5.02112814529664 4.99397716671393
2025-09-26T19:14:00.000 -5167.613059762220 -1760.744463344070 4041.220852594230 4.65501021939928 -4.66011495533974 3.91563197517640
2025-09-26T19:18:00.000 -3876.087202299690 -2801.563015682770 4822.164677952940 6.04183460690289 -3.96052283367655 2.55257067399836
2025-09-26T19:22:00.000 -2302.812954378340 -3638.757221689420 5251.613403399460 6.98873272841204 -2.97363453423412 1.00442343521169
2025-09-26T19:26:00.000 -562.230765752362 -4211.615673609900 5298.467398345730 7.42765835944371 -1.77111296792592 -0.61630972165525
2025-09-26T19:30:00.000 1219.193107896870 -4478.576511464960 4959.387210727220 7.32701512695357 -0.43996581775127 -2.19211580885053
2025-09-26T19:34:00.000 2912.042895321370 -4420.205762591630 4259.024421679650 6.69398353329726 0.92351661362733 -3.60864189415662
2025-09-26T19:38:00.000 4393.260471889750 -4040.620395539620 3248.282337538530 5.57409059872202 2.22049606759533 -4.76276184896634
2025-09-26T19:42:00.000 5555.062022527380 -3367.273323803340 2000.713131025170 4.04841008633055 3.35653741154542 -5.57004592675737
2025-09-26T19:46:00.000 6312.866790246010 -2449.045634062910 607.231241047194 2.22809103534900 4.24863648320037 -5.97120246004037
2025-09-26T19:50:00.000 6611.594758396140 -1352.722969929200 -830.539428659788 0.24628856079983 4.83157452552625 -5.93689188058246
2025-09-26T19:54:00.000 6429.762985096360 -158.073162115853 -2207.790704181280 -1.75201493594312 5.06308717361359 -5.47007321640432
2025-09-26T19:58:00.000 5780.991548721670 1048.068955435280 -3424.282832850570 -3.62111904297858 4.92688128134696 -4.60558142313757
2025-09-26T20:02:00.000 4712.852772437210 2178.196343146720 -4391.695558082240 -5.22556466698052 4.43362252773739 -3.40721038883711
2025-09-26T20:06:00.000 3303.200747058880 3150.494491795460 -5039.992023813270 -6.44994343045654 3.61971057773579 -1.96251569759278
2025-09-26T20:10:00.000 1654.379058067340 3894.683890062710 -5322.344583331360 -7.20670870419013 2.54424220530610 -0.37616132197190
2025-09-26T20:14:00.000 -114.186684497540 4356.962049399310 -5218.356098371060 -7.44179918160511 1.28459836590176 1.23754656119111
2025-09-26T20:18:00.000 -1874.469845390420 4503.765697158030 -4735.447217920750 -7.13799029727506 -0.06887849246999 2.76239155341848
2025-09-26T20:22:00.000 -3498.884959270580 4324.176921531010 -3908.376489098800 -6.31621563243803 -1.41888049340012 4.08808272777490
2025-09-26T20:26:00.000 -4869.377938564300 3830.817027757520 -2796.895663783060 -5.03464161584570 -2.66767995293405 5.11787135116091
2025-09-26T20:30:00.000 -5886.020954814690 3059.113770461450 -1481.618653342990 -3.38534766852831 -3.72414272110661 5.77581039252544
2025-09-26T20:34:00.000 -6474.453290071440 2064.879870836380 -58.262023099765 -1.48805019992053 -4.51062253843872 6.01284869768838
2025-09-26T20:38:00.000 -6591.519935778120 920.325255113699 1369.342362618880 0.51852455347448 -4.96904354976630 5.81091513135952
2025-09-26T20:42:00.000 -6228.601334508170 -291.241820866453 2696.949432004560 2.48720527954163 -5.06563139012772 5.18469544668794
2025-09-26T20:46:00.000 -5412.258606429060 -1481.610189749040 3827.676874423530 4.27389525372137 -4.79353827011016 4.18041595467285
2025-09-26T20:50:00.000 -4202.159702063680 -2564.200397796420 4679.157234454640 5.74851323688849 -4.17304475087903 2.87197050559378
2025-09-26T20:54:00.000 -2686.562890855970 -3460.385963894220 5189.511718350820 6.80429372358427 -3.24971094103959 1.35512799340662
2025-09-26T20:58:00.000 -975.773484399452 -4105.170398618300 5321.763224421380 7.36533640687219 -2.09078743646386 -0.25968851151480
2025-09-26T21:02:00.000 805.897742594739 -4451.792898872260 5066.390423794180 7.39139898928743 -0.78009570715838 -1.85543417378845
2025-09-26T21:06:00.000 2529.033129131780 -4475.044065232290 4441.962345113390 6.88044885707782 0.58760354409132 -3.31640145553204
2025-09-26T21:10:00.000 4068.389631622640 -4173.120408687710 3493.851800821500 5.86917612661449 1.91318342239231 -4.53627757653437
2025-09-26T21:14:00.000 5311.975462349780 -3567.824652432470 2291.032332555380 4.43069591684835 3.10023194387297 -5.42591840993078
2025-09-26T21:18:00.000 6169.254086648390 -2703.069757843800 921.131395050847 2.66965986549878 4.06206995636467 -5.92003278923005
2025-09-26T21:22:00.000 6577.868059517740 -1641.734434371060 -515.954332168482 0.71480992120477 4.72835483034262 -5.98237134273184
2025-09-26T21:26:00.000 6508.293973521610 -461.048501903880 -1915.442098819570 -1.29078263908508 5.05062886714669 -5.60872860724691
2025-09-26T21:30:00.000 5965.966427266680 753.135941183556 -3175.425866503470 -3.20071620504706 5.00592048331146 -4.82710791946496
2025-09-26T21:34:00.000 4990.739313138460 1912.686666880420 -4204.373096958780 -4.87638781706114 4.59825474325378 -3.69531650858184
2025-09-26T21:38:00.000 3653.772034251160 2933.617622234720 -4927.742362036090 -6.19705249853882 3.85787792541687 -2.29620726046029
2025-09-26T21:42:00.000 2052.204628621830 3742.110313075520 -5293.258373734620 -7.06816799695766 2.83868879378253 -0.73130501668512
2025-09-26T21:46:00.000 302.091068151069 4279.720993981350 -5274.527305667110 -7.42750425452160 1.61414189019226 0.88649597195974
2025-09-26T21:50:00.000 -1469.876794997770 4507.476283082330 -4872.838443333080 -7.24910614485899 0.27210327706557 2.44071234936826
2025-09-26T21:54:00.000 -3135.322217784790 4408.637257405220 -4117.083677277820 -6.54499991976945 -1.09103027178961 3.81910068795402
2025-09-26T21:58:00.000 -4573.296843885310 3989.984945637260 -3061.815228869910 -5.36481828592346 -2.37678592597363 4.92132156643806
2025-09-26T22:02:00.000 -5679.027344446320 3281.493101021370 -1783.499978888870 -3.79303248797878 -3.49152178081308 5.66626766181528
2025-09-26T22:06:00.000 -6371.679592895750 2334.336134927080 -375.108955932277 -1.94355090963016 -4.35335820529407 5.99847017548540
2025-09-26T22:10:00.000 -6600.494029828530 1217.259886087930 1060.655128829090 0.04852959425530 -4.89874318646733 5.89288198692296
2025-09-26T22:14:00.000 -6348.659150768550 11.544582685271 2418.961892052690 2.03719854983961 -5.08745662572330 5.35696769629316
2025-09-26T22:18:00.000 -5634.599638151430 -1195.014397391030 3600.656942261040 3.87674567220290 -4.90578325732086 4.43024412164717
2025-09-26T22:22:00.000 -4510.541724421880 -2314.625736834520 4519.618309992610 5.43300923002476 -4.36741303597240 3.18104009342215
2025-09-26T22:26:00.000 -3058.514568691130 -3265.948842904480 5109.036137741780 6.59325783681369 -3.51200584219173 1.70088069059162
2025-09-26T22:30:00.000 -1384.241998841990 -3979.966669963300 5326.167424569730 7.27388037662300 -2.40193517010538 0.09759043519878
2025-09-26T22:34:00.000 390.572413609872 -4404.908736403620 5155.339021650320 7.42607680168524 -1.11765997784189 -1.51245089139140
2025-09-26T22:38:00.000 2137.019824063230 -4509.912045303550 4609.005095248050 7.03888659367968 0.24805066794493 -3.01257125634172
2025-09-26T22:42:00.000 3728.201961799100 -4287.241220324410 3726.859445477140 6.13999463145052 1.59633142141542 -4.29377586597113
2025-09-26T22:46:00.000 5048.380428636550 -3752.931063992440 2573.051562040590 4.79425694739453 2.82915870381496 -5.26250850720086
2025-09-26T22:50:00.000 6001.451133071570 -2945.716348377790 1231.611000920130 3.09947001034450 3.85658830566377 -5.84773579735681
2025-09-26T22:54:00.000 6518.058509413060 -1924.266385964460 -199.656832446082 1.17940739874733 4.60349174192669 -6.00646963478760
2025-09-26T22:58:00.000 6560.773150370400 -762.905745841480 -1616.377485387340 -0.82537334909795 5.01541374121609 -5.72733426856936
2025-09-26T23:02:00.000 6126.832959469150 453.895231915898 -2915.350375574460 -2.76840979523441 5.06277552022481 -5.03138696361735
2025-09-26T23:06:00.000 5248.216681797360 1637.771676748470 -4002.154467943310 -4.50847158700156 4.74285085484132 -3.97021496600017
2025-09-26T23:10:00.000 3989.115629417950 2702.932301738830 -4798.011919277710 -5.91999320283513 4.07960484130388 -2.62169101446799
2025-09-26T23:14:00.000 2441.080564256210 3572.334466189120 -5245.381772401610 -6.90180277641016 3.12146262214524 -1.08380243788170
2025-09-26T23:18:00.000 716.334323177570 4183.132908029970 -5311.956892181120 -7.38374809552788 1.93758148808921 0.53240905085112
2025-09-26T23:22:00.000 -1060.253980283030 4491.087065816710 -4992.878483859200 -7.33115571512422 0.61295659023458 2.11054264259131
2025-09-26T23:26:00.000 -2760.007067018090 4473.691378266570 -4311.081738798820 -6.74716776446981 -0.75730120521322 3.53670628412882
2025-09-26T23:30:00.000 -4259.568674986810 4131.846741673830 -3315.749372774460 -5.67280145419317 -2.07436295623925 4.70733910338882
2025-09-26T23:34:00.000 -5449.767330019250 3489.937311355610 -2078.937689857190 -4.18467197240017 -3.24251139740605 5.53655398954960
2025-09-26T23:38:00.000 -6243.649500031340 2594.251968495630 -690.525345873194 -2.39030923676741 -4.17609342523251 5.96274060651572
2025-09-26T23:42:00.000 -6583.055638823200 1509.746019462070 748.282223895601 -0.42064615536406 -4.80626225517065 5.95382545200029
2025-09-26T23:46:00.000 -6443.078558199180 315.306675546121 2132.439896518440 1.57995245392025 -5.08654700111133 5.51011367197019
2025-09-26T23:50:00.000 -5833.958874274180 -902.093972836709 3360.888389861360 3.46485247414922 -4.99647198193995 4.66429543543371
2025-09-26T23:54:00.000 -4800.267244655710 -2053.854217786740 4344.058423471670 5.09643067157795 -4.54297105388458 3.47876525973766
2025-09-26T23:58:00.000 -3417.482937497990 -3056.262088762370 5010.432150326190 6.35629898743800 -3.75954438505891 2.04054166874850
2025-09-27T00:02:00.000 -1786.339445547300 -3836.571107192240 5311.667986355810 7.15360184041745 -2.70346120939324 0.45452752475594
2025-09-27T00:06:00.000 -25.440110347898 -4338.205008610720 5225.986249648880 7.43108538250900 -1.45136267966257 -1.16414720527531
2025-09-27T00:10:00.000 1737.299512688210 -4524.765236355330 4759.669368927860 7.16884225070785 -0.09377080302562 -2.69812531333604
2025-09-27T00:14:00.000 3373.825355943500 -4382.625932614700 3946.608006043350 6.38563332685377 1.27114701231284 -4.03603995287083
2025-09-27T00:18:00.000 4765.148516040170 -3921.971478338010 2845.915084752650 5.13788242134384 2.54431452548896 -5.08034805487203
2025-09-27T00:22:00.000 5810.009650636190 -3176.155915586030 1537.722112740580 3.51608335071934 3.63291302269976 -5.75454834867917
2025-09-27T00:26:00.000 6432.359194120850 -2199.357582913580 117.384428423344 1.63855772134227 4.45735770153177 -6.00913046636639
2025-09-27T00:30:00.000 6587.028845175250 -1062.637244349930 -1311.520924118860 -0.35728983593196 4.95745534839460 -5.82556863047660
2025-09-27T00:34:00.000 6263.075709546470 151.312545533976 -2644.873780269890 -2.32553177387570 5.09709197531015 -5.21787174726270
2025-09-27T00:38:00.000 5484.477613034020 1354.298140767670 -3785.708555871920 -4.12292265321649 4.86677882487980 -4.23121016822305
2025-09-27T00:42:00.000 4308.195532174970 2459.103224965130 -4651.282893177480 -5.61954128776371 4.28402240560134 -2.93812511991123
2025-09-27T00:46:00.000 2819.830505012670 3385.792237496630 -5178.986917154120 -6.70799792033191 3.39154038650534 -1.43275939088151
2025-09-27T00:50:00.000 1127.325594843810 4067.380255604850 -5330.708020108680 -7.31049984695311 2.25385654175673 0.17610718861480
2025-09-27T00:54:00.000 -646.774587765385 4454.533428080150 -5095.448130525310 -7.38381816916869 0.95268668742828 1.77259320931113
2025-09-27T00:58:00.000 -2374.002920144080 4519.046826103420 -4490.087265605800 -6.92211500685045 -0.41858941966152 3.24156741614976
2025-09-27T01:02:00.000 -3929.071618836640 4255.910507596620 -3558.264034122520 -5.95765816835209 -1.76116398030132 4.47648509014947
2025-09-27T01:06:00.000 -5198.861401676620 3683.795605252900 -2367.386194835470 -4.55906395703113 -2.97767032712344 5.38701865345447
2025-09-27T01:10:00.000 -6090.681268422080 2843.874065109870 -1003.917015213260 -2.82706337360913 -3.97911954359832 5.90573323807428
2025-09-27T01:14:00.000 -6539.223736657010 1796.983117863570 432.818271613196 -0.88774947885918 -4.69171702438172 5.99367647398122
2025-09-27T01:18:00.000 -6511.570768597390 619.237624928596 1837.940537979590 1.11678289097096 -5.06282446056883 5.64388376322316
2025-09-27T01:22:00.000 -6009.728648172430 -603.601782369471 3108.839265960880 3.03951799550772 -5.06521753850163 4.88207980999738
2025-09-27T01:26:00.000 -5070.438146908020 -1782.509578428310 4152.808347605200 4.73987934689161 -4.69905326681565 3.76451173730225
2025-09-27T01:30:00.000 -3762.329191500490 -2831.770912848040 4893.862117177920 6.09432552680149 -3.99151049191240 2.37331215238814
2025-09-27T01:34:00.000 -2180.746358083180 -3675.212392414090 5278.203506437160 7.00505200970083 -2.99438361154871 0.81008465643588
2025-09-27T01:38:00.000 -440.737747362834 -4251.664233790930 5278.020561562710 7.40659493716012 -1.78013786517701 -0.81154145030217
2025-09-27T01:42:00.000 1331.277980128420 -4519.313442568550 4893.404379394460 7.27016230622839 -0.43663927519194 -2.37404342252352
2025-09-27T01:46:00.000 3006.576774985510 -4458.675271659870 4152.313899120330 6.60547342640380 0.93896793958067 -3.76403094901705
2025-09-27T01:50:00.000 4463.377231847700 -4074.031779518660 3108.621031684740 5.46036767775233 2.24693229248737 -4.88027474723716
2025-09-27T01:54:00.000 5595.678269047620 -3393.211811115110 1838.286466278270 3.91781223464339 3.39198912730755 -5.64108286926103
2025-09-27T01:58:00.000 6321.066311091440 -2465.648868162670 433.885564414125 2.09021597436584 4.29050296175408 -5.99060542568696
2025-09-27T02:02:00.000 6586.844263176850 -1358.806301429120 -1002.168790819460 0.11127174775610 4.87684540694905 -5.90328267110878
2025-09-27T02:06:00.000 6373.950145778180 -153.208030098974 -2365.207335010800 -1.87425675345994 5.10850837398801 -5.38599020357111
2025-09-27T02:10:00.000 5698.279115249040 1063.530676711800 -3556.056455739820 -3.72168505063861 4.96924674117196 -4.47730602898501
2025-09-27T02:14:00.000 4609.342100669890 2203.158805367130 -4488.297443741100 -5.29729349093350 4.46995835486636 -3.24418521456556
2025-09-27T02:18:00.000 3186.459917230160 3183.188617609340 -5094.463881834910 -6.48783033884058 3.64741364226884 -1.77658947463882
2025-09-27T02:22:00.000 1532.887184784820 3932.778051215030 -5330.773990866820 -7.20819548001410 2.56124354144919 -0.18070788171032
2025-09-27T02:26:00.000 -231.635737001581 4397.704614358290 -5180.133550336460 -7.40681791512470 1.28950295929953 1.42851656921926
2025-09-27T02:30:00.000 -1979.364882814510 4544.172365794700 -4653.314261724830 -7.06896352823401 -0.07659006794373 2.93511854376071
2025-09-27T02:34:00.000 -3583.587921598320 4361.256036139050 -3788.253645494030 -6.21797497752511 -1.43873546966792 4.22999194415966
2025-09-27T02:38:00.000 -4927.681149003800 3861.807447934180 -2647.481709815130 -4.91421404701153 -2.69825551896062 5.21854820139040
2025-09-27T02:42:00.000 -5913.615066316820 3081.694600834510 -1313.765033944130 -3.25141318364162 -3.76321749891828 5.82784389296136
2025-09-27T02:46:00.000 -6469.241958029060 2077.345086623600 115.813387387610 -1.35027025381840 -4.55531626056702 6.01231394030183
2025-09-27T02:50:00.000 -6553.788142321660 921.721345667885 1536.930572469360 0.65007868130792 -5.01601258404622 5.75770437838522
2025-09-27T02:54:00.000 -6161.021436629310 -301.040216224882 2845.791623061660 2.60284973721385 -5.11136977651212 5.08264700408326
2025-09-27T02:58:00.000 -5319.697601958590 -1501.895325077690 3946.879051336310 4.36513811688745 -4.83463751854732 4.03698029749601
2025-09-27T03:02:00.000 -4091.324433578520 -2593.484039485600 4759.995198271120 5.80862040959259 -4.20648037784611 2.69767807876807
2025-09-27T03:06:00.000 -2565.497267431700 -3496.526325200610 5226.075011790370 6.82892837438687 -3.27305992606221 1.16271403481714
2025-09-27T03:10:00.000 -853.258509599816 -4145.519858721830 5311.361022637400 7.35268827028934 -2.10229123095056 -0.45626738689310
2025-09-27T03:14:00.000 920.956714120417 -4493.389916718310 5009.747312934640 7.34228632881174 -0.77893904710856 -2.04182431181851
2025-09-27T03:18:00.000 2628.262633024370 -4514.849066250510 4343.186303720170 6.79846204096914 0.60128941144902 -3.47896752750199
2025-09-27T03:22:00.000 4144.572518747350 -4208.228331843990 3360.128629315040 5.76027975429352 1.93839019798918 -4.66314634936499
2025-09-27T03:26:00.000 5359.574683186390 -3595.682905810050 2132.104336856540 4.30286228787404 3.13506292791223 -5.50779731091070
2025-09-27T03:30:00.000 6184.830570890350 -2721.663984074660 748.587769515762 2.53229070109322 4.10396303433392 -5.95091840166072
2025-09-27T03:34:00.000 6560.342986248710 -1649.727586380950 -689.529633069470 0.57803382641147 4.77426706381730 -5.96003883628894
2025-09-27T03:38:00.000 6459.024655693420 -457.872585830805 -2077.404932615900 -1.41691308709345 5.09722781851097 -5.53490704920074
2025-09-27T03:42:00.000 5888.639558039470 767.243303482102 -3314.009853766280 -3.30697014367927 5.04987806075002 -4.70732541890628
2025-09-27T03:46:00.000 4891.083379553330 1936.714511153600 -4309.551940336320 -4.95509356528459 4.63648979272489 -3.53844796994304
2025-09-27T03:50:00.000 3539.105523308260 2965.864775961950 -4991.948724014310 -6.24271791788762 3.88772479166745 -2.11371257278989
2025-09-27T03:54:00.000 1930.876876634720 3780.288710866590 -5311.894294866650 -7.07770701036215 2.85795365063999 -0.53633540780058
2025-09-27T03:58:00.000 182.891260155036 4321.093522671420 -5246.268596451360 -7.40034862077290 1.62130464886738 1.07996931528553
2025-09-27T04:02:00.000 -1578.322645025250 4549.035526823760 -4799.719154227070 -7.18716485685680 0.26645624519347 2.61881923205719
2025-09-27T04:06:00.000 -3225.133930843110 4447.320496118810 -4004.368351343200 -6.45256785594654 -1.10921911190075 3.96893594043190
2025-09-27T04:10:00.000 -4637.899956465840 4022.916216242700 -2917.657093274600 -5.24843525708594 -2.40623408980673 5.03188686269816
2025-09-27T04:14:00.000 -5713.648760763490 3306.218494752630 -1618.372424836860 -3.66110195788798 -3.53002593979129 5.72935391664525
2025-09-27T04:18:00.000 -6373.729692012110 2349.011267212970 -201.044149107542 -1.80571230024802 -4.39809677303585 6.00939208974552
2025-09-27T04:22:00.000 -6569.758461189150 1220.774203734840 1230.953251223130 0.18222506244634 -4.94642911269323 5.85074685229035
2025-09-27T04:26:00.000 -6287.325057800600 3.615773565132 2573.045652027740 2.15691159372374 -5.13453919085850 5.26481427028278
2025-09-27T04:30:00.000 -5547.106586454280 -1213.824672127080 3727.264564239740 3.97369180722040 -4.94882611846678 4.29483749331250
2025-09-27T04:34:00.000 -4403.237703966880 -2342.962064398160 4609.499134824580 5.50014413972025 -4.40326031553099 3.01226117072309
2025-09-27T04:38:00.000 -2939.191677041200 -3301.752834660190 5155.619216698910 6.62566599822599 -3.53800555967823 1.51106665766899
2025-09-27T04:42:00.000 -1261.568305220360 -4020.630219280300 5326.050702086380 7.26923236932274 -2.41618227527904 -0.09938333514778
2025-09-27T04:46:00.000 507.690636316674 -4447.464926517910 5108.520569236620 7.38469704666646 -1.11908372856951 -1.70228461414419
2025-09-27T04:50:00.000 2240.065410101520 -4551.254399568870 4518.879331792820 6.96370338516793 0.25950956287976 -3.18141485121995
2025-09-27T04:54:00.000 3809.673022352830 -4324.371028231270 3599.988056254780 6.03650108049151 1.61975229857289 -4.42926146524768
2025-09-27T04:58:00.000 5102.360338720420 -3783.169510689350 2418.687990639250 4.67007088689324 2.86281383057374 -5.35471347464540
2025-09-27T05:02:00.000 6024.047677040450 -2966.890173866430 1061.022607991990 2.96375015550444 3.89800621796625 -5.88991225102839
2025-09-27T05:06:00.000 6507.697184476380 -1934.866772949480 -374.022440027932 1.04218000740082 4.64965025117378 -5.99559090777915
2025-09-27T05:10:00.000 6518.312289790080 -762.189835547612 -1781.817559656880 -0.95399360600702 5.06299417286010 -5.66431492417071
2025-09-27T05:14:00.000 6055.488235508140 465.863335222389 -3059.848250618890 -2.87901960894700 5.10841124599248 -4.92098556011043
2025-09-27T05:18:00.000 5153.301269284610 1660.137367093400 -4115.259603403720 -4.59311530875737 4.78335060396159 -3.82062625395838
2025-09-27T05:22:00.000 3877.621829777540 2734.109748577340 -4871.585018660610 -5.97268902539428 4.11210132898045 -2.44386817469013
2025-09-27T05:26:00.000 2321.157791446440 3610.113736427310 -5274.168296561730 -6.91896533564751 3.14364440208774 -0.89065946155841
2025-09-27T05:30:00.000 596.687665897042 4224.823091668050 -5293.931170282000 -7.36431841123888 1.94777281562647 0.72702515522338
2025-09-27T05:34:00.000 -1170.966394783060 4533.686233178160 -4929.366757705140 -7.27658041292688 0.61026523715221 2.29269674411773
2025-09-27T05:38:00.000 -2853.763798267490 4514.090959593660 -4206.671635794090 -6.66126936846910 -0.77285459649812 3.69330195169240
2025-09-27T05:42:00.000 -4329.531284062080 4167.062933489240 -3177.989685225380 -5.56159354452032 -2.10174313846194 4.82693307709286
2025-09-27T05:46:00.000 -5490.784557921850 3517.356929824310 -1917.833708060700 -4.05613844124450 -3.27969542466128 5.61027928672333
2025-09-27T05:50:00.000 -6252.667874628070 2611.841807224620 -517.818495452982 -2.25382556051443 -4.22030906732343 5.98509950708354
2025-09-27T05:54:00.000 -6559.364336527700 1516.205569320040 919.984668070899 -0.28623060981923 -4.85422460884177 5.92314576816595
2025-09-27T05:58:00.000 -6388.368073885700 310.156167141463 2290.601571902080 1.70244512740034 -5.13474184549559 5.42864922719642
2025-09-27T06:02:00.000 -5752.188108447770 -918.484929568291 3493.964982430670 3.56648148935798 -5.04136900217460 4.53799837371638
2025-09-27T06:06:00.000 -4697.373360266650 -2080.294331059670 4442.336244487050 5.16974418842300 -4.58131790216091 3.31685723699219
2025-09-27T06:10:00.000 -3300.945708768330 -3090.840435007260 5066.740665447850 6.39599711714640 -3.78860199405147 1.85483733918779
2025-09-27T06:14:00.000 -1664.619836561770 -3876.785109386010 5321.889383870160 7.15682409902781 -2.72106907454966 0.25852093492903
2025-09-27T06:18:00.000 92.624734091066 -4381.126630314170 5189.358488789300 7.39759040965148 -1.45617359195151 -1.35615921967151
2025-09-27T06:22:00.000 1843.135033488990 -4567.258271703890 4678.845443220340 7.10103650316232 -0.08540805812143 -2.87216417290096
2025-09-27T06:26:00.000 3459.734349572120 -4421.586281375370 3827.459967088860 6.28839338734703 1.29203181523842 -4.17941281569697
2025-09-27T06:30:00.000 4824.875269433770 -3954.567288090470 2697.113086454030 5.01827325221305 2.57613082515737 -5.18256828601635
2025-09-27T06:34:00.000 5839.211997788160 -3200.036120277910 1370.111281030570 3.38289815396500 3.67327464159525 -5.80810353111038
2025-09-27T06:38:00.000 6428.946900876550 -2212.818418497600 -56.810474037947 1.50164517999435 4.50329215178526 -6.01011520416082
2025-09-27T06:42:00.000 6551.323072805750 -1064.733441371540 -1479.606772345430 -0.48783198089535 5.00565872983142 -5.77400577068398
2025-09-27T06:46:00.000 6197.769229517410 160.713694199897 -2794.629756863810 -2.44015051440855 5.14412991926461 -5.11764290311054
2025-09-27T06:50:00.000 5394.420652626600 1374.515197547970 -3906.281460003790 -4.21331846979699 4.90934266185714 -4.08975447271290
2025-09-27T06:54:00.000 4200.011797426030 2488.694265464420 -4733.971368143470 -5.67931473714620 4.31910956990468 -2.76580537688577
2025-09-27T06:58:00.000 2701.414596320690 3422.647832568060 -5217.846150784330 -6.73299909596958 3.41661550048522 -1.24205083530861
2025-09-27T07:02:00.000 1007.274852014540 4108.856802561830 -5322.960599540890 -7.29906276682128 2.26704048871657 0.37144517853965
2025-09-27T07:06:00.000 -759.771614000481 4497.631252250890 -5041.666892456010 -7.33682761290125 0.95290847454494 1.95856376320673
2025-09-27T07:10:00.000 -2471.763399347320 4560.616176253430 -4394.146130861810 -6.84288355272916 -0.43149482749483 3.40480036602039
2025-09-27T07:14:00.000 -4004.482166028470 4292.877817158470 -3427.079254158650 -5.85172927410363 -1.78639084423683 4.60514740063443
2025-09-27T07:18:00.000 -5246.374779292470 3713.404154343420 -2210.453191984080 -4.43391880897535 -3.01337440606135 5.47157078930707
2025-09-27T07:22:00.000 -6106.754078210580 2863.922489587530 -832.657522607631 -2.69181924880304 -4.02257645693911 5.93981843706425
2025-09-27T07:26:00.000 -6522.619348135420 1805.994420341810 605.906908716196 -0.75237347032338 -4.73966495654947 5.97474033881763
2025-09-27T07:30:00.000 -6463.460555863830 616.553640981861 2000.222559738010 1.24233768990300 -5.11173834326808 5.57331400942066
2025-09-27T07:34:00.000 -5933.598702757050 -617.783355122879 3248.470466244070 3.14602870082042 -5.11153284353383 4.76505984426606
2025-09-27T07:38:00.000 -4971.827194783140 -1807.155685483350 4259.607060141050 4.81955808162274 -4.73941443023888 3.60960328485621
2025-09-27T07:42:00.000 -3648.422878135810 -2865.093340401830 4960.049765301440 6.14133787347170 -4.02302114367610 2.19188020193361
2025-09-27T07:46:00.000 -2059.837228175620 -3714.804564694760 5298.976251157940 7.01605910296429 -3.01480992324274 0.61536479522617
2025-09-27T07:50:00.000 -321.606111485697 -4294.669013485470 5251.871634789320 7.38086243913229 -1.78796143800099 -1.00545908445416
2025-09-27T07:54:00.000 1439.981587665450 -4562.609561651360 4822.229821905300 7.20951876840960 -0.43122414307839 -2.55303487947866
2025-09-27T07:58:00.000 3096.953451219260 -4499.112776086460 4041.296595625130 6.51432248203070 0.95722956770774 -3.91503227413293
2025-09-27T08:02:00.000 4528.859995174770 -4108.669723776300 2965.849872551700 5.34533924034484 2.27670786542212 -4.99226781157168
2025-09-27T08:06:00.000 5631.512093385160 -3419.530385614970 1674.170772433100 3.78728311199422 3.43110892900148 -5.70585988816455
2025-09-27T08:10:00.000 6324.665321711780 -2481.742314754310 260.402201541585 1.95378272746514 4.33606646118977 -6.00341767283896
2025-09-27T08:14:00.000 6557.995444711610 -1363.522042077800 -1172.364104884120 -0.02102400410791 4.92551762970565 -5.86325232885067
2025-09-27T08:18:00.000 6314.826108147610 -146.220252094566 -2519.720389539110 -1.99270868964065 5.15678230127182 -5.29616130857356
2025-09-27T08:22:00.000 5613.260401548530 1081.711411570560 -3683.669167430530 -3.81771908695574 5.01369033417070 -4.34435189810428
2025-09-27T08:26:00.000 4504.671422632550 2231.226099889010 -4579.774338711550 -5.36405596934532 4.50741167595218 -3.07785149948818
2025-09-27T08:30:00.000 3069.768021934660 3219.131626813600 -5143.202593635460 -6.52066619649458 3.67518774336354 -1.58892506366199
2025-09-27T08:34:00.000 1412.635384554800 3974.009209157250 -5333.253969364940 -7.20485604275822 2.57724889901783 0.01479226014946
2025-09-27T08:38:00.000 -346.744112295854 4441.226532473800 -5136.161111070870 -7.36755240088281 1.29245231515212 1.61777661237124
2025-09-27T08:42:00.000 -2080.992959382970 4586.792271969230 -4566.042250083590 -6.99655555406411 -0.08703253379011 3.10450776265471
2025-09-27T08:46:00.000 -3664.346731682890 4399.817187387130 -3663.958832997680 -6.11749980159824 -1.46192066050115 4.36723490911407
2025-09-27T08:50:00.000 -4981.651412108110 3893.430344776510 -2495.141017450000 -4.79277962411493 -2.73253608511817 5.31356650617783
2025-09-27T08:54:00.000 -5936.782955914410 3104.008661553940 -1144.435018882760 -3.11772769264289 -3.80601002785669 5.87349284822834
2025-09-27T08:58:00.000 -6459.835714978300 2088.694040552460 289.782645780768 -1.21420983504403 -4.60331239117542 6.00508441940602
2025-09-27T09:02:00.000 -6512.456086378530 921.282296576915 1702.836006684610 0.77841828376881 -5.06564618320073 5.69815393946983
2025-09-27T09:06:00.000 -6090.769638475530 -313.225938134635 2991.528074430670 2.71401770330762 -5.15902605142469 4.97515930019344
2025-09-27T09:10:00.000 -5225.663185082180 -1524.933221633000 4061.827359136870 4.45094262323775 -4.87688029546577 3.88948764379004
2025-09-27T09:14:00.000 -3980.389143309930 -2625.706308579800 4835.803550077830 5.86280160669052 -4.24032145599007 2.52101787009725
2025-09-27T09:18:00.000 -2445.765450323210 -3535.615313513230 5257.263420104710 6.84762033473003 -3.29609693364238 0.96982118417977
2025-09-27T09:22:00.000 -733.451768158493 -4188.668689480420 5295.707745679480 7.33463992823417 -2.11288850294459 -0.65134144108200
2025-09-27T09:26:00.000 1032.140079635670 -4537.501014663190 4948.429270814390 7.28891207809160 -0.77629403692201 -2.22498775353902
2025-09-27T09:30:00.000 2722.754879822420 -4556.739271631300 4240.680749651350 6.71358485386942 0.61703425500316 -3.63692701849498
2025-09-27T09:34:00.000 4215.511621075730 -4244.875392753150 3223.915085631900 5.65008559601578 1.96607378138724 -4.78436501477405
2025-09-27T09:38:00.000 5401.819592227850 -3624.444878029320 1972.124285078490 4.17540531010153 3.17268638547917 -5.58341562693548
2025-09-27T09:42:00.000 6195.341749404030 -2740.474256671880 576.520455087303 2.39693467816971 4.14876041112267 -5.97541683946051
2025-09-27T09:46:00.000 6538.415205103910 -1657.248548532830 -861.131240251176 0.44473100237136 4.82297799004719 -5.93169860303114
2025-09-27T09:50:00.000 6406.335038784360 -453.581548291225 -2236.041956896240 -1.53838344950799 5.14636458977326 -5.45589426660938
2025-09-27T09:54:00.000 5809.110417367000 783.029847174065 -3448.158436000320 -3.40781750774035 5.09596622940457 -4.58353379456312
2025-09-27T09:58:00.000 4790.562476241040 1962.864728171250 -4409.497241020600 -5.02814135699150 4.67624387557358 -3.37895484116496
2025-09-27T10:02:00.000 3424.925898584910 3000.502097364700 -5050.468594973220 -6.28282394832708 3.91826407353822 -1.93009123525544
2025-09-27T10:06:00.000 1811.327133716080 3820.918450353000 -5324.763914187870 -7.08210094196967 2.87703776085651 -0.34183275385886
2025-09-27T10:10:00.000 66.623143185658 4364.770755798550 -5212.545672172700 -7.36876848049592 1.62743582951336 1.27139966651902
2025-09-27T10:14:00.000 -1682.888426745900 4592.562115238300 -4721.808357696160 -7.12179669846696 0.25906326129653 2.79338120706296
2025-09-27T10:18:00.000 -3310.396386917070 4487.485274884330 -3887.871920644800 -6.35803291931515 -1.12968787921487 4.11395821128898
2025-09-27T10:22:00.000 -4697.625665916060 4056.731394694590 -2770.986526425000 -5.13143810984927 -2.43835674073642 5.13675710266527
2025-09-27T10:26:00.000 -5743.426459938800 3331.152989077070 -1452.160651623100 -3.53003670292041 -3.57144847845180 5.78630944598099
2025-09-27T10:30:00.000 -6371.303119647810 2363.195213591430 -27.381675179066 -1.67005322684301 -4.44568379138613 6.01411286826830
2025-09-27T10:34:00.000 -6535.224072390530 1223.158483211860 1399.393881192820 0.31246474075698 -4.99655559216612 5.80277159975866
2025-09-27T10:38:00.000 -6223.157455848500 -5.965023673583 2723.961698044680 2.27208623001708 -5.18350925551164 5.16765373793694
2025-09-27T10:42:00.000 -5457.969483970820 -1234.658774932280 3849.641600091340 4.06530557626269 -4.99306104087697 4.15564640564923
2025-09-27T10:46:00.000 -4295.633354499340 -2373.521302916240 4694.424598630430 5.56147970612598 -4.43958391115607 2.84127108335973
2025-09-27T10:50:00.000 -2820.970497232410 -3339.816286737750 5196.926484461350 6.65227922151784 -3.56384617266972 1.32080201562746
2025-09-27T10:54:00.000 -1141.337369780150 -4063.444174805740 5320.758558146460 7.25927643740749 -2.42968588842491 -0.29508156353007
2025-09-27T10:58:00.000 621.194758981920 -4491.929929542950 5057.032064342810 7.33894776475358 -1.11925504617767 -1.88920911552631
2025-09-27T11:02:00.000 2338.608242260420 -4594.144836541770 4424.947504242410 6.88552933160103 0.27274372587436 -3.34604065133003
2025-09-27T11:06:00.000 3886.100541843850 -4362.554868174320 3470.438248919640 5.93148759533572 1.64550066114435 -4.55963117439077
2025-09-27T11:10:00.000 5151.104725338830 -3813.855144937310 2262.944251289340 4.54579838395424 2.89915915540471 -5.44128105045726
2025-09-27T11:14:00.000 6041.552137764300 -2987.845531293270 890.431684818260 2.82929414649640 3.94223982901368 -5.92630853018781
2025-09-27T11:18:00.000 6492.694774107250 -1944.581518156590 -547.023795528248 0.90741626568137 4.69851516879417 -5.97916529093733
2025-09-27T11:22:00.000 6471.920354164220 -759.973794622922 -1944.625588512180 -1.07921112007549 5.11294885033855 -5.59632554952253
2025-09-27T11:26:00.000 5981.112969643520 479.836848865121 -3200.616169534690 -2.98557059624726 5.15584018404738 -4.80644506180803
2025-09-27T11:30:00.000 5056.382981154540 1684.846834367510 -4223.764159356220 -4.67329196382550 4.82485591227156 -3.66795787671517
2025-09-27T11:34:00.000 3765.216141506150 2767.769484061270 -4939.961321181270 -6.02081636315330 4.14472691945809 -2.26415934338912
2025-09-27T11:38:00.000 2201.409057103130 3650.289563466530 -5297.449420618980 -6.93166918170419 3.16497485860666 -0.69684361502053
2025-09-27T11:42:00.000 478.255875365895 4268.588215785780 -5270.394649995950 -7.34070466658079 1.95615138401088 0.92099812156988
2025-09-27T11:46:00.000 -1279.512272331110 4577.824089269910 -4860.659826280580 -7.21828772348773 0.60494825028152 2.47286632772155
2025-09-27T11:50:00.000 -2944.537926112450 4555.325855917260 -4097.700457650400 -6.57232955579937 -0.79158908984186 3.84661531610869
2025-09-27T11:54:00.000 -4395.888277143920 4202.315972662070 -3036.593366696210 -5.44827126683061 -2.13254918758048 4.94215318012692
2025-09-27T11:58:00.000 -5527.817549320180 3543.987107146710 -1754.244929267010 -3.92657875823440 -3.32029909394321 5.67883339586681
2025-09-27T12:02:00.000 -6257.592579361730 2627.847939237440 -343.930185663505 -2.11745761055695 -4.26768807215763 6.00182573680252
2025-09-27T12:06:00.000 -6531.740087175550 1520.375491316310 1091.492842487110 -0.15302913074276 -4.90486097636204 5.88668293878813
2025-09-27T12:10:00.000 -6330.145492046410 302.162026008436 2447.194595231070 1.82263994582740 -5.18483483693851 5.34157911044869
2025-09-27T12:14:00.000 -5667.585613964850 -938.061940135059 3624.195891672610 3.66475588016532 -5.08721035842805 4.40675036107866
2025-09-27T12:18:00.000 -4592.553555612110 -2110.024940543970 4536.707128483920 5.23892303013406 -4.61956903580303 3.15110376682023
2025-09-27T12:22:00.000 -3183.543782043530 -3128.554401109960 5118.381225141280 6.43102292087342 -3.81648000148227 1.66669469263808
2025-09-27T12:26:00.000 -1543.189077479430 -3919.739254603350 5327.055784398200 7.15518135891435 -2.73659771002205 0.06174816196757
2025-09-27T12:30:00.000 209.253303668187 -4426.204884089720 5147.693598214930 7.35946679249966 -1.45823496439300 -1.54727516630216
2025-09-27T12:34:00.000 1946.488978182170 -4611.187351007720 4593.388553095320 7.02921495888051 -0.07382621800720 -3.04375380783351
2025-09-27T12:38:00.000 3542.308302761240 -4461.169003530580 3704.431478223500 6.18810102650433 1.31646462599046 -4.31900515167719
2025-09-27T12:42:00.000 4880.671015879140 -3986.906938879000 2545.469293823740 4.89676907441048 2.61168836925547 -5.27997475241572
2025-09-27T12:46:00.000 5864.170478285250 -3222.761512881020 1200.899287600510 3.24899470156149 3.71733902568530 -5.85619538235155
2025-09-27T12:50:00.000 6421.253206561020 -2224.268452172100 -231.254353221209 1.36512129986079 4.55260744636227 -6.00535466206244
2025-09-27T12:54:00.000 6511.552295412160 -1064.077692804300 -1646.563184320380 -0.61696896355337 5.05660477317091 -5.71676060227773
2025-09-27T12:58:00.000 6128.848582290060 173.421901105288 -2941.938143693910 -2.55244554349093 5.19301665342823 -5.01217286506526
2025-09-27T13:02:00.000 5301.398347490630 1398.355888772940 -4023.234444332970 -4.30066362751301 4.95266666744045 -3.94381454169855
2025-09-27T13:06:00.000 4089.666091758850 2521.945885054650 -4812.080504138990 -5.73546635755234 4.35373185938707 -2.59002176854563
2025-09-27T13:10:00.000 2581.756636926850 3462.906696029270 -5251.445139726660 -6.75400243252454 3.44002711098838 -1.04915821248714
2025-09-27T13:14:00.000 886.963318668386 4153.202734906250 -5309.591134722300 -7.28347299921564 2.27745912914084 0.56759714723744
2025-09-27T13:18:00.000 -872.032054009161 4542.818560257880 -4982.245668060110 -7.28571424094274 0.94943627734436 2.14384741834391
2025-09-27T13:22:00.000 -2567.827195569660 4603.306025763390 -4292.916023431590 -6.75981466062959 -0.44872702588548 3.56580074634538
2025-09-27T13:26:00.000 -4077.337422093630 4329.889309989590 -3291.322384742360 -5.74254643270489 -1.81619266659635 4.73009099091856
2025-09-27T13:30:00.000 -5290.656388651450 3741.962867209500 -2049.989704736410 -4.30641399063075 -3.05357371851949 5.55123224487105
2025-09-27T13:34:00.000 -6119.146698133180 2881.882470026890 -659.146939788791 -2.55522107515840 -4.07013860586296 5.96817989026443
2025-09-27T13:38:00.000 -6502.142670340760 1812.007640290390 779.805659730649 -0.61676424444339 -4.79104023253324 5.94957534803716
2025-09-27T13:42:00.000 -6411.567178719510 610.156287206906 2161.799414672570 1.36691110289329 -5.16314666144331 5.49643432363643
2025-09-27T13:46:00.000 -5854.061171401450 -636.143730309045 3385.921397278200 3.25040221061606 -5.15920229036269 4.64213346768405
2025-09-27T13:50:00.000 -4870.446251050470 -1836.154555649590 4362.906624579770 4.89610375048068 -4.77985537677003 3.44969405019530
2025-09-27T13:54:00.000 -3532.585593293520 -2902.629741196820 5021.679424788730 6.18452356133826 -4.05329105503184 2.00666236601914
2025-09-27T13:58:00.000 -1937.979228916490 -3758.156081347950 5314.454569351090 7.02273725685271 -3.03270213858753 0.41834477844764
2025-09-27T14:02:00.000 -202.600411112531 -4340.690982839260 5220.086355187920 7.35057098446363 -1.79219008552894 -1.19989113548793
2025-09-27T14:06:00.000 1547.481208223500 -4607.966569220780 4745.513671845990 7.14451891498415 -0.42148495070202 -2.73074983989946
2025-09-27T14:10:00.000 3185.137022404430 -4540.513353648140 3925.240040889700 6.41933017802804 0.98026334181496 -4.06315491531081
2025-09-27T14:14:00.000 4591.314510385060 -4143.100487503360 2818.903903899280 5.22723757688667 2.31140020058907 -5.09996112468316
2025-09-27T14:18:00.000 5663.702768649170 -3444.482803379630 1507.052894402900 3.65473558751563 3.47492353687005 -5.76524323096072
2025-09-27T14:22:00.000 6324.271203424120 -2495.395361730260 85.298642170001 1.81644932638746 4.38583671023144 -6.01017216729152
2025-09-27T14:26:00.000 6525.071058537600 -1364.878082206470 -1342.684522051020 -0.15310497276655 4.97759348811814 -5.81689132297911
2025-09-27T14:30:00.000 6251.807086764030 -135.178976409252 -2672.848335815400 -2.10988146830251 5.20739150830450 -5.20014132169232
2025-09-27T14:34:00.000 5524.774028606760 1104.356130719060 -3808.468919369000 -3.91149549021272 5.05919372470266 -4.20576000280724
2025-09-27T14:38:00.000 4397.177382628090 2263.845624818230 -4667.189850236880 -5.42773144098624 4.54452906668237 -2.90681188804211
2025-09-27T14:42:00.000 2951.077329118500 3259.375635381710 -5186.895848851890 -6.54974229428603 3.70121190796794 -1.39781931589900
2025-09-27T14:46:00.000 1291.348166880830 4018.964703460640 -5330.045077678320 -7.19729826141704 2.59023541606108 0.21217517176298
2025-09-27T14:50:00.000 -461.852001755310 4487.619552517260 -5086.247550296460 -7.32391666870194 1.29134806011595 1.80724979183125
2025-09-27T14:54:00.000 -2181.577357548050 4631.213397366440 -4472.984641303720 -6.91986951433212 -0.10227564179799 3.27237132902919
2025-09-27T14:58:00.000 -3743.080129656240 4438.978077774010 -3534.453992514280 -6.01317935191451 -1.49025345486426 4.50123075388721
2025-09-27T15:02:00.000 -5032.758379355230 3924.416902058680 -2338.558457400060 -4.66827088822713 -2.77189771470963 5.40380837174511
2025-09-27T15:06:00.000 -5956.478190401600 3124.511187466570 -972.155412994759 -2.98208072524148 -3.85346995666124 5.91323424525799
2025-09-27T15:10:00.000 -6446.626985684670 2097.181071170940 465.199059980502 -1.07733700805673 -4.65535206925686 5.99129617058514
2025-09-27T15:14:00.000 -6467.269037670340 917.121608917759 1868.569364598570 0.90635121185902 -5.11834934428747 5.63175196834129
2025-09-27T15:18:00.000 -6016.916863736100 -329.731733776499 3135.471578252700 2.82349181948190 -5.20858615068934 4.86111750516826
2025-09-27T15:22:00.000 -5128.565378262130 -1552.601570708930 4173.496394019260 4.53400667822898 -4.91978091275561 3.73623382049711
2025-09-27T15:26:00.000 -3867.139694288340 -2662.553907563040 4907.083771045780 5.91352619929926 -4.27343789513882 2.33975078029505
2025-09-27T15:30:00.000 -2324.613088719660 -3578.983966678050 5282.983155943110 6.86235701153550 -3.31699009168684 0.77373679246897
2025-09-27T15:34:00.000 -613.212690007309 -4235.421915053150 5274.009257518630 7.31233731223927 -2.12002102665895 -0.84800344018233
2025-09-27T15:38:00.000 1142.715796792540 -4584.250368281630 4880.899921808340 7.23118221286859 -0.76913039504967 -2.40791241528720
2025-09-27T15:42:00.000 2815.622841953970 -4600.094780640830 4132.244969182660 6.62465448859358 0.63799001031356 -3.79281270485619
2025-09-27T15:46:00.000 4283.916352239230 -4281.682150069830 3082.470422536890 5.53639192964665 1.99936348140190 -4.90185690270116
2025-09-27T15:50:00.000 5440.779161258540 -3652.017066772230 1807.986249466420 4.04523611204164 3.21587315480136 -5.65386510423766
2025-09-27T15:54:00.000 6202.035183966760 -2756.804825934600 401.671057011438 2.25987327386276 4.19868792767439 -5.99369310763154
2025-09-27T15:58:00.000 6512.388243943790 -1661.145068935840 -1033.938451964800 0.31079604476462 4.87603443121269 -5.89651395756094
2025-09-27T16:02:00.000 6349.525860607310 -444.754820644525 -2394.214541434450 -1.65939433842832 5.19869069890354 -5.36989026659674
2025-09-27T16:06:00.000 5725.701961759850 803.948207107070 -3580.195578434110 -3.50712448994336 5.14379519050485 -4.45308795327192
2025-09-27T16:10:00.000 4686.657928475330 1994.373800610660 -4505.824465221760 -5.09861772465653 4.71613934931876 -3.21364369972201
2025-09-27T16:14:00.000 3308.087759191170 3040.338501315580 -5104.118004760590 -6.31948887606459 3.94733826355338 -1.74191292230308
2025-09-27T16:18:00.000 1690.029287886110 3866.211744806320 -5331.854386854210 -7.08238080404931 2.89315244178253 -0.14436468452622
2025-09-27T16:22:00.000 -50.348372024972 4412.243847458520 -5172.553358260790 -7.33265600430149 1.62936204259645 1.46390848348515
2025-09-27T16:26:00.000 -1787.060118749190 4638.760366190670 -4637.609395871600 -7.05187794419232 0.24655748715213 2.96702460005034
2025-09-27T16:30:00.000 -3394.202910871440 4529.021632854200 -3765.543320727710 -6.25925181906907 -1.15579943763067 4.25611022018065
2025-09-27T16:34:00.000 -4754.950474002940 4090.549330256210 -2619.392477433680 -5.01087394499188 -2.47617065313242 5.23697577253056
2025-09-27T16:38:00.000 -5770.061997267750 3354.762399719580 -1282.324620812640 -3.39642544383683 -3.61817348149152 5.83714743521307
2025-09-27T16:42:00.000 -6365.283863650920 2374.863563431390 148.307174754001 -1.53322939699149 -4.49785192204873 6.01174114479349
2025-09-27T16:46:00.000 -6496.993420957790 1222.033300755420 1568.104019899810 0.44240826398832 -5.05034539957027 5.74734551715947
2025-09-27T16:50:00.000 -6155.534114944070 -19.799781657455 2873.373065961820 2.38555855053456 -5.23498515946437 5.06325990250596
2025-09-27T16:54:00.000 -5365.941127181440 -1260.196355875820 3968.867524067500 4.15397344023109 -5.03853414673309 4.01006020446255
2025-09-27T16:58:00.000 -4185.959164346020 -2408.926221361880 4774.813855670130 5.61899799833196 -4.47585185005905 2.66521250181338
2025-09-27T17:02:00.000 -2701.650733495350 -3382.550932435930 5232.665861738410 6.67466885478122 -3.58827400804800 1.12702856175624
2025-09-27T17:06:00.000 -1021.043341656800 -4110.425165567680 5309.259594956280 7.24495786406785 -2.44041244320372 -0.49256853467112
2025-09-27T17:10:00.000 733.723210972692 -4539.745087823490 4999.124507849640 7.28893886173126 -1.11542363575381 -2.07611213705282
2025-09-27T17:14:00.000 2435.181303402960 -4639.304143071950 4324.824734725080 6.80337698654548 0.29091175927148 -3.50877349233673
2025-09-27T17:18:00.000 3959.672367020880 -4401.753644131800 3335.374069768120 5.82313008655099 1.67669704703452 -4.68628261409153
2025-09-27T17:22:00.000 5196.299202967060 -3844.223437727230 2102.775310055090 4.41912452518984 2.94109765646834 -5.52254658883103
2025-09-27T17:26:00.000 6055.062531217490 -3007.164037944810 716.839618028064 2.69356680468195 3.99180579878579 -5.95621266669921
2025-09-27T17:30:00.000 6473.544115265230 -1951.451337722050 -721.375264230668 0.77265146632413 4.75205288368029 -5.95556626625965
2025-09-27T17:34:00.000 6421.537858527610 -753.905176246402 -2107.036226338060 -1.20310901276285 5.16657854604257 -5.52104630302852
2025-09-27T17:38:00.000 5903.215338292780 498.400398249661 -3339.284882385460 -3.08957340032388 5.20571077000119 -4.68510501039740
2025-09-27T17:42:00.000 4956.679854520610 1714.567070457040 -4328.647164670030 -4.74990774798057 4.86739924764403 -3.50948296951380
2025-09-27T17:46:00.000 3650.980104376130 2806.510125496920 -5003.489037887170 -6.06459099414211 4.17690277665009 -2.08010559524290
2025-09-27T17:50:00.000 2080.940438447250 3695.268784898450 -5315.054075699450 -6.93952920659051 3.18447035123230 -0.50052588646134
2025-09-27T17:54:00.000 360.288046455272 4316.572245140040 -5240.826402375010 -7.31213642520124 1.96153763565095 1.11541085428123
2025-09-27T17:58:00.000 -1386.432638744200 4625.353819321490 -4786.071759597370 -7.15534718114913 0.59579070068163 2.65133681700159
2025-09-27T18:02:00.000 -3032.657689695950 4598.962015877120 -3983.507209743300 -6.47954553581266 -0.81469463277186 3.99616761556584
2025-09-27T18:06:00.000 -4458.809344185790 4238.886052576980 -2891.097357560740 -5.33234138043643 -2.16797211275064 5.05185312801471
2025-09-27T18:10:00.000 -5560.964850161600 3570.828042374660 -1588.042365295240 -3.79591006501550 -3.36545136434689 5.74061828290944
2025-09-27T18:14:00.000 -6258.558779392960 2643.011626132830 -169.146337806863 -1.98160558530353 -4.31924267655851 6.01109870777004
2025-09-27T18:18:00.000 -6500.484476921550 1522.774639610030 1262.089736611440 -0.02203507383309 -4.95902916977023 5.84274140050860
2025-09-27T18:22:00.000 -6269.008255254240 291.637085603470 2601.150891700020 1.93913014505399 -5.23772383579021 5.24771641394546
2025-09-27T18:26:00.000 -5581.094593118190 -960.745185591998 3750.294505978490 3.75825637868609 -5.13503141815165 4.26990608065579
2025-09-27T18:30:00.000 -4487.075754502300 -2143.230740538330 4625.786018348530 5.30269902298425 -4.65891081071849 2.98135153794797
2025-09-27T18:34:00.000 -3066.797354074150 -3169.896802382080 5163.993394280120 6.46062067228879 -3.84453147657887 1.47643191735001
2025-09-27T18:38:00.000 -1423.659936713900 -3966.240590850310 5325.906731499860 7.14864707539295 -2.75125096213609 -0.13532091950730
2025-09-27T18:42:00.000 322.899692776196 -4474.482954156400 5099.848850186660 7.31726160288015 -1.45827293823340 -1.73697847386417
2025-09-27T18:46:00.000 2045.996271519950 -4657.697657773880 4502.283205620510 6.95428765947262 -0.05912907288927 -3.21236149582436
2025-09-27T18:50:00.000 3620.412081934440 -4502.473052981140 3576.643122585670 6.08573120990970 1.34488012232398 -4.45420432838990
2025-09-27T18:54:00.000 4931.631272344540 -4019.948541206460 2390.267240292610 4.77432235573538 2.65169759471039 -5.37180159563612
2025-09-27T18:58:00.000 5884.216444224050 -3245.099159806510 1029.581155988870 3.11540805704560 3.76596992539172 -5.89783025571710
2025-09-27T19:02:00.000 6408.882304456710 -2234.260379960220 -406.193714231145 1.23024857278346 4.60621447254392 -5.99371877991433
2025-09-27T19:06:00.000 6467.656278521690 -1060.999124130100 -1812.372560775920 -0.74319264867680 5.11125191971151 -5.65279823175961
2025-09-27T19:10:00.000 6056.628519446000 189.342414423274 -3086.557452007470 -2.66081421743130 5.24473380378107 -4.90064719661412
2025-09-27T19:14:00.000 5206.116890498790 1425.958210264850 -4136.169876636490 -4.38330330133195 4.99771055236346 -3.79293600542515
2025-09-27T19:18:00.000 3978.255573586800 2559.229600126740 -4885.162878623070 -5.78643115519852 4.38888115503233 -2.41081959970566
2025-09-27T19:22:00.000 2462.303414468180 3507.177643086490 -5279.405668995070 -6.76965933242340 3.46275566197268 -0.85463126015806
2025-09-27T19:26:00.000 768.124670961774 4201.266249545180 -5290.428284819330 -7.26273148678893 2.28614209645588 0.76338609752742
2025-09-27T19:30:00.000 -981.650317301705 4591.204977947410 -4917.362080822170 -7.23008560944097 0.94342118847546 2.32675284022551
2025-09-27T19:34:00.000 -2660.283619568690 4648.512787247170 -4187.019563153000 -6.67328309662041 -0.46905584451115 3.72258631857240
2025-09-27T19:38:00.000 -4145.916908279800 4368.634897975450 -3152.101002435620 -5.63130780182341 -1.84937525251037 4.84929666449362
2025-09-27T19:42:00.000 -5330.369549327990 3771.439374420670 -1887.581566496420 -4.17859033228547 -3.09716144110630 5.62405122203793
2025-09-27T19:46:00.000 -6127.122588900510 2899.957398548320 -485.400113999264 -2.42018478981105 -4.12098551958925 5.98926933620026
2025-09-27T19:50:00.000 -6477.829725863650 1817.377213180320 952.209903333896 -0.48438685694213 -4.84541435738979 5.91736343691161
2025-09-27T19:54:00.000 -6356.785354512720 602.452596357264 2320.275010458510 1.48686439171219 -5.21705312276041 5.41329966145902
2025-09-27T19:58:00.000 -5772.878239778900 -656.340481311074 3518.917725273890 3.34911385348190 -5.20879115763301 4.51426364393994
2025-09-27T20:02:00.000 -4768.850624073960 -1867.380442020120 4460.759722333870 4.96648453689968 -4.82162214442524 3.28650188373690
2025-09-27T20:06:00.000 -3418.019648545090 -2942.632332918260 5077.298439164110 6.22159269351137 -4.08422214265682 1.82005410090659
2025-09-27T20:10:00.000 -1818.792685994710 -3804.049430538310 5323.822024870270 7.02397433447581 -3.05055072190225 0.22186002885988
2025-09-27T20:14:00.000 -87.436542421483 -4389.145240704350 5182.524400928420 7.31601987103788 -1.79551934096228 -1.39213469196316
2025-09-27T20:18:00.000 1650.276243200520 -4655.423267653340 4663.711798236860 7.07659127748789 -0.40986657021817 -2.90493612436582
2025-09-27T20:22:00.000 3268.076072045200 -4583.450946661600 3805.087964173440 6.32277477273919 1.00608433648149 -4.20658678380123
2025-09-27T20:26:00.000 4648.314090523950 -4178.317196699040 2669.099070648020 5.10892953062318 2.34951528646681 -5.20211547572558
2025-09-27T20:30:00.000 5690.535577697710 -3469.354261863300 1338.474980385880 3.52318827507980 3.52246650650163 -5.81854548479549
2025-09-27T20:34:00.000 6318.904838716040 -2508.082841597830 -89.769154116140 1.68134953218125 4.43918419574156 -6.01061538947896
2025-09-27T20:38:00.000 6487.857407943860 -1364.457733807040 -1511.479440653450 -0.28177064792467 5.03280392461024 -5.76450771521475
2025-09-27T20:42:00.000 6185.437830218910 -121.690178839435 -2823.085038286560 -2.22268950000990 5.26042337326023 -5.09883750137565
2025-09-27T20:46:00.000 5434.070530684990 1129.924526193260 -3929.235545062430 -4.00023677405493 5.10621525147884 -4.06299095823351
2025-09-27T20:50:00.000 4288.727393566210 2299.634233154350 -4749.733899009820 -5.48598485043856 4.58216202267668 -2.73300612248517
2025-09-27T20:54:00.000 2832.747135250880 3302.789929826710 -5225.249250748790 -6.57333239003969 3.72674157567083 -1.20561275581398
2025-09-27T20:58:00.000 1171.709837825240 4066.858561022510 -5321.445297965050 -7.18454213586167 2.60180923214655 0.40886773481563
2025-09-27T21:02:00.000 -574.134145810404 4536.522571233460 -5031.329759811850 -7.27574503891113 1.28812905433367 1.99419990613626
2025-09-27T21:06:00.000 -2278.370697974550 4677.577980733470 -4375.733255267150 -6.83974434716797 -0.12008731569198 3.43605635612908
2025-09-27T21:10:00.000 -3817.362368567010 4479.431077159220 -3401.921840582820 -5.90684063037839 -1.52141413285912 4.62974861539811
2025-09-27T21:14:00.000 -5079.122030366330 3956.004673312910 -2180.375870638210 -4.54336443707872 -2.81415842025405 5.48771840158761
2025-09-27T21:18:00.000 -5971.533646253660 3144.930412601460 -799.848435716829 -2.84769712835268 -3.90369539728790 5.94628558989984
2025-09-27T21:22:00.000 -6429.284751309250 2104.957272480960 639.049724043083 -0.94341668252146 -4.70984825355137 5.97103503353443
2025-09-27T21:26:00.000 -6418.827849692110 911.696937351418 2031.273986611870 1.03000845391553 -5.17318798554001 5.55970367429257
2025-09-27T21:30:00.000 -5940.941795759120 -347.954847104115 3275.161295462760 2.92786952921904 -5.25974520682555 4.74255704311274
2025-09-27T21:34:00.000 -5030.636382013300 -1582.285513951210 4279.993333416340 4.61146239290464 -4.96355669283341 3.57990295937031
2025-09-27T21:38:00.000 -3754.429109544540 -2701.541074630820 4972.654180044120 5.95852662568006 -4.30672709032530 2.15710799553891
2025-09-27T21:42:00.000 -2205.335086562490 -3624.452195029710 5302.870546063040 6.87176655573336 -3.33737270956053 0.57799966647265
2025-09-27T21:46:00.000 -496.032658021574 -4284.068606139590 5246.762755684570 7.28556831671103 -2.12594469306416 -1.04266377155592
2025-09-27T21:50:00.000 1249.302742600070 -4632.514073472830 4808.476506702680 7.17020441494715 -0.76000187743566 -2.58744590291675
2025-09-27T21:54:00.000 2903.877999082750 -4644.399934993690 4019.864993468220 6.53376476208534 0.66166439022775 -3.94421809616379
2025-09-27T21:58:00.000 4347.391008499000 -4318.721321775810 2938.262916536020 5.42202220063792 2.03585663781624 -5.01404815526922
2025-09-27T22:02:00.000 5474.795891722870 -3679.023262513150 1642.415345253790 3.91560530330516 3.26246209111845 -5.71859899426090
2025-09-27T22:06:00.000 6204.039095219870 -2771.763980023100 226.780474551061 2.12437538548185 4.25184560748366 -6.00612185356105
2025-09-27T22:10:00.000 6482.170040837410 -1662.957780702500 -1205.399344001160 0.17944450319527 4.93174837835626 -5.85568873344716
2025-09-27T22:14:00.000 6289.254746204910 -433.296200418060 -2549.754007437590 -1.77694982422207 5.25289659130720 -5.27885706981275
2025-09-27T22:18:00.000 5639.745462655270 827.838008209840 -3708.497192299690 -3.60230597608516 5.19255565368928 -4.31853801946051
2025-09-27T22:22:00.000 4581.251438161970 2028.956237564280 -4597.568269278860 -5.16454295694745 4.75594394483422 -3.04540505263227
2025-09-27T22:26:00.000 3190.866466308400 3083.102456135390 -5152.644028131090 -6.35143036928110 3.97529441006251 -1.55219390532067
2025-09-27T22:30:00.000 1569.472889540050 3914.046575090340 -5333.632801052740 -7.07806488591040 2.90718124779629 0.05311812658424
2025-09-27T22:34:00.000 -165.519813945661 4461.653149455420 -5127.430869860390 -7.29235522150887 1.62836418085411 1.65489362510187
2025-09-27T22:38:00.000 -1888.500096305670 4686.118783586520 -4548.825309821990 -6.97843388527568 0.23056112580936 3.13767022713955
2025-09-27T22:42:00.000 -3474.540952294570 4570.842387822760 -3639.505542727640 -6.15789883529053 -1.18567729366776 4.39401622374990
2025-09-27T22:46:00.000 -4808.319594689960 4123.737854888330 -2465.223833958480 -4.88883412497786 -2.51778585108773 5.33203891637938
2025-09-27T22:50:00.000 -5792.527332300730 3376.855758265990 -1111.225355544640 -3.26250532313809 -3.66843960350013 5.88228104642555
2025-09-27T22:54:00.000 -6355.157922077570 2384.226639907510 323.863046675738 -1.39723862838909 -4.55300350916444 6.00350007054938
2025-09-27T22:58:00.000 -6454.991195120400 1217.982865425380 1735.292954726910 0.57039833796217 -5.10628341462356 5.68629609320809
2025-09-27T23:02:00.000 -6084.730135212050 -36.963164923937 3019.989493433860 2.49611130584307 -5.28766499667699 4.95393180174884
2025-09-27T23:06:00.000 -5271.519441914600 -1289.227730689610 4084.221271111980 4.23903109583702 -5.08414539632889 3.86047114137648
2025-09-27T23:10:00.000 -4074.823380769190 -2447.715747757470 4850.508920336710 5.67237661626603 -4.51106131647918 2.48634746476093
2025-09-27T23:14:00.000 -2581.914621152680 -3428.280894040500 5263.214805340690 6.69254033765811 -3.61055841781150 0.93197669429586
2025-09-27T23:18:00.000 -901.424823451264 -4159.783666026690 5292.463122816980 7.22612420623609 -2.44817896851844 -0.68966720381875
2025-09-27T23:22:00.000 844.532611345387 -4589.153304164010 4936.211409006410 7.23481633950188 -1.10805651843300 -2.26097523721041
2025-09-27T23:26:00.000 2529.136464839200 -4685.162083225020 4220.370908757050 6.71789816887839 0.31296107038659 -3.66796592262008
2025-09-27T23:30:00.000 4029.947689259420 -4440.703026848230 3196.978586788100 5.71247414645889 1.71188081521358 -4.80820792968747
2025-09-27T23:34:00.000 5237.779212090720 -3873.396791794660 1940.512485389590 4.29128235244824 2.98687291753467 -5.59828737134555
2025-09-27T23:38:00.000 6064.722227945200 -3024.411385286580 542.533823082517 2.55785792745594 4.04480283232215 -5.98021219234787
2025-09-27T23:42:00.000 6450.678032560320 -1955.499652808250 -895.013372781680 0.63898359449066 4.80836587372769 -5.92603350610639
2025-09-27T23:46:00.000 6367.824883407010 -744.454728745378 -2267.342475095790 -1.32491377495947 5.22206501463546 -5.44017883494937
2025-09-27T23:50:00.000 5822.595690713600 520.664306883230 -3474.589274840580 -3.19062899020621 5.25636204896224 -4.55891460021436
2025-09-27T23:54:00.000 4855.042092242790 1748.039106409700 -4429.123857077590 -4.82295740981800 4.90958522099964 -3.34721944422726
2025-09-27T23:58:00.000 3535.710542942860 2848.777423813030 -5061.851240631770 -6.10447100842032 4.20755771721330 -1.89354557780676
2025-09-28T00:02:00.000 1960.383764426050 3743.269966259520 -5327.059992647510 -6.94344753430513 3.20128786362952 -0.30311741041409
2025-09-28T00:06:00.000 243.160666135526 4366.803575779740 -5205.571986548530 -7.27980325711355 1.96316422985045 1.30945648723806
2025-09-28T00:10:00.000 -1491.647356992670 4674.115173863780 -4706.061009939850 -7.08898593271776 0.58197271781101 2.82798931123273
2025-09-28T00:14:00.000 -3118.305829242620 4642.637902058900 -3864.491425519250 -6.38382724615651 -0.84299937360009 4.14256594912871
2025-09-28T00:18:00.000 -4518.626644306720 4274.223678176470 -2741.672394758000 -5.21409043240074 -2.20873209187826 5.15730299158753
2025-09-28T00:22:00.000 -5590.531031762340 3595.177379696090 -1419.037263671300 -3.66359002892824 -3.41569351853317 5.79730638476529
2025-09-28T00:26:00.000 -6255.632037898470 2654.533459380390 7.141723787607 -1.84481157594620 -4.37522096849801 6.01469957022713
2025-09-28T00:30:00.000 -6465.196789315080 1520.593380750190 1432.791767745360 0.10917145260146 -5.01652189601902 5.79286431872152
2025-09-28T00:34:00.000 -6203.882852090240 275.907232636809 2753.789008923380 2.05501717573587 -5.29243515546575 5.14799021305586
2025-09-28T00:38:00.000 -5490.870288803180 -988.870931619016 3873.719993025340 3.85024130960951 -5.18299907115118 4.12770080411018
2025-09-28T00:42:00.000 -4378.334054562960 -2181.708388003110 4711.004164122310 5.36409238642241 -4.69668525616641 2.80712063414340
2025-09-28T00:46:00.000 -2947.458916152750 -3215.932191028170 5204.807511783980 6.48699417233660 -3.86934791717811 1.28289291013544
2025-09-28T00:50:00.000 -1302.414651229670 -4016.486665740710 5319.359885396970 7.13807308664016 -2.76132214668002 -0.33403580049594
2025-09-28T00:54:00.000 437.230766712561 -4525.297685021140 5046.438481232120 7.27057918918049 -1.45291162736844 -1.92641896880234
2025-09-28T00:58:00.000 2145.106728264830 -4705.399139342300 4405.908270880580 6.87490705872339 -0.03870305632077 -3.37876683259801
2025-09-28T01:02:00.000 3697.104263989650 -4543.602397585460 3444.330570272870 5.97943344603018 1.37888661056131 -4.58544136592534
2025-09-28T01:06:00.000 4980.342906996630 -4051.527257246980 2231.669536794370 4.64888513195121 2.69678572933141 -5.45826429409161
2025-09-28T01:10:00.000 5901.438361624500 -3264.852263310790 856.271248034655 2.98005199013510 3.81882351212111 -5.93322501972137
2025-09-28T01:14:00.000 6393.419339197340 -2240.775426953240 -581.578159488638 1.09490431450106 4.66300858465007 -5.97551050168717
2025-09-28T01:18:00.000 6420.711014754860 -1053.821551023530 -1977.053510940070 -0.86858143992895 5.16787182935307 -5.58237577580111
2025-09-28T01:22:00.000 5981.715061948850 209.680309249529 -3228.563189907830 -2.76707395662316 5.29713290207401 -4.78329516540118
2025-09-28T01:26:00.000 5108.777350680930 1457.991657745600 -4245.217573001370 -4.46281567429511 5.04219512813347 -3.63732779256424
2025-09-28T01:30:00.000 3865.624440209940 2600.666680192120 -4953.386523067290 -5.83360749924444 4.42229094538173 -2.22829880414251
2025-09-28T01:34:00.000 2342.576365418580 3555.052286892270 -5301.898460697000 -6.78128521775594 3.48265004974837 -0.65835741447924
2025-09-28T01:38:00.000 649.973146352606 4252.125631534500 -5265.569099937690 -7.23805655055231 2.29094023929106 0.95933525868441
2025-09-28T01:42:00.000 -1089.671780929810 4641.341137323090 -4846.929668014480 -7.17083633906370 0.93260341113053 2.50827960648327
2025-09-28T01:46:00.000 -2750.326713777750 4694.232451645690 -4076.084513975440 -6.58359913662013 -0.49483016901449 3.87651376990949
2025-09-28T01:50:00.000 -4211.402115747510 4406.546010808330 -3008.686459765990 -5.51757452674583 -1.88827926698995 4.96436588371062
2025-09-28T01:54:00.000 -5366.476166973630 3798.710286601340 -1722.091374536740 -4.04898028159742 -3.14638390050855 5.69180583819603
2025-09-28T01:58:00.000 -6131.142566105490 2914.530649144340 -309.868705709778 -2.28402469970282 -4.17692188943952 6.00464975148394
2025-09-28T02:02:00.000 -6449.374921862640 1818.133357022570 1124.978762713380 -0.35158890425264 -4.90389809627480 5.87908239047417
2025-09-28T02:06:00.000 -6297.846008305310 589.303145116604 2477.648858922270 1.60653491180799 -5.27372831557815 5.32407073743842
2025-09-28T02:10:00.000 -5687.686531003660 -682.449841020794 3649.377931354460 3.44685592535799 -5.25943680342465 4.38058909248069
2025-09-28T02:14:00.000 -4663.575401756970 -1904.540793795630 4554.757889548710 5.03507267467597 -4.86251043019467 3.11820472408426
2025-09-28T02:18:00.000 -3300.303004274790 -2988.132053558930 5127.964233281920 6.25606138742902 -4.11240083679208 1.62945345864019
2025-09-28T02:22:00.000 -1697.172450680980 -3854.565983884100 5327.440848277250 7.02182446722158 -3.06391161313108 0.02279221644834
2025-09-28T02:26:00.000 29.251840590445 -4440.980011897090 5138.802517938090 7.27731233288437 -1.79308840940830 -1.58514572014818
2025-09-28T02:30:00.000 1753.544331716930 -4704.791406809060 4575.816799515660 7.00415297683686 -0.39186779398387 -3.07778255089899
2025-09-28T02:34:00.000 3350.415016332730 -4626.750965888380 3679.410261252600 6.22186389858830 1.03833348673514 -4.34665980860985
2025-09-28T02:38:00.000 4703.737712504720 -4212.398952218140 2514.792307399100 4.98692438627364 2.39360869698289 -5.29915116880003
2025-09-28T02:42:00.000 5715.029753804520 -3491.751300598890 1166.788983883060 3.38903842126538 3.57514419651145 -5.86544787186724
2025-09-28T02:46:00.000 6310.728356790440 -2517.188212792910 -266.316717401962 1.54492205359022 4.49658956337060 -6.00398416662532
2025-09-28T02:50:00.000 6447.673883002570 -1359.637380196210 -1680.026584291640 -0.41041605472700 5.09074238353695 -5.70489806330895
2025-09-28T02:54:00.000 6116.269103837670 -103.318178306751 -2971.378769023660 -2.33410357959835 5.31473989292259 -4.99072764457792
2025-09-28T02:58:00.000 5341.057345628430 1160.509963810520 -4046.534231549860 -4.08632711983178 5.15308524199880 -3.91441159466750
2025-09-28T03:02:00.000 4178.720674237830 2340.242884560590 -4827.583227421070 -5.54068763106213 4.61832269720432 -2.55484510606132
2025-09-28T03:06:00.000 2713.776129567250 3350.523467470800 -5258.062973166520 -6.59291353789289 3.74958667235399 -1.01074530883233
2025-09-28T03:10:00.000 1052.404397196750 4118.293153322010 -5306.879369612820 -7.16774902249470 2.60959490401240 0.60646061896052
2025-09-28T03:14:00.000 -685.142033961943 4587.932389367670 -4970.433330097360 -7.22379557458231 1.28010402385590 2.18036706902177
2025-09-28T03:18:00.000 -2373.029084711230 4725.193009339830 -4272.885342335070 -6.75624468792525 -0.14351652482341 3.59734948135305
2025-09-28T03:22:00.000 -3888.761479492950 4519.724569567710 -3264.550577869930 -5.79766577297838 -1.55862793649049 4.75437320606389
2025-09-28T03:26:00.000 -5122.004736558160 3985.976599841630 -2018.448308201160 -4.41635227407028 -2.86242408880195 5.56645190911695
2025-09-28T03:30:00.000 -5982.709756553050 3162.339864675340 -625.152464087419 -2.71209772254727 -3.95948025860092 5.97329320867946
2025-09-28T03:34:00.000 -6407.868167740430 2108.479544907740 813.773272818020 -0.80907242123785 -4.76906796443980 5.94423070632455
2025-09-28T03:38:00.000 -6366.311701159320 901.035151273834 2193.253907411370 1.15322247870858 -5.23143631031949 5.48095798156945
2025-09-28T03:42:00.000 -5861.108973217150 -372.048761084053 3412.549453241550 3.03089958301523 -5.31274171213774 4.61763260904390
2025-09-28T03:46:00.000 -4929.267040361300 -1618.072534995280 4382.741647889590 4.68680433419596 -5.00739623993971 3.41792789688305
2025-09-28T03:50:00.000 -3638.876400237040 -2746.416976063610 5033.243915735590 6.00065052885014 -4.33816162524155 1.96992820421799
2025-09-28T03:54:00.000 -2083.989837901700 -3675.144529623140 5316.871339109550 6.87762715665350 -3.35411169002831 0.37931055332158
2025-09-28T03:58:00.000 -377.700803072006 -4336.877935936660 5213.137422951760 7.25473560275879 -2.12673076540083 -1.23844068947614
2025-09-28T04:02:00.000 1356.019309196020 -4683.580535946720 4729.649864364100 7.10482174222689 -0.74479700917885 -2.76603003465589
2025-09-28T04:06:00.000 2991.208364969900 -4690.006758222260 3901.568990766070 6.43859242275507 0.69166814618818 -4.09252062224746
2025-09-28T04:10:00.000 4408.986439679670 -4355.562957544260 2789.121157674010 5.30405461118108 2.07844803396871 -5.12121341789019
2025-09-28T04:14:00.000 5506.197982166820 -3704.438386837890 1473.310406047220 3.78352158675379 3.31450403271047 -5.77677188479396
2025-09-28T04:18:00.000 6203.016983369420 -2783.932334795980 50.055020449185 1.98793438397504 4.30951391052172 -6.01107555313265
2025-09-28T04:22:00.000 6448.889472409830 -1661.028774442900 -1376.860965668330 0.04872995552347 4.99084691732009 -5.80716280176941
2025-09-28T04:26:00.000 6226.260435418170 -417.436834727954 -2703.484012333810 -1.89232876059355 5.30919478269960 -5.18055475940449
2025-09-28T04:30:00.000 5551.752896652620 856.473243379251 -3833.361585823970 -3.69399482261046 5.24209107517852 -4.17778741230952
2025-09-28T04:34:00.000 4474.769691439090 2068.311432952660 -4684.568468715750 -5.22601482339098 4.79521499421364 -2.87256313155477
2025-09-28T04:38:00.000 3073.706411705450 3130.368292063750 -5195.555986418780 -6.37845113829960 4.00155319701420 -1.35986188880925
2025-09-28T04:42:00.000 1450.160041924350 3965.851382174980 -5329.420871826150 -7.06890361163922 2.91850389589236 0.25112437663614
2025-09-28T04:46:00.000 -278.343780843844 4514.277103988170 -5076.436521818790 -7.24777629520966 1.62379851762436 1.84439801728097
2025-09-28T04:50:00.000 -1986.668227241560 4735.743015697040 -4454.741214419570 -6.90159640813116 0.21024921885525 3.30507404002160
2025-09-28T04:54:00.000 -3550.913263149190 4613.822292418910 -3509.133467482020 -6.05417666145103 -1.22040996298319 4.52714655518192
2025-09-28T04:58:00.000 -4857.295281169900 4156.893044487260 -2308.025760811990 -4.76563507598163 -2.56442227336458 5.42106752287585
2025-09-28T05:02:00.000 -5810.480243294780 3397.725711998830 -938.650417696540 -3.12876528813544 -3.72353922622092 5.92058918731755
2025-09-28T05:06:00.000 -6340.724664618570 2391.261612105040 499.220274193064 -1.26275708231453 -4.61248265352866 5.98823066898688
2025-09-28T05:10:00.000 -6409.184084377040 1210.651996166680 1900.627472841270 0.69576014175694 -5.16578561347608 5.61855577385821
2025-09-28T05:14:00.000 -6010.856613744000 -58.138902561217 3163.227902422150 2.60320044450634 -5.34282275620337 4.83866836764259
2025-09-28T05:18:00.000 -5174.937828660520 -1322.711574626580 4194.904518078490 4.32001130751113 -5.13093620944976 3.70610565394857
2025-09-28T05:22:00.000 -3962.550126054840 -2491.082459465520 4920.555021394820 5.72137015755222 -4.54612480002431 2.30413583356809
2025-09-28T05:26:00.000 -2462.100281903570 -3478.386777205210 5287.498838132130 6.70600339823657 -3.63130082093899 0.73517146974703
2025-09-28T05:30:00.000 -782.767092877490 -4212.980584344400 5269.194932569030 7.20308160892036 -2.45302968126087 -0.88670403794699
2025-09-28T05:34:00.000 953.419623491193 -4641.556381149420 4867.066896683840 7.17692114304449 -1.09662521829019 -2.44390776835975
2025-09-28T05:38:00.000 2620.335498405920 -4732.941294746830 4110.365600442170 6.62928514138441 0.33981389922404 -3.82345307602683
2025-09-28T05:42:00.000 4096.815354281500 -4480.380320055690 3054.112411916000 5.59956707992201 1.75211609800018 -4.92487490185284
2025-09-28T05:46:00.000 5275.448283955130 -3902.104152934900 1775.194866344140 4.16237384516052 3.03748476163229 -5.66756232589188
2025-09-28T05:50:00.000 6070.478147525250 -3040.094873157540 366.822399951743 2.42247918407004 4.10205575960244 -5.99702482387485
2025-09-28T05:54:00.000 6424.168758333080 -1957.059153777940 -1068.309491940460 0.50714678644692 4.86809954983484 -5.88923596163339
2025-09-28T05:58:00.000 6311.075792408890 -731.810427550283 -2425.616446323060 -1.44352483101874 5.27998782886473 -5.35258155827260
2025-09-28T06:02:00.000 5739.846008555850 546.579184905491 -3606.362843729320 -3.28737596850946 5.30837369068887 -4.42705102602494
2025-09-28T06:06:00.000 4752.407915297900 1785.356154986080 -4524.882782318780 -4.89093566406912 4.95203115788597 -3.18080222883107
2025-09-28T06:10:00.000 3420.711023637220 2894.824104990090 -5114.713656195320 -6.13893863458939 4.23741674407770 -1.70466623774336
2025-09-28T06:14:00.000 1841.390954733950 3794.745361535410 -5333.253003833810 -6.94208795527344 3.21638634800217 -0.10543391077059
2025-09-28T06:18:00.000 128.796018449827 4420.002510666500 -5164.681681020410 -7.24283639350585 1.96232071504197 1.50177680954310
2025-09-28T06:22:00.000 -1593.108406011810 4725.177546081990 -4621.046655755310 -7.01906206924854 0.56509208780629 3.00114798859559
2025-09-28T06:26:00.000 -3199.500828368860 4687.818432624000 -3741.486830831600 -6.28585485414325 -0.87485984324864 4.28406093305611
2025-09-28T06:30:00.000 -4573.611939491660 4310.173215453520 -2589.576392901930 -5.09495359977163 -2.25332194730027 5.25671656444848
2025-09-28T06:34:00.000 -5615.232098908380 3619.223173720630 -1248.912192181640 -3.53191011661187 -3.46967479229799 5.84718979376748
2025-09-28T06:38:00.000 -6248.187763430240 2664.895772773110 182.882554512911 -1.71027006118712 -4.43456061938886 6.01132374794300
2025-09-28T06:42:00.000 -6426.109611661240 1516.506213986270 1601.316490386740 0.23670050820261 -5.07685069235050 5.73647534433319
2025-09-28T06:46:00.000 -6135.975389228390 257.666475191713 2902.794973959660 2.16618069039905 -5.34933334122881 5.04272808354492
2025-09-28T06:50:00.000 -5399.075776955510 -1019.937611191540 3992.336419133800 3.93691674362365 -5.23233189625339 3.98126443778231
2025-09-28T06:54:00.000 -4269.335615669540 -2223.342666555310 4790.580834068400 5.41990805623047 -4.73488900024943 2.63023502505516
2025-09-28T06:58:00.000 -2829.193190986990 -3265.118853689240 5239.555348690800 6.50795089566263 -3.89370595559558 1.08848299868876
2025-09-28T07:02:00.000 -1183.472740212380 -4069.668784181540 5306.748266871430 7.12271721555347 -2.77004156800444 -0.53188823990573
2025-09-28T07:06:00.000 548.212740622488 -4578.612227733940 4987.372773353050 7.22000090220983 -1.44527992718330 -2.11330865351615
2025-09-28T07:10:00.000 2240.065374820730 -4754.962203947300 4304.683489046780 6.79276910796598 -0.01526263827544 -3.54105458806939
2025-09-28T07:14:00.000 3769.137629092830 -4585.803658852640 3308.316267731260 5.87169408013474 1.41641907043132 -4.71129363394247
2025-09-28T07:18:00.000 5024.212836076830 -4083.294924933310 2070.773031929930 4.52336374220888 2.74566074735640 -5.53848168223590
2025-09-28T07:22:00.000 5913.960874613190 -3283.884673389030 682.226327870967 2.84595994909477 3.87541814868067 -5.96190604195228
2025-09-28T07:26:00.000 6373.717647385440 -2245.711493433720 -756.075716928464 0.96212332920067 4.72316120091185 -5.95059024045547
2025-09-28T07:30:00.000 6370.283124779270 -1044.330798958720 -2139.291151346220 -0.99027496025038 5.22722094487955 -5.50577952011378
2025-09-28T07:34:00.000 5904.310225492130 232.892749860955 -3366.752744457960 -2.86882486200415 5.35144725881218 -4.66073338777185
2025-09-28T07:38:00.000 5010.095262514420 1493.243584425740 -4349.349041577450 -4.53731832684694 5.08761465432815 -3.47781691354390
2025-09-28T07:42:00.000 3752.876695464100 2645.421593405490 -5015.940362985150 -5.87563844336198 4.45558279771109 -2.04343002689200
2025-09-28T07:46:00.000 2223.950814033530 3606.087646825380 -5318.360635155620 -6.78795639208002 3.50136196466220 -0.46144729020830
2025-09-28T07:50:00.000 534.057836310738 4305.743755877340 -5234.743026745900 -7.20894101483127 2.29360135176273 1.15411037385379
2025-09-28T07:54:00.000 -1194.489727996000 4693.628135503240 -4771.022944321110 -7.10802146602823 0.91889364583819 2.68691041077689
2025-09-28T07:58:00.000 -2836.443523938830 4741.338143664030 -3960.550381975030 -6.49148874434714 -0.52405289856577 4.02609422583904
2025-09-28T08:02:00.000 -4272.528038052280 4444.969549861930 -2861.858046234190 -5.40265949706650 -1.93097472570641 5.07395676136268
2025-09-28T08:06:00.000 -5398.089277935940 3825.574690205200 -1554.610986637400 -3.91944150399565 -3.19940491626652 5.75321778502264
2025-09-28T08:10:00.000 -6130.851853646820 2927.829459081040 -133.941552474321 -2.14936669299463 -4.23622486122958 6.01317519521344
2025-09-28T08:14:00.000 -6417.153784148850 1816.885706006100 1296.502218611920 -0.22180810621749 -4.96506523275219 5.83408983323601
2025-09-28T08:18:00.000 -6236.026040196880 573.601974942586 2632.246180190860 1.72188593189031 -5.33226249602856 5.22888215883464
2025-09-28T08:22:00.000 -5600.781183669000 -711.452072439006 3775.775373763540 3.53926602093321 -5.31108343508536 4.24223428830656
2025-09-28T08:26:00.000 -4557.941354436290 -1944.735619318520 4643.758264914890 5.09777797924187 -4.90358022580837 2.94684180248186
2025-09-28T08:30:00.000 -3183.661095007320 -3036.613076894450 5173.114979716800 6.28454114634397 -4.13996759596143 1.43764898547347
2025-09-28T08:34:00.000 -1578.026601503860 -3907.836366028720 5325.497387611980 7.01410370261224 -3.07602495608093 -0.17545908929602
2025-09-28T08:38:00.000 142.243094596102 -4495.204507346920 5089.941587249900 7.23406345662447 -1.78886179960150 -1.77550754183248
2025-09-28T08:42:00.000 1852.178289903750 -4756.051893571040 4483.607438258620 6.92847930284074 -0.37154532967921 -3.24643979030172
2025-09-28T08:46:00.000 3427.525858281440 -4671.340870571190 3550.581886446350 6.11927977828754 1.07326279068653 -4.48129373441934
2025-09-28T08:50:00.000 4753.731500142070 -4247.096038920470 2358.746528825410 4.86491776166648 2.44061492423072 -5.38993576811903
2025-09-28T08:54:00.000 5734.296156108840 -3514.054363231290 994.918264033314 3.25656724869993 3.63078637503819 -5.90572932249221
2025-09-28T08:58:00.000 6297.919149716650 -2525.503764700290 -441.465112398932 1.41174773076766 4.55679929279688 -5.99086528390081
2025-09-28T09:02:00.000 6403.799996078610 -1353.388626855510 -1845.684778189150 -0.53452065331900 5.15117003508784 -5.63943704836096
2025-09-28T09:06:00.000 6044.613796261540 -82.974519954066 -3115.500890986260 -2.44010901329738 5.37106673489520 -4.87784253254815
2025-09-28T09:10:00.000 5246.909366795530 1193.473879712250 -4158.675423108110 -4.16664396369494 5.20129610993685 -3.76242633752564
2025-09-28T09:14:00.000 4068.968479315080 2383.450094307360 -4899.640107261040 -5.58963993879314 4.65495776104862 -2.37482955849925
2025-09-28T09:18:00.000 2596.402763521900 3400.860691673590 -5284.839857534580 -6.60711160386695 3.77200364007087 -0.81570565061678
2025-09-28T09:22:00.000 935.910671776127 4172.122959531110 -5286.439148196880 -7.14626999679281 2.61608089995904 0.80252840071202
2025-09-28T09:26:00.000 -792.325542217934 4641.333433207950 -4904.229055310110 -7.16814475376730 1.27004771632537 2.36335135705845
2025-09-28T09:30:00.000 -2463.126931696010 4774.245581287190 -4165.675076476760 -6.67036337870422 -0.16949862994978 3.75400369473410
2025-09-28T09:34:00.000 -3955.208135718760 4560.796449312560 -3124.067551677110 -5.68762684143109 -1.59875471688430 4.87328160559668
2025-09-28T09:38:00.000 -5159.914106881210 4016.001462713890 -1854.865520516450 -4.29000881480315 -2.91378857047759 5.63884133653473
2025-09-28T09:42:00.000 -5989.240444722760 3179.064851006540 -450.360359669622 -2.57854727805978 -4.01824068103612 5.99370778620175
2025-09-28T09:46:00.000 -6382.462902704210 2110.657967673720 987.023815847608 -0.67814749448654 -4.83076599173340 5.91104290507689
2025-09-28T09:50:00.000 -6310.774894640010 888.511313960894 2352.310253709180 1.27183523387551 -5.29149939440970 5.39659251327249
2025-09-28T09:54:00.000 -5779.472616627200 -398.347736714099 3545.802592297180 3.12843001762712 -5.36677130758358 4.48830184593794
2025-09-28T09:58:00.000 -4827.490289541250 -1656.219513313720 4480.483480640520 4.75608367446814 -5.05150428811855 3.25314980836190
2025-09-28T10:02:00.000 -3524.391981927960 -2793.636592605090 5088.373378474070 6.03663293128139 -4.36921324802757 1.78178751389081
2025-09-28T10:06:00.000 -1965.143881088150 -3728.018925169460 5325.405361384670 6.87778324693351 -3.36989760394994 0.18152504924845
2025-09-28T10:10:00.000 -263.137006188041 -4391.582768095940 5174.482320144770 7.21912417830912 -2.12610867166422 -1.43149947663920
2025-09-28T10:14:00.000 1457.986727392080 -4736.157562111200 4646.635599643940 7.03610497074708 -0.72777554497102 -2.94039395868623
2025-09-28T10:18:00.000 3073.181563532570 -4736.633413173050 3780.232869244910 6.34168812878559 0.72393292924604 -4.23555055113452
2025-09-28T10:22:00.000 4465.000892253130 -4392.844919174140 2638.291901337600 5.18595613096546 2.12357329329833 -5.22244823588373
2025-09-28T10:26:00.000 5532.174908714750 -3729.672231047060 1303.977959874370 3.65284970136583 3.36915652613733 -5.82877853635989
2025-09-28T10:30:00.000 6197.079437844830 -2795.303351429550 -125.433183575829 1.85429286436804 4.36967666548499 -6.01005958333504
2025-09-28T10:34:00.000 6411.503644327530 -1657.735246133300 -1545.717459212970 -0.07809286732750 5.05214564877022 -5.75326682124978
2025-09-28T10:38:00.000 6160.188643591060 -399.740722902646 -2853.422357436610 -2.00308959384469 5.36718849775030 -5.07777833602004
2025-09-28T10:42:00.000 5461.847334393370 887.271211080906 -3953.494640408600 -3.78064969147492 5.29263350440132 -4.03371966972068
2025-09-28T10:46:00.000 4367.595791128060 2109.981493789980 -4766.195315199230 -5.28241667341157 4.83472772177045 -2.69769383968999
2025-09-28T10:50:00.000 2957.044375702570 3179.901077213220 -5232.762049412380 -6.40065368427181 4.02715491137318 -1.16679431955316
2025-09-28T10:54:00.000 1332.452108713110 4019.654295637280 -5319.489956208750 -7.05537055469111 2.92825287057889 0.44849204527174
2025-09-28T10:58:00.000 -388.587617123098 4568.421930067430 -5020.043164264110 -7.19947088444389 1.61685301347650 2.03188086564341
2025-09-28T11:02:00.000 -2081.456727876600 4786.240817370490 -4355.904268534040 -6.82185655710603 0.18697403834518 3.46913017381410
2025-09-28T11:06:00.000 -3623.330901821510 4656.926992700740 -3374.953737312210 -5.94860262159881 -1.25837166028784 4.65579496265694
2025-09-28T11:10:00.000 -4902.013869469840 4189.389078332820 -2148.200750293360 -4.64177618371946 -2.61432347992822 5.50479265011448
2025-09-28T11:14:00.000 -5824.165401688020 3417.173360680980 -764.785990624758 -2.99559288022009 -3.78170120035681 5.95311854221493
2025-09-28T11:18:00.000 -6322.297548952680 2396.184581407980 674.457176586646 -1.12996685055395 -4.67460064306224 5.96704079911324
2025-09-28T11:22:00.000 -6359.913623640270 1200.657415093750 2064.434847989330 0.81839677816875 -5.22719371721608 5.54507427990551
2025-09-28T11:26:00.000 -5934.296958008710 -82.325929442034 3303.628007877900 2.70655900962261 -5.39895951318321 4.71830217657444
2025-09-28T11:30:00.000 -5076.663574865450 -1359.324149460440 4301.649938231100 4.39650665713926 -5.17770962918561 3.54774393169241
2025-09-28T11:34:00.000 -3849.721294783720 -2537.446656266870 4985.871051395650 5.76541389021608 -4.58012551508872 2.11937555061305
2025-09-28T11:38:00.000 -2342.940679832350 -3531.126875138560 5306.644617738270 6.71440789481456 -3.65011667962105 0.53753681427301
2025-09-28T11:42:00.000 -665.946976132215 -4268.268940687670 5240.797881002420 7.17531042260781 -2.45531948448261 -1.08285015155194
2025-09-28T11:46:00.000 1059.412702983280 -4695.379925361750 4793.203939371980 7.11502011687019 -1.08220006116911 -2.62433162993958
2025-09-28T11:50:00.000 2707.806826467150 -4781.386602085170 3996.415406542520 6.53777905651810 0.36995210676975 -3.97505448388070
2025-09-28T11:54:00.000 4159.415031442180 -4519.907219719460 2908.366927925750 5.48506357472072 1.79584596504210 -5.03660838609773
2025-09-28T11:58:00.000 5308.623113282600 -3929.817094989440 1608.268606096480 4.03316557299690 3.09159654752387 -5.73124836386625
2025-09-28T12:02:00.000 6071.812990424650 -3053.968829301360 190.883142727010 2.28798466138428 4.16255313319907 -6.00798488978027
2025-09-28T12:06:00.000 6393.576602365950 -1956.090656173420 -1240.433883574680 0.37722301353326 4.93052880252293 -5.84668550880348
2025-09-28T12:10:00.000 6250.811907695850 -716.081482834701 -2581.385999784090 -1.55935068548794 5.33981910931404 -5.25969156795817
2025-09-28T12:14:00.000 5654.330519809760 575.921814892956 -3734.449296719860 -3.38071061629263 5.36130414027611 -4.29066899700162
2025-09-28T12:18:00.000 4647.880016589070 1826.184662794670 -4615.987183568210 -4.95508616002548 4.99423682899589 -3.01088499116611
2025-09-28T12:22:00.000 3304.767264466220 2944.183289826160 -5162.229233420610 -6.16936935076762 4.26586927052556 -1.51354175989146
2025-09-28T12:26:00.000 1722.424169423340 3849.060400279530 -5333.717880287780 -6.93670265809191 3.22896230321770 0.09316816212105
2025-09-28T12:30:00.000 15.407305551123 4475.313278747250 -5118.013873678120 -7.20200782599291 1.95796658355138 1.69356789708142
2025-09-28T12:34:00.000 -1692.706491901260 4777.416663931200 -4530.562702696980 -6.94563996156075 0.54398010036965 3.17227293623843
2025-09-28T12:38:00.000 -3278.058465376700 4733.109964110860 -3613.679487354080 -6.18497749135258 -0.91130312698194 4.42204992281587
2025-09-28T12:42:00.000 -4625.362342546340 4345.130897769460 -2433.672250438150 -4.97377231908306 -2.30245999672723 5.35141102814239
2025-09-28T12:46:00.000 -5636.322272727610 3641.221709288770 -1076.222078233040 -3.39915282303362 -3.52785162838581 5.89148336814327
2025-09-28T12:50:00.000 -6236.996642303690 2672.276080695560 359.774466896974 -1.57568138524993 -4.49744407006752 6.00180777615330
2025-09-28T12:54:00.000 -6383.395107348840 1508.692961968820 1769.487629271380 0.36317381246490 -5.13979585205024 5.67375943179632
2025-09-28T12:58:00.000 -6064.824871006400 235.204778013479 3049.951726402940 2.27520619963154 -5.40769965040164 4.93140514445697
2025-09-28T13:02:00.000 -5304.671919446500 -1055.422844249050 4107.732071118180 4.02047780216159 -5.28182817535858 3.82955415428357
2025-09-28T13:06:00.000 -4158.558187456710 -2269.273875179310 4865.808215415310 5.47195988526598 -4.77190786216258 2.44925267638105
2025-09-28T13:10:00.000 -2710.109553643400 -3318.157061137910 5269.138476127610 6.52469129107013 -3.91554972303882 0.89142982923377
2025-09-28T13:14:00.000 -1064.756359816660 -4125.960014952650 5288.545975406950 7.10294605830017 -2.77514601956632 -0.73060757189706
2025-09-28T13:18:00.000 657.926637273661 -4634.071926449310 4922.729122335400 7.16521793744815 -1.43328784128627 -2.29924616836018
2025-09-28T13:22:00.000 2332.805196885260 -4805.564795258210 4198.311486152920 6.70696086817252 0.01297478478637 -3.70073082878712
2025-09-28T13:26:00.000 3838.162678123440 -4627.869809021270 3167.960418716720 5.76108249949385 1.45889339395369 -4.83306952744647
2025-09-28T13:30:00.000 5064.509228253030 -4113.758922952470 1906.665413277230 4.39604470737597 2.79928033863141 -5.61342918059533
2025-09-28T13:34:00.000 5922.615805513420 -3300.523969121720 506.332455623364 2.71120767764640 3.93629935302229 -5.98457147258275
2025-09-28T13:38:00.000 6350.123289838010 -2247.312487761790 -930.928691227749 0.82979118818468 4.78682666190896 -5.91930975971675
2025-09-28T13:42:00.000 6316.195714207320 -1030.781418709110 -2300.359736369990 -1.11049559637352 5.28904041436997 -5.42290505537505
2025-09-28T13:46:00.000 5823.711668101060 260.607523041444 -3502.318153600660 -2.96819096419118 5.40696137995207 -4.53239841514807
2025-09-28T13:50:00.000 4908.884107331950 1533.119750779350 -4449.571226653100 -4.60869509884344 5.13283726902213 -3.31342924797931
2025-09-28T13:54:00.000 3638.421655574080 2694.581502221590 -5073.555835794950 -5.91397367809683 4.48724887376711 -1.85491617803778
2025-09-28T13:58:00.000 2104.553994032640 3660.976925985860 -5329.188727688320 -6.79057057981726 3.51714197143306 -0.26242481460342
2025-09-28T14:02:00.000 418.358453523962 4362.378714278190 -5197.973570828610 -7.17569844929706 2.29225602657863 1.34934359691151
2025-09-28T14:06:00.000 -1298.115543817870 4747.866995794030 -4689.268020118510 -7.04123762477015 0.90037050785867 2.86427316286919
2025-09-28T14:10:00.000 -2920.464014793070 4789.182374925220 -3839.682521571600 -6.39586512706016 -0.55850833913048 4.17267587477870
2025-09-28T14:14:00.000 -4330.798005513090 4482.867202227220 -2710.608055929600 -5.28498419857256 -1.97889823164205 5.17898414962543
2025-09-28T14:18:00.000 -5426.307546586920 3850.698646857520 -1383.957413724930 -3.78821635804096 -3.25727185215816 5.80887059150564
2025-09-28T14:22:00.000 -6126.898766158940 2938.293795344420 43.684150565811 -2.01413476349992 -4.29974840531749 6.01524162336429
2025-09-28T14:26:00.000 -6381.263964172950 1811.903036387950 1468.124416067720 -0.09257511508434 -5.02946226166581 5.78229554112544
2025-09-28T14:30:00.000 -6170.814912452800 553.532212158815 2785.321315294730 1.83548398836643 -5.39283590441042 5.12708580932350
2025-09-28T14:34:00.000 -5511.028112748700 -745.162429989182 3899.138318411980 3.62893892053558 -5.36348814626266 4.09795762870362
2025-09-28T14:38:00.000 -4450.203457418410 -1989.654245258780 4728.430099038400 5.15707736368904 -4.94399898775199 2.77066437174602
2025-09-28T14:42:00.000 -3065.788408564120 -3089.487553535100 5212.943236148470 6.30918716697468 -4.16544516518302 1.24241349558380
2025-09-28T14:46:00.000 -1458.600406460880 -3964.835139042810 5317.594196656160 7.00232512955864 -3.08470075593063 -0.37556173113910
2025-09-28T14:50:00.000 254.529843351682 -4552.191541754540 5034.889794113390 7.18671400240472 -1.78009022496473 -1.96590389071059
2025-09-28T14:54:00.000 1949.156216406230 -4808.891587727700 4385.424904265350 6.84904015444802 -0.34595989614330 -3.41327803858402
2025-09-28T14:58:00.000 3502.144020978410 -4716.190403917190 3416.419454850830 6.01351595111143 1.11386878591740 -4.61244642745869
2025-09-28T15:02:00.000 4800.558916232320 -4280.682478480660 2198.384475274910 4.74051544637086 2.49328582516286 -5.47576607482785
2025-09-28T15:06:00.000 5749.935359345280 -3533.931842329040 820.060049916454 3.12266950894660 3.69165973702902 -5.93997080179853
2025-09-28T15:10:00.000 6281.259870012930 -2530.224281140280 -618.065829414457 1.27814133074289 4.62146269514463 -5.97105700604853
2025-09-28T15:14:00.000 6356.093655251560 -1342.606340924810 -2011.153944647960 -0.65804698474401 5.21490653896369 -5.56706752410134
2025-09-28T15:18:00.000 5969.383268255790 -57.470287877832 -3257.797278461830 -2.54455797022634 5.42927068642623 -4.75830185892088
2025-09-28T15:22:00.000 5149.672087816530 1231.859049606650 -4267.470977996300 -4.24448603663503 5.24979039453407 -3.60451114022909
2025-09-28T15:26:00.000 3956.815258592510 2431.951550218040 -4967.058468567890 -5.63536132603830 4.69025207943466 -2.19003142235739
2025-09-28T15:30:00.000 2477.475917171170 3455.980654867960 -5306.002961635930 -6.61750581968432 3.79152039928179 -0.61737298938654
2025-09-28T15:34:00.000 818.826061229531 4229.874566291930 -5259.805212129050 -7.12062242450930 2.61834820385817 1.00009084605657
2025-09-28T15:38:00.000 -899.090689633296 4697.520042076140 -4831.704424274090 -7.10830913261070 1.25479509628284 2.54589569068528
2025-09-28T15:42:00.000 -2551.828182703390 4824.755261080070 -4052.481404693670 -6.58055667075610 -0.20127704369163 3.90829199860351
2025-09-28T15:46:00.000 -4019.379479786110 4601.913402072820 -2978.392125803580 -5.57425041179298 -1.64477192621177 4.98800333211397
2025-09-28T15:50:00.000 -5194.849923358080 4044.692605425050 -1687.287104647580 -4.16124081181170 -2.97067770656011 5.70549744306304
2025-09-28T15:54:00.000 -5992.359910352590 3193.213259168970 -273.092244906137 -2.44382053288495 -4.08178812154330 6.00728811813083
2025-09-28T15:58:00.000 -6353.526217957170 2109.221390099790 1161.037382119880 -0.54739218150243 -4.89629177203810 5.87050157304337
2025-09-28T16:02:00.000 -6251.906633810940 871.595011701308 2510.355918510870 1.38895553997760 -5.35417433631572 5.30489463548592
2025-09-28T16:06:00.000 -5695.013807804190 -429.504917646318 3676.350933820810 3.22325995082142 -5.42206520467874 4.35228869024827
2025-09-28T16:10:00.000 -4723.653273768670 -1699.362655667970 4574.047903725590 4.82177331942728 -5.09550615109987 3.08287021415939
2025-09-28T16:14:00.000 -3408.767249024260 -2845.661666484360 5138.179924750580 6.06859772112210 -4.39876709552314 1.58962666210460
2025-09-28T16:18:00.000 -1846.145137670870 -3785.170450849220 5327.847701101160 6.87376998883602 -3.38279124044801 -0.01861338806466
2025-09-28T16:22:00.000 -149.414735520361 -4449.716910161340 5129.385732757550 7.17943210601119 -2.12134226772701 -1.62511266112024
2025-09-28T16:26:00.000 1558.158869238490 -4791.044067759650 4557.271196742370 6.96356044792755 -0.70564181495286 -3.11341947600213
2025-09-28T16:30:00.000 3152.504324341120 -4784.269398040710 3653.096408379630 6.24154676977028 0.76185787177261 -4.37535658578011
2025-09-28T16:34:00.000 4517.689189075240 -4429.746005625230 2482.642979070430 5.06549651889182 2.17455523334105 -5.31878084476563
2025-09-28T16:38:00.000 5554.381965457110 -3753.140885845450 1131.170062964450 3.52086685229591 3.42941159559925 -5.87455588449771
2025-09-28T16:42:00.000 6187.197284164280 -2803.638689550030 -302.789675654167 1.72052081227841 4.43475902625187 -6.00196877284140
2025-09-28T16:46:00.000 6370.288174758150 -1650.342371098800 -1714.696446043290 -0.20382535665895 5.11733554059442 -5.69198651616116
2025-09-28T16:50:00.000 6090.692546822650 -377.162327828057 -3001.733046108900 -2.11159414861922 5.42778301636179 -4.96789970596768
2025-09-28T16:54:00.000 5369.177809345530 923.400565448580 -4070.381902457990 -3.86409005927647 5.34428417828115 -3.88335262505058
2025-09-28T16:58:00.000 4258.525778715620 2157.056389150130 -4843.211971523490 -5.33483708495993 4.87374278000166 -2.51783412571076
2025-09-28T17:02:00.000 2839.508518708760 3234.533086738460 -5264.360933363730 -6.41836727120931 4.05073373540090 -0.97046880979423
2025-09-28T17:06:00.000 1214.976801039900 4077.909589498190 -5303.407164869350 -7.03716337466076 2.93467958246694 0.64711137277394
2025-09-28T17:10:00.000 -497.489699106968 4626.097818284500 -4957.453848046410 -7.14666574549758 1.60561753175857 2.21846097758799
2025-09-28T17:14:00.000 -2173.891157854950 4839.161856243340 -4251.348695469980 -6.73825996853300 0.15880923167131 3.63013513587724
2025-09-28T17:18:00.000 -3692.588457344900 4701.242007248200 -3236.024439085560 -5.84022538402575 -1.30149284042989 4.77947869312170
2025-09-28T17:22:00.000 -4943.054623492950 4221.863640422560 -1985.005835301810 -4.51644667093095 -2.66926477892261 5.58206857769842
2025-09-28T17:26:00.000 -5833.997725564910 3435.440525414130 -589.224472935472 -2.86245123765089 -3.84442137875793 5.97824775943983
2025-09-28T17:30:00.000 -6300.218563912010 2398.924916024500 849.561628050943 -0.99883482249485 -4.74047541265928 5.93812794328179
2025-09-28T17:34:00.000 -6307.579269857100 1187.688238926650 2226.292593038700 0.93784074144947 -5.29144199469119 5.46429014685028
2025-09-28T17:38:00.000 -5855.584672063340 -110.051725244950 3440.434840264310 2.80558136242457 -5.45693957990334 4.59162673410029
2025-09-28T17:42:00.000 -4977.373916255050 -1399.791202860770 4403.452547082160 4.46792610003088 -5.22527162354345 3.38452023035933
2025-09-28T17:46:00.000 -3737.132538194510 -2587.731676284490 5045.290113078100 5.80418267906864 -4.61389132027258 1.93156376367239
2025-09-28T17:50:00.000 -2225.249257431890 -3587.603269810130 5319.383976616350 6.71792490781781 -3.66761248731243 0.33869450907985
2025-09-28T17:54:00.000 -551.688526932466 -4326.838489141320 5205.919526037780 7.14335177315949 -2.45513540551531 -1.27841807515109
2025-09-28T17:58:00.000 1161.943452770010 -4751.759170603470 4713.205410066580 7.04982506061272 -1.06422511013711 -2.80247988093567
2025-09-28T18:02:00.000 2791.138495339300 -4831.425445707320 3877.066788481230 6.44393360672594 0.40449003369930 -4.12280089174120
2025-09-28T18:06:00.000 4217.441263428500 -4559.913325916490 2758.321621268140 5.36931284946072 1.84440025740533 -5.14308558993728
2025-09-28T18:10:00.000 5337.068582317110 -3956.836443025720 1438.442465257080 3.90392030361334 3.15058921859162 -5.78858451741805
2025-09-28T18:14:00.000 6068.564334698210 -3066.012048859220 13.658543373003 2.15475591949291 4.22758052891702 -6.01192512459062
2025-09-28T18:18:00.000 6358.860807951470 -1952.280739755950 -1412.134380225030 0.24984304729051 4.99679739848221 -5.79701269705850
2025-09-28T18:22:00.000 6187.168137383780 -696.703258862232 -2735.067928357900 -1.67156145890834 5.40249503781117 -5.16014646890657
2025-09-28T18:26:00.000 5566.409289653720 609.452437002210 -3858.958482056590 -3.46957706831470 5.41585450523272 -4.14861134818475
2025-09-28T18:30:00.000 4542.093944134560 1871.435458302480 -4702.316670908430 -5.01420114509733 5.03676896373408 -2.83672562149920
2025-09-28T18:34:00.000 3188.808359120010 2997.884775830430 -5204.156725655970 -6.19452218829542 4.29333837064002 -1.31993618584664
2025-09-28T18:38:00.000 1604.705864321820 3907.340051370250 -5328.239468034280 -6.92613166510077 3.23941414628406 0.29221849437731
2025-09-28T18:42:00.000 -95.541303879227 4533.969633152750 -5065.550114608920 -7.15651079655031 1.95062913248665 1.88368876182306
2025-09-28T18:46:00.000 -1788.848625305840 4832.212456724680 -4434.927546144310 -6.86848884500672 0.51933223857508 3.33972542454990
2025-09-28T18:50:00.000 -3352.417057986780 4780.075559766920 -3481.817605986520 -6.08169622551506 -0.95151024555629 4.55462629810581
2025-09-28T18:54:00.000 -4672.533205698470 4380.862656592660 -2275.184691641400 -4.85188573909420 -2.35529988658869 5.43934516324288
2025-09-28T18:58:00.000 -5652.889322289000 3663.130770934400 -902.668540738853 -3.26756751471762 -3.58949559798327 5.92832620360651
2025-09-28T19:02:00.000 -6221.776492361460 2678.781653607720 535.727028637375 -1.44400677716058 -4.56336545046437 5.98482610696784
2025-09-28T19:06:00.000 -6337.538444600090 1499.349554234600 1934.990020485050 0.48521693143292 -5.20514133707120 5.60420172869629
2025-09-28T19:10:00.000 -5991.746011163140 210.721488122469 3192.933103129440 2.37862452957104 -5.46776979264679 4.81446034105755
2025-09-28T19:14:00.000 -5209.772802140820 -1093.258035597780 4217.792693841630 4.09780352335168 -5.33235471959149 3.67384888818507
2025-09-28T19:18:00.000 -4048.805040330350 -2317.718748053050 4934.964973639260 5.51768535317718 -4.80926585649255 2.26617928802057
2025-09-28T19:22:00.000 -2593.515232295690 -3373.709914413640 5292.391079128670 6.53566628190946 -3.93706227841316 0.69429243222830
2025-09-28T19:26:00.000 -949.784076993994 -4184.597333524020 5264.213718738190 7.07855047405646 -2.77915142903634 -0.92762753038091
2025-09-28T19:30:00.000 762.949333780791 -4691.508613241860 4852.546167144610 7.10718034788080 -1.41930796583222 -2.48200198683241
2025-09-28T19:34:00.000 2420.244108449590 -4857.562313179740 4087.321787899600 6.61933332913131 0.04406531483275 -3.85594944584241
2025-09-28T19:38:00.000 3901.620858806420 -4670.563593036810 3024.186983237480 5.65007287474165 1.50484720413948 -4.94936381151012
2025-09-28T19:42:00.000 5099.301099607790 -4143.971042927540 1740.542899212030 4.26961740063613 2.85668366015145 -5.68220669041534
2025-09-28T19:46:00.000 5926.132649855020 -3316.012593547210 329.960013862056 2.57863288469828 4.00081738055447 -6.00067595854603
2025-09-28T19:50:00.000 6322.064965623610 -2246.938321634840 -1104.690496805750 0.70085973852516 4.85367901494067 -5.88159522256770
2025-09-28T19:54:00.000 6258.585681865450 -1014.575966207570 -2458.857023628640 -1.22631344478789 5.35331199908888 -5.33421485640017
2025-09-28T19:58:00.000 5740.737588037250 291.458141357477 -3634.034131091380 -3.06244913587327 5.46399290048829 -4.39928948923845
2025-09-28T20:02:00.000 4806.577625128230 1576.371767124530 -4544.957223973820 -4.67456512529919 5.17852531657668 -3.14564226538398
2025-09-28T20:06:00.000 3524.209769518240 2747.098685701910 -5125.714648522020 -5.94672198398614 4.51830624994709 -1.66467361726984
2025-09-28T20:10:00.000 1986.715072645170 3718.956631762400 -5334.362993582770 -6.78786495998330 3.53133051488565 -0.06350843628082
2025-09-28T20:14:00.000 305.428076849975 4421.625424371150 -5155.806623418300 -7.13775197926095 2.28856054678681 1.54254550149841
2025-09-28T20:18:00.000 -1397.959484978880 4804.091773122870 -4602.825314476970 -6.97078824854334 0.87903079616408 3.03779353057263
2025-09-28T20:22:00.000 -2999.984245911290 4838.305451562930 -3715.235549534660 -6.29796892917394 -0.59600152056398 4.31392171298941
2025-09-28T20:26:00.000 -4384.214488033860 4521.310243537960 -2557.197224288400 -5.16666376988711 -2.02985920657482 5.27760997776814
2025-09-28T20:30:00.000 -5449.721992864330 3875.662766477810 -1212.756719135480 -3.65806005002507 -3.31793108968690 5.85756235256466
2025-09-28T20:34:00.000 -6118.613349915660 2947.977918122090 220.178216028800 -1.88176204652849 -4.36565343126676 6.01039165507685
2025-09-28T20:38:00.000 -6341.916600316560 1805.614897927180 1637.027239778480 0.03231730014247 -5.09584453438389 5.72427713501666
2025-09-28T20:42:00.000 -6103.312600339700 531.743769485052 2934.307436268330 1.94376891978839 -5.45482691035749 5.02015703529075
2025-09-28T20:46:00.000 -5420.341870806320 -780.845843270106 4017.348865204990 3.71266838244077 -5.41659491664581 3.95001611706355
2025-09-28T20:50:00.000 -4342.992636437680 -2036.633393889780 4807.277063128690 5.21024162063524 -4.98446488428923 2.59258114019077
2025-09-28T20:54:00.000 -2949.880653666370 -3144.359673837850 5246.708027551080 6.32807366956662 -4.19034806302333 1.04709664680862
2025-09-28T20:58:00.000 -1342.424592559700 -4023.619579188280 5303.824488898960 6.98568293864881 -3.09218808070025 -0.57395966831825
2025-09-28T21:02:00.000 362.552987857115 -4610.601628562640 4974.570193672400 7.13583110365571 -1.76946879726443 -2.15307864613639
2025-09-28T21:06:00.000 2041.196118417670 -4862.624000402960 4282.894437912910 6.76750941006473 -0.31781406216642 -3.57571960998814
2025-09-28T21:10:00.000 3571.490340228850 -4761.250785616290 3279.081186695940 5.90706651934748 1.15753795741508 -4.73828302610042
2025-09-28T21:14:00.000 4842.113794832410 -4313.711446064350 2036.192292475910 4.61676392988074 2.54925293049556 -5.55575944998950
2025-09-28T21:18:00.000 5760.597642965210 -3552.464485813860 644.803309697708 2.99055805516671 3.75573011353346 -5.96815376746825
2025-09-28T21:22:00.000 6260.183322079690 -2532.887775651820 -793.614060731082 1.14740867342939 4.68880510096878 -5.94529552734485
2025-09-28T21:26:00.000 6304.774653508280 -1329.210296295700 -2174.203429943100 -0.77778964227610 5.28057371507741 -5.48931892635330
2025-09-28T21:30:00.000 5891.533333685750 -28.997534415685 -3396.485286250160 -2.64455213046203 5.48848151381650 -4.63429192054516
2025-09-28T21:34:00.000 5050.937558360290 1273.334098571530 -4371.723570782700 -4.31747692070084 5.29827661000823 -3.44331628179053
2025-09-28T21:38:00.000 3844.351034319540 2483.416695520650 -5029.312432390340 -5.67609586418058 4.72451156028981 -2.00337039364439
2025-09-28T21:42:00.000 2359.421289107070 3513.699765154320 -5321.741782641720 -6.62308103332621 3.80905028296845 -0.41876039806353
2025-09-28T21:46:00.000 703.718425275760 4289.646508584580 -5227.875211567340 -7.09062834918695 2.61781147530665 1.19630866737360
2025-09-28T21:50:00.000 -1002.917982213050 4754.981468098880 -4754.398116576950 -7.04486393084868 1.23618677920611 2.72551462714269
2025-09-28T21:54:00.000 -2636.844985417790 4875.698798579080 -3935.379319618400 -6.48818687210959 -0.23666314754978 4.05828306591154
2025-09-28T21:58:00.000 -4079.395928489040 4642.590774599100 -2829.967987209530 -5.45953082593087 -1.69441677659867 5.09741563595311
2025-09-28T22:02:00.000 -5225.463628449900 4072.098540833890 -1518.318393902990 -4.03242784461398 -3.03094399553356 5.76621461795042
2025-09-28T22:06:00.000 -5991.299424150480 3205.321972514490 -95.892452890065 -2.31031126692059 -4.14819818814583 6.01472139150527
2025-09-28T22:10:00.000 -6320.847547951850 2105.146777138440 1333.525901298220 -0.41905841031525 -4.96390783178841 5.82405173998801
2025-09-28T22:14:00.000 -6190.005613445010 851.640961393551 2665.538059468330 1.50264928965727 -5.41808854015963 5.20801793714163
2025-09-28T22:18:00.000 -5608.425904569070 -463.886035541145 3802.906754870290 3.31402539842446 -5.47763473094970 4.21208204591061
2025-09-28T22:22:00.000 -4618.715823366780 -1745.664911003910 4662.758394050940 4.88298943195229 -5.13867330365781 2.90964405431820
2025-09-28T22:26:00.000 -3293.148869323160 -2900.515301647070 5182.605680744880 6.09586446256125 -4.42643822890136 1.39607287479418
2025-09-28T22:30:00.000 -1728.269353966720 -3844.596722609600 5324.777520094330 6.86521371250669 -3.39299175155197 -0.21845728784024
2025-09-28T22:34:00.000 -37.848413523794 -4509.403523200750 5079.047198750470 7.13573949179478 -2.11328470443784 -1.81677170595616
2025-09-28T22:38:00.000 1655.318672388050 -4846.640740810580 4463.319572558390 6.88792551899133 -0.67980464157463 -3.28298426756428
2025-09-28T22:42:00.000 3228.203113544140 -4831.699195579890 3522.357121958490 6.13942023694557 0.80367322991665 -4.51048634042525
2025-09-28T22:46:00.000 4566.414973195570 -4465.513808632090 2324.620372139540 4.94421274052843 2.22932295934780 -5.40960979491510
2025-09-28T22:50:00.000 5572.571075131010 -3774.603296023680 957.367988905699 3.38922859419988 3.49311977454228 -5.91440983841948
2025-09-28T22:54:00.000 6173.504598965260 -2809.204287977080 -479.704147375257 1.58810967783195 4.50269981738076 -5.98788332425464
2025-09-28T22:58:00.000 6325.700397913220 -1639.597455994260 -1881.819781213940 -0.32727896425102 5.18447531374909 -5.62499238719860
2025-09-28T23:02:00.000 6018.467928925750 -350.891635146498 -3146.890984470170 -2.21704278245950 5.48924383192524 -4.85298508590947
2025-09-28T23:06:00.000 5274.585556036000 963.292111131212 -4183.023017552300 -3.94391725256865 5.39564626127820 -3.72895591821594
2025-09-28T23:10:00.000 4148.439531798030 2207.683226232300 -4915.160009174350 -5.38336084603856 4.91129565932091 -2.33518417766602
2025-09-28T23:14:00.000 2721.898044643100 3292.227366098000 -5290.387455744680 -6.43217538361037 4.07170258187362 -0.77275364030577
2025-09-28T23:18:00.000 1098.340530877650 4138.470392301100 -5281.593463793580 -7.01528247331244 2.93742680605554 0.84565496744396
2025-09-28T23:22:00.000 -604.717233865384 4685.082596774250 -4889.328929297260 -7.09059388226644 1.58979665220189 2.40349912849101
2025-09-28T23:26:00.000 -2263.927196276260 4892.215269032570 -4141.795595346120 -6.65192226236571 0.12549759014339 3.78821907165148
2025-09-28T23:30:00.000 -3758.866335553400 4744.428203975920 -3092.943647902940 -5.72976118713810 -1.34991231689787 4.89907464601389
2025-09-28T23:34:00.000 -4980.700049427810 4251.956226635570 -1818.754420450350 -4.38974068991946 -2.72928868107000 5.65435091488525
2025-09-28T23:38:00.000 -5840.190089141190 3450.172321893640 -411.886383607859 -2.72864815023942 -3.91160131877839 5.99775582007350
2025-09-28T23:42:00.000 -6274.426399657490 2397.176274800140 1025.049217809100 -0.86775515963168 -4.80976636016175 5.90327728543914
2025-09-28T23:46:00.000 -6251.633937279240 1169.575815644560 2387.103695242740 1.05646598575234 -5.35766822369863 5.37759200268750
2025-09-28T23:50:00.000 -5773.558601401780 -143.203022291462 3574.822401326420 2.90295580405006 -5.51527912133898 4.45949341855327
2025-09-28T23:54:00.000 -4875.260061542490 -1445.569328528120 4501.620566273490 4.53693112431040 -5.27151953606277 3.21668587046068
2025-09-28T23:58:00.000 -3622.383137872660 -2642.812004398040 5100.101884830060 5.83983483355008 -4.64468416465564 1.74031079631914
2025-09-29T00:02:00.000 -2106.230646946820 -3647.983397921410 5326.871948535180 6.71763881562816 -3.68072881922281 0.13800240205006
2025-09-29T00:06:00.000 -437.067706916429 -4388.143640453460 5165.569647533480 7.10722712413459 -2.44968432355805 -1.47395123226089
2025-09-29T00:10:00.000 1263.835756695230 -4809.552553788220 4627.974807134900 6.98052919227710 -1.04058495049983 -2.97866679525593
2025-09-29T00:14:00.000 2872.903112123030 -4881.519892164680 3753.175816290670 6.34652357404945 0.44461959995827 -4.26681228551210
2025-09-29T00:18:00.000 4273.146584045630 -4598.677436633720 2604.809448674560 5.25089596393926 1.89810692314786 -5.24440015132023
2025-09-29T00:22:00.000 5362.690564605560 -3981.467469260640 1266.513344190550 3.77318976376750 3.21393556367899 -5.83980712708678
2025-09-29T00:26:00.000 6062.287604368140 -3074.738800470600 -164.145335810423 2.02129142391941 4.29596390080928 -6.00936439143522
2025-09-29T00:30:00.000 6321.204643692360 -1944.487606308590 -1582.851703237400 0.12342756190645 5.06523830544271 -5.74089340621837
2025-09-29T00:34:00.000 6120.956359738550 -672.974461543143 -2886.273132267460 -1.78165181984851 5.46605588519218 -5.05468765841954
2025-09-29T00:38:00.000 5476.545638109930 647.392935610036 -3979.682777069120 -3.55540501883001 5.47001744437691 -4.00163077782779
2025-09-29T00:42:00.000 4435.172008901790 1920.853880629540 -4783.832691881520 -5.06969119102584 5.07768500191603 -2.65896381799760
2025-09-29T00:46:00.000 3072.615501170160 3055.228348483850 -5240.585109072430 -6.21585177295091 4.31805321487807 -1.12423581961882
2025-09-29T00:50:00.000 1487.659578441460 3968.468758690030 -5316.945696521680 -6.91187804999531 3.24602348512428 0.49180730513880
2025-09-29T00:54:00.000 -204.973316653389 4594.433782389920 -5007.326583576890 -7.10768401232886 1.93848411083398 2.07281573922696
2025-09-29T00:58:00.000 -1882.730182271200 4887.569471058200 -4333.951753807600 -6.78849121539575 0.48915949988768 3.50468921736398
2025-09-29T01:02:00.000 -3423.904534719780 4826.227592415490 -3345.377516639240 -5.97619503517729 -0.99758310963948 4.68338280266869
2025-09-29T01:06:00.000 -4716.380455089210 4414.370358605350 -2113.163278452320 -4.72843966098422 -2.41395734620030 5.52244458635401
2025-09-29T01:10:00.000 -5665.834309283480 3681.470529883250 -726.836661550748 -3.13504984292266 -3.65645682418355 5.95958355424921
2025-09-29T01:14:00.000 -6202.786602684030 2680.546953528320 712.554570553581 -1.31203624005610 -4.63366252751896 5.96178923798225
2025-09-29T01:18:00.000 -6287.915139741420 1484.366974486180 2099.890547700140 0.60694752742835 -5.27353905664280 5.52844840513734
2025-09-29T01:22:00.000 -5915.044316416060 180.064605423379 3333.840908966430 2.48114419987548 -5.52917366246199 4.69150310780081
2025-09-29T01:26:00.000 -5111.550174588780 -1137.351976667260 4324.400061878550 4.17351428083383 -5.38224872174453 3.51274050828172
2025-09-29T01:30:00.000 -3936.202593881370 -2372.037937131820 4999.488866973520 5.56108684619355 -4.84406298961580 2.07874001574589
2025-09-29T01:34:00.000 -2474.709456176980 -3434.300012353470 5310.120195516800 6.54363873276406 -3.95419179505967 0.49415335341980
2025-09-29T01:38:00.000 -833.407943642474 -4247.037288288230 5233.841166055010 7.05044568754323 -2.77735314806229 -1.12587166312514
2025-09-29T01:42:00.000 868.431109513292 -4751.250682273590 4776.279128313020 7.04506265051500 -1.39876262013149 -2.66387677841148
2025-09-29T01:46:00.000 2507.165259154990 -4910.259073426000 3970.710394263980 6.52771817074409 0.08186526236117 -4.00821205845006
2025-09-29T01:50:00.000 3963.664657641170 -4712.385194621120 2875.726754648010 5.53564513099508 1.55711648214800 -5.06087941058377
2025-09-29T01:54:00.000 5131.968811093730 -4171.889475419370 1571.058178840740 4.14075275080019 2.91955523844799 -5.74482392714307
2025-09-29T01:58:00.000 5927.081071583430 -3328.026541039970 151.807546796210 2.44480044741631 4.06966835747499 -6.00985252471819
2025-09-29T02:02:00.000 6291.285157857620 -2242.212487197410 -1278.529776663440 0.57192919325678 4.92347766851047 -5.83671325899614
2025-09-29T02:06:00.000 6198.407311689080 -993.489714019810 -2615.737308839640 -1.34085994526645 5.41902820190077 -5.23865899323048
2025-09-29T02:10:00.000 5655.645570390610 327.354214067803 -3762.577496727450 -3.15425776452898 5.52096556688757 -4.26017187475274
2025-09-29T02:14:00.000 4702.854038775580 1624.485923927360 -4635.881555189100 -4.73711124762769 5.22276856231475 -2.97318670487632
2025-09-29T02:18:00.000 3409.441591674730 2803.978682745920 -5172.481441687570 -5.97569041621590 4.54666811716222 -1.47137984391570
2025-09-29T02:22:00.000 1869.239260274370 3780.516278947770 -5333.620390280520 -6.78134827121904 3.54171099229949 0.13673114537974
2025-09-29T02:26:00.000 193.745485687317 4483.413560217390 -5107.607700465950 -7.09627802644092 2.28003765632677 1.73539408616646
2025-09-29T02:30:00.000 -1495.759229438180 4861.594216816900 -4510.629962215210 -6.89724797880177 0.85202733063637 3.20935038874195
2025-09-29T02:34:00.000 -3076.780637862760 4887.279289812020 -3585.692284907640 -6.19751714720376 -0.63964512116484 4.45168041119423
2025-09-29T02:38:00.000 -4434.372935034660 4558.118139716830 -2399.693005183570 -5.04648000799382 -2.08697644880594 5.37140965768981
2025-09-29T02:42:00.000 -5469.530736354620 3897.554236150200 -1038.746367184710 -3.52686857407140 -3.38436128823526 5.90046101910841
2025-09-29T02:46:00.000 -6106.559766973740 2953.287911398720 398.013560326585 -1.74905168309297 -4.43654444272710 5.99914327476943
2025-09-29T02:50:00.000 -6298.805825514720 1793.901801720020 1805.693986408170 0.15681829818201 -5.16593208138837 5.65957997432975
2025-09-29T02:54:00.000 -6032.232660753550 503.826592829112 3081.465459213100 2.05090946932330 -5.51893670028511 4.90671834340958
2025-09-29T02:58:00.000 -5326.431087865030 -822.952389116638 4132.231372102420 3.79462015632704 -5.46999573736505 3.79613960366576
2025-09-29T03:02:00.000 -4233.059134564050 -2089.864848130860 4881.476728965510 5.26098522249757 -5.02320173580219 2.40952781449858
2025-09-29T03:06:00.000 -2831.907342724770 -3204.835340449480 5274.800761901280 6.34392936343261 -4.21161237671518 0.84827426486118
2025-09-29T03:10:00.000 -1224.970892928710 -4086.930402123990 5283.745916224670 6.96551357352635 -3.09439388697042 -0.77412091107482
2025-09-29T03:14:00.000 470.953697580742 -4672.122116949860 4907.755520383040 7.08100349059834 -1.75244648870677 -2.33998975696885
2025-09-29T03:18:00.000 2132.651976137270 -4917.869984863660 4174.196882476550 6.68199991252611 -0.28287678719425 -3.73568622278242
2025-09-29T03:22:00.000 3639.350180746070 -4806.206938573990 3136.420290108060 5.79714659825691 1.20782296126475 -4.85960699182017
2025-09-29T03:26:00.000 4881.454460835240 -4345.117610034800 1869.972409364930 4.49049085509329 2.61118945516649 -5.62955389592785
2025-09-29T03:30:00.000 5768.592218791980 -3568.057607117780 467.154209544649 2.85723641291130 3.82475247998160 -5.98902344770470
2025-09-29T03:34:00.000 6236.320712150880 -2531.568692185830 -969.734832805939 1.01690146565150 4.75985905195998 -5.91178558625040
2025-09-29T03:38:00.000 6250.897987046210 -1311.108695304230 -2335.974410536440 -0.89585862944928 5.34853673473545 -5.40400626383149
2025-09-29T03:42:00.000 5811.685688611780 4.555684611147 -3532.167526586320 -2.74159593323906 5.54850748080002 -4.50355503596909
2025-09-29T03:46:00.000 4951.038451772220 1319.906605973710 -4471.516360804520 -4.38652810783547 5.34610223698561 -3.27681984237899
2025-09-29T03:50:00.000 3731.745316736000 2539.659951659240 -5086.054042652210 -5.71233523429891 4.75680322922314 -1.81328900364830
2025-09-29T03:54:00.000 2242.318467477480 3575.585856355050 -5331.392069302470 -6.62412245380419 3.82348885199908 -0.21877664216665
2025-09-29T03:58:00.000 590.607648104381 4352.727728639150 -5189.773323102090 -7.05653452158282 2.61324718789518 1.39186831137711
2025-09-29T04:02:00.000 -1103.852043667830 4814.687514744220 -4671.303680876550 -6.97808238857901 1.21276088864521 2.90262793327499
2025-09-29T04:06:00.000 -2718.274486768660 4927.656730136230 -3813.292050348490 -6.39338479374846 -0.27743314411296 4.20411382306687
2025-09-29T04:10:00.000 -4135.365524197230 4682.961707343050 -2677.736806206280 -5.34344683653214 -1.74961713705934 5.20122578466777
2025-09-29T04:14:00.000 -5251.843990440340 4097.884991866900 -1347.019938693780 -3.90343984752127 -3.09652241254275 5.82030222743503
2025-09-29T04:18:00.000 -5986.113021481700 3214.604816424720 81.977636643431 -2.17786481833169 -4.21930294528988 6.01505310745119
2025-09-29T04:22:00.000 -6284.432817208910 2097.219747303200 1504.978863271200 -0.29286612159966 -5.03533904164983 5.77056711786399
2025-09-29T04:26:00.000 -6124.987185627470 827.058826858034 2818.048032192730 1.61335305489918 -5.48459080524439 5.10461525922270
2025-09-29T04:30:00.000 -5519.523605162290 -503.343843305266 3925.335135065660 3.40113238574340 -5.53434324369929 4.06634563785321
2025-09-29T04:34:00.000 -4512.393020087490 -1797.139969373800 4746.167733838990 4.94017339569821 -5.18149782105404 2.73220738594828
2025-09-29T04:38:00.000 -3177.130570271320 -2960.275944110030 5220.900475541000 6.11898195345348 -4.45222972919897 1.19985881875693
2025-09-29T04:42:00.000 -1610.982938555320 -3908.297830951890 5315.154153763320 6.85260442773663 -3.39983058013381 -0.41911564879799
2025-09-29T04:46:00.000 72.191850355191 -4572.404191776920 5022.195584091270 7.08832437860804 -2.10063624960517 -2.00728347174739
2025-09-29T04:50:00.000 1750.115347298760 -4904.344900207080 4363.364147224120 6.80907535979364 -0.64859685955248 -3.44946961111406
2025-09-29T04:54:00.000 3300.852640659250 -4879.909221930880 3386.568861234020 6.03484131593636 0.85108431031871 -4.64077024909238
2025-09-29T04:58:00.000 4611.629832950060 -4500.743238306470 2162.895157590270 4.82158230431407 2.28941333730984 -5.49413545400420
2025-09-29T05:02:00.000 5587.084676990130 -3794.325986835930 781.503876942105 3.25760483742343 3.56145708649673 -5.94699033433791
2025-09-29T05:06:00.000 6156.320878289610 -2812.031472570750 -656.881920773766 1.45722572388043 4.57429822119526 -5.96619982533623
2025-09-29T05:10:00.000 6278.162925417250 -1625.368634308750 -2047.413017752580 -0.44778374838565 5.25415362493914 -5.55075324481682
2025-09-29T05:14:00.000 5944.148473629940 -320.671772504229 -3288.880416056830 -2.31835961084999 5.55203111917605 -4.73175590887501
2025-09-29T05:18:00.000 5179.000233554060 1007.304562040810 -4291.145908687710 -4.01876214840620 5.44712019567514 -3.56970297842537
2025-09-29T05:22:00.000 4038.615493324870 2262.318663360290 -4981.638418674110 -5.42647741965842 4.94781506929453 -2.14951693054279
2025-09-29T05:26:00.000 2605.852151129360 3353.560409378000 -5310.470167419580 -6.44063069854736 4.09065943953471 -0.57412968128667
2025-09-29T05:30:00.000 984.493304321223 4202.090650008600 -5253.873958615150 -6.98863189431207 2.93739758129856 1.04299019630873
2025-09-29T05:34:00.000 -708.127922809795 4746.389386444530 -4815.824614175690 -7.03079553809409 1.57063500177646 2.58540319752650
2025-09-29T05:38:00.000 -2349.409761313440 4946.734007589870 -4027.811924809200 -6.56319441418302 0.08840513969348 3.94159228377892
2025-09-29T05:42:00.000 -3820.185333640760 4788.136600174000 -2946.720896352100 -5.61831959471497 -1.40236222342584 5.01268733520163
2025-09-29T05:46:00.000 -5013.333293535430 4281.609371081390 -1650.917447532070 -4.26359577910326 -2.79323578183153 5.71972440184800
2025-09-29T05:50:00.000 -5841.700386378560 3463.567114033170 -234.676819921777 -2.59703599458071 -3.98229653649276 6.00999906288780
2025-09-29T05:54:00.000 -6244.659643258090 2393.314348974520 1198.690641306330 -0.74032784599239 -4.88198530476650 5.86148166729402
2025-09-29T05:58:00.000 -6192.729607501350 1148.731361749100 2544.498106116500 1.17035807030854 -5.42610487187363 5.28483311702853
2025-09-29T06:02:00.000 -5689.790384149080 -179.515031795950 3704.483854594410 2.99499626816312 -5.57495083520880 4.32255895296438
2025-09-29T06:06:00.000 -4772.720595767540 -1494.707958885660 4594.087169933030 4.60035135962393 -5.31809325533775 3.04557849648690
2025-09-29T06:10:00.000 -3508.539968226660 -2701.213269619610 5148.636503163220 5.87005174106740 -4.67483824462800 1.54755310195032
2025-09-29T06:14:00.000 -1989.356782766720 -3711.419179081230 5327.935054696100 6.71252734500932 -3.69225911949943 -0.06242857140845
2025-09-29T06:18:00.000 -325.648996676621 -4452.005415869940 5119.067933788130 7.06715279790296 -2.44166992306774 -1.66746400362688
2025-09-29T06:22:00.000 1361.706743851370 -4869.186622154750 4537.283999910150 6.90839055703334 -1.01358084565420 -3.15114570241126
2025-09-29T06:26:00.000 2950.112882562370 -4932.578374098430 3624.892946873740 6.24753315778363 0.48863706474305 -4.40568561718824
2025-09-29T06:30:00.000 4324.076854950900 -4637.443189373870 2448.272556891870 5.13222666754723 1.95589447437661 -5.33952651446192
2025-09-29T06:34:00.000 5383.636025848970 -4005.131438303130 1093.131540296130 3.64352979483583 3.28121509484446 -5.88419168324938
2025-09-29T06:38:00.000 6051.747528711690 -3081.608207703350 -341.727347049041 1.89020042438007 4.36777515915887 -5.99977385429418
2025-09-29T06:42:00.000 6280.003904937410 -1934.101559537850 -1751.693578537680 0.00059125081730 5.13635542510047 -5.67811769327368
2025-09-29T06:46:00.000 6052.174472613610 -646.116014085416 -3034.099998310620 -1.88725727157400 5.53138426405584 -4.94342930923058
2025-09-29T06:50:00.000 5385.267001575740 688.763546209787 -4095.780132653920 -3.63614720331663 5.52490749839798 -3.85010929519270
2025-09-29T06:54:00.000 4328.090183371200 1973.748328289740 -4859.815825273240 -5.11987340021192 5.11825160298410 -2.47823442005775
2025-09-29T06:58:00.000 2957.526725811770 3115.835989107200 -5270.978721690740 -6.23201272076380 4.34136514857674 -0.92734827302920
2025-09-29T07:02:00.000 1372.906084168550 4032.410245853130 -5299.560301929330 -6.89295296290621 3.25030838630301 0.69067077538609
2025-09-29T07:06:00.000 -311.090921557239 4657.063634758870 -4943.411079069000 -7.05507428221870 1.92331170119258 2.25936803922326
2025-09-29T07:10:00.000 -1972.527953186380 4944.303477032620 -4228.098583874750 -6.70590302097814 0.45547410372758 3.66549101424285
2025-09-29T07:14:00.000 -3490.846332330530 4872.874255349490 -3205.215893157830 -5.86943974463847 -1.04746498596215 4.80672472460133
2025-09-29T07:18:00.000 -4755.540296783410 4447.450206665460 -1948.840972484410 -4.60506505305142 -2.47642545175479 5.59916842133861
2025-09-29T07:22:00.000 -5674.276128087320 3698.510493579610 -550.316303746714 -3.00403206007678 -3.72680944799130 5.98385636005544
2025-09-29T07:26:00.000 -6179.836242181840 2680.278118158810 888.381788839784 -1.18307238749083 -4.70665062081381 5.93177878557525
2025-09-29T07:30:00.000 -6235.215437096070 1466.803989464840 2262.184009552360 0.72436065704020 -5.34377637511358 5.44637040160247
2025-09-29T07:34:00.000 -5836.433001574820 146.493616675237 3470.757202315960 2.57833609083635 -5.59153301387986 4.56341566034184
2025-09-29T07:38:00.000 -5012.768086345340 -1184.486092932110 4425.963090248470 4.24337545019880 -5.43223479645472 3.34803219863230
2025-09-29T07:42:00.000 -3824.465259283910 -2429.314137710700 5058.314378523460 5.59853379631615 -4.87808525631811 1.88949694456574
2025-09-29T07:46:00.000 -2358.165127396700 -3497.571437669490 5321.955374182570 6.54602168207450 -3.96983876384173 0.29420270167825
2025-09-29T07:50:00.000 -720.530929927632 -4311.734456168110 5197.850571424880 7.01769715454235 -2.77350151108901 -1.32205595444102
2025-09-29T07:54:00.000 969.443797641223 -4812.689045889210 4695.087456763780 6.97953602467812 -1.37561771197660 -2.84205555214624
2025-09-29T07:58:00.000 2588.972154572160 -4963.982969114570 3850.238577324930 6.43417889197735 0.12261625128874 -4.15536618528009
2025-09-29T08:02:00.000 4020.324917370560 -4754.500505825760 2724.762275622540 5.42091342520426 1.61251028338047 -5.16627048167328
2025-09-29T08:06:00.000 5159.378704423190 -4199.348587090090 1400.618638981500 4.01323443674268 2.98554603073616 -5.80072565130937
2025-09-29T08:10:00.000 5923.285215604260 -3338.854491478750 -25.662691904822 2.31388041547737 4.14141792312816 -6.01219092206742
2025-09-29T08:14:00.000 6256.625686650960 -2235.651191021210 -1450.085210045510 0.44723914927758 4.99575601124518 -5.78540491941490
2025-09-29T08:18:00.000 6135.491713283920 -970.042119171664 -2768.891721441350 -1.45020230815574 5.48662123613606 -5.13759035722187
2025-09-29T08:22:00.000 5569.133954490860 365.973104878592 -3886.221661086500 -3.24037001524484 5.57904336503418 -4.11683969512118
2025-09-29T08:26:00.000 4599.095341756030 1675.478322104280 -4721.076967981030 -4.79387427683278 5.26718717554680 -2.79807066843433
2025-09-29T08:30:00.000 3296.000046985090 2863.664886746550 -5213.086583889640 -5.99915741019209 4.57426062825855 -1.27715664750300
2025-09-29T08:34:00.000 1754.340844999320 3844.588472024000 -5326.706868438830 -6.76996210296498 3.55042534383097 0.33611266156925
2025-09-29T08:38:00.000 85.703371487582 4547.220284207370 -5053.659294435170 -7.05086615848705 2.26910252573220 1.92559449858180
2025-09-29T08:42:00.000 -1589.119452293780 4920.471402189870 -4413.522258857240 -6.82104165866427 0.82210874257048 3.37663025767369
2025-09-29T08:46:00.000 -3148.674608824500 4936.887379428820 -3452.422925627760 -6.09589757613107 -0.68651401382154 4.58389662551808
2025-09-29T08:50:00.000 -4479.535074201660 4594.767952603640 -2239.901398613250 -4.92666683969837 -2.14743482862706 5.45883812280217
2025-09-29T08:54:00.000 -5484.602749063610 3918.500859939310 -864.037743738645 -3.39745373117634 -3.45393544153940 5.93654153603179
2025-09-29T08:58:00.000 -6090.364943571640 2956.964915114600 574.898934816350 -1.61953022704977 -4.50997552029618 5.98108224249902
2025-09-29T09:02:00.000 -6252.475639380120 1780.038922027760 1971.839232389060 0.27686293596289 -5.23776214961297 5.58869316463780
2025-09-29T09:06:00.000 -5959.128666626160 473.447088588041 3224.743750271490 2.15259314478750 -5.58390513376346 4.78822455752409
2025-09-29T09:10:00.000 -5231.893435038200 -867.623650951726 4242.199832448080 3.87045464716307 -5.52340232849612 3.63876628454626
2025-09-29T09:14:00.000 -4124.000566828650 -2145.574071363270 4950.142712202830 5.30542444767570 -5.06123477552917 2.22483422704379
2025-09-29T09:18:00.000 -2716.291495659430 -3267.546132796390 5297.198662202440 6.35381613506791 -4.23157566066000 0.64975756929955
2025-09-29T09:22:00.000 -1111.217664970080 -4152.107311333380 5258.281943422480 6.94021303323693 -3.09486261640025 -0.97201925938361
2025-09-29T09:26:00.000 574.581951583098 -4735.055379614330 4836.310838107700 7.02245294152134 -1.73337842989229 -2.52294723149059
2025-09-29T09:30:00.000 2218.637420526810 -4973.997441539390 4061.975286023590 6.59440564657916 -0.24557158001479 -3.89045854908081
2025-09-29T09:34:00.000 3701.440536092430 -4851.454478826270 2991.592517861100 5.68683145440075 1.26062442003095 -4.97488500620146
2025-09-29T09:38:00.000 4915.134510388490 -4376.211758765900 1703.094955475350 4.36551134225867 2.67560525405974 -5.69689120145020
2025-09-29T09:42:00.000 5771.428978906060 -3582.764184594920 290.399045016281 2.72677425748372 3.89606047411481 -6.00350171542537
2025-09-29T09:46:00.000 6208.146999841270 -2528.852358690250 -1143.482929535740 0.89053084110812 4.83285511975375 -5.87241802107625
2025-09-29T09:50:00.000 6193.817000449570 -1291.202716407560 -2494.070900799610 -1.00890139893599 5.41791697887931 -5.31375997110434
2025-09-29T09:54:00.000 5729.912873099960 40.177579218110 -3663.134455432940 -2.83307156385837 5.60932115917872 -4.36912196165864
2025-09-29T09:58:00.000 4850.570388441300 1368.658817854980 -4565.872194701920 -4.44992709967340 5.39405418382973 -3.10801960360426
2025-09-29T10:02:00.000 3619.896587977030 2598.021427769930 -5136.974542244950 -5.74322055278813 4.78843788417670 -1.62231892842919
2025-09-29T10:06:00.000 2127.195997197430 3639.334925723470 -5335.186028678730 -6.62036753470418 3.83646645670023 -0.01939830534479
2025-09-29T10:10:00.000 480.535569173321 4417.234008971220 -5146.140111242470 -7.01845396405825 2.60651308302508 1.58533562330384
2025-09-29T10:14:00.000 -1200.907657773400 4875.230176583650 -4583.350847891250 -6.90832272056713 1.18664575714093 3.07624398687969
2025-09-29T10:18:00.000 -2795.254867557870 4979.773832259370 -3687.336924741280 -6.29684751031532 -0.32111468629820 4.34523755931473
2025-09-29T10:22:00.000 -4186.635341137110 4722.786227763390 -2522.876773477940 -5.22701431146855 -1.80775312865176 5.29947851819303
2025-09-29T10:26:00.000 -5273.609614515440 4122.438145110100 -1174.490339753290 -3.77549999113762 -3.16486536354300 5.86837100906841
2025-09-29T10:30:00.000 -5976.714308921360 3222.027668083240 259.617438125765 -2.04768329635116 -4.29281958202797 6.00927885928035
2025-09-29T10:34:00.000 -6244.475941055660 2086.928532624640 1674.759431153000 -0.16998000280597 -5.10850497565073 5.71123571934079
2025-09-29T10:38:00.000 -6057.336703089560 799.797573066686 2967.556911949120 1.71981029715131 -5.55197167601643 4.99606129273191
2025-09-29T10:42:00.000 -5429.097099557630 -545.583425263586 4043.652521227640 3.48331304867569 -5.59101495243856 3.91657751490541
2025-09-29T10:46:00.000 -4405.777632447560 -1851.271414346030 4824.669445345700 4.99206833396479 -5.22332476477046 2.55221673720340
2025-09-29T10:50:00.000 -3062.097857958610 -3022.353813079410 5253.879900279900 6.13681489106486 -4.47622886905475 1.00282425574851
2025-09-29T10:54:00.000 -1495.905479067730 -3973.811883923970 5300.228195512470 6.83515297592333 -3.40429277845553 -0.61886378378374
2025-09-29T10:58:00.000 178.952181876007 -4636.595771578290 4960.458034983330 7.03689199892820 -2.08521670366756 -2.19525214201361
2025-09-29T11:02:00.000 1840.808511619490 -4962.545140593880 4259.307206421630 6.72743394762998 -0.61437539465226 -3.61201893652999
2025-09-29T11:06:00.000 3368.896177912240 -4927.865987860860 3247.755841920050 5.92887196934010 0.90170929952991 -4.76607719885442
2025-09-29T11:10:00.000 4652.071522288270 -4534.940901054410 1999.427308283790 4.69893432302942 2.35274100179817 -5.57302053667992
2025-09-29T11:14:00.000 5596.972500659500 -3812.261413364670 605.291722613247 3.12720125112370 3.63280476419328 -5.97365238980913
2025-09-29T11:18:00.000 6134.936235757770 -2812.404789957250 -832.991626594853 1.32863253035150 4.64839980472596 -5.93869499219404
2025-09-29T11:22:00.000 6227.083069472240 -1608.167742079280 -2210.588375926180 -0.56513029423151 5.32561598401050 -5.47114422718148
2025-09-29T11:26:00.000 5867.122325942710 -287.156994950312 -3427.248992324700 -2.41591862040570 5.61569347326895 -4.60592014650580
2025-09-29T11:30:00.000 5081.655674347080 1054.694611907010 -4394.659561157970 -4.08950224913460 5.49838830948420 -3.40686236881953
2025-09-29T11:34:00.000 3928.037425241450 2320.149669334230 -5042.793671108600 -5.46537341709393 4.98303443852161 -1.96151196524023
2025-09-29T11:38:00.000 2490.052672785330 3417.648676867390 -5324.825368884270 -6.44499443828732 4.10725262966354 -0.37448573385339
2025-09-29T11:42:00.000 871.843673019114 4267.779968802560 -5220.351536968140 -6.95817483954552 2.93404047499814 1.23991230923138
2025-09-29T11:46:00.000 -809.480206730644 4808.874217403330 -4736.796019658640 -6.96766016004996 1.54742254489995 2.76540145833544
2025-09-29T11:50:00.000 -2432.107824411100 5001.404810125130 -3908.938797298470 -6.47179310656680 0.04687957720640 4.09159785364352
2025-09-29T11:54:00.000 -3878.181884629830 4830.927600667460 -2796.572854675360 -5.50510405657497 -1.45922846118712 5.12168825547494
2025-09-29T11:58:00.000 -5042.338520921700 4309.320156604740 -1480.375807713820 -4.13668705082504 -2.86125506278954 5.77959512345650
2025-09-29T12:02:00.000 -5839.524850721100 3474.112470693630 -56.155917997200 -2.46570672489365 -4.05643548516627 6.01618949901033
2025-09-29T12:06:00.000 -6211.401917543720 2385.877094360940 1372.158111180540 -0.61424355697530 -4.95677246102158 5.81342351685262
2025-09-29T12:10:00.000 -6130.778676133170 1123.822129217800 2700.230333080660 1.28190019048270 -5.49600925867304 5.18600424346281
2025-09-29T12:14:00.000 -5603.652976503990 -220.093075734964 3831.098871019460 3.08376136367826 -5.63481530030152 4.18025013602205
2025-09-29T12:18:00.000 -4668.677523689530 -1548.003011273160 4682.352984679670 4.65989757008984 -5.36355205262397 2.87026368274393
2025-09-29T12:22:00.000 -3394.169095298360 -2763.345630129170 5192.125575721180 5.89604013865112 -4.70257333032310 1.35201842302476
2025-09-29T12:26:00.000 -1872.990445511510 -3777.868170712130 5323.491686943650 6.70307706194615 -3.70028371999086 -0.26388315191415
2025-09-29T12:30:00.000 -215.753726054779 -4517.944360901320 5067.033397187860 7.02301582807090 -2.42942171239989 -1.86018957891179
2025-09-29T12:34:00.000 1457.145288216820 -4929.825547377960 4441.452248647080 6.83278703224348 -0.98192935024628 -3.32116817067952
2025-09-29T12:38:00.000 3024.159162232850 -4983.506134807590 3492.238569074550 6.14595066815383 0.53743021096151 -4.54063752359588
2025-09-29T12:42:00.000 4371.350248412570 -4674.944455900820 2288.458149983670 5.01207316395205 2.01830741197521 -5.42952049323647
2025-09-29T12:46:00.000 5400.708732037080 -4026.464183700180 917.805269363952 3.51354106278843 3.35271283266581 -5.92266782409562
2025-09-29T12:50:00.000 6037.387712284660 -3085.212604319640 -519.781856734267 1.75986766404484 4.44310276749608 -5.98389281671625
2025-09-29T12:54:00.000 6235.283769894920 -1919.718705690940 -1919.494284726840 -0.12052615596149 5.21000311193165 -5.60908550383504
2025-09-29T12:58:00.000 5980.387310729560 -614.798082123048 -3179.430230355410 -1.99032298421091 5.59800772379397 -4.82637057603952
2025-09-29T13:02:00.000 5291.672105982140 734.741721637886 -4208.083206128200 -3.71371951247080 5.57972048099674 -3.69363099166121
2025-09-29T13:06:00.000 4219.510060914570 2031.060729871310 -4930.948647662500 -5.16643616566922 5.15731490510703 -2.29371353919045
2025-09-29T13:10:00.000 2841.844357998430 3180.336890431400 -5295.783042674700 -6.24429677367200 4.36183933689246 -0.72813749049967
2025-09-29T13:14:00.000 1258.493548435680 4099.425910070390 -5276.219328607870 -6.87015479650130 3.25064161280703 0.89025415213132
2025-09-29T13:18:00.000 -415.958557413594 4721.709899756860 -4873.567800475770 -6.99879607903932 1.90332670898839 2.44494986189072
2025-09-29T13:22:00.000 -2060.244516991640 5001.832847807520 -4116.759397616640 -6.62010310813306 0.41649307463039 3.82359625119329
2025-09-29T13:26:00.000 -3555.015647063340 4919.029991558570 -3060.410899190270 -5.76018497731557 -1.10268922113361 4.92577261822015
2025-09-29T13:30:00.000 -4791.444341215490 4478.795470769150 -1781.067031916420 -4.48020869759740 -2.54386570860385 5.67033330172388
2025-09-29T13:34:00.000 -5679.236983490590 3712.692658661510 -371.782449630911 -2.87260551947736 -3.80148921722047 6.00177589106553
2025-09-29T13:38:00.000 -6153.434213944000 2676.227283201950 1064.640280992300 -1.05477877611541 -4.78296349315025 5.89500013020169
2025-09-29T13:42:00.000 -6179.363870567680 1444.805096195750 2423.282453785410 0.83995805264011 -5.41612323178939 5.35760816152320
2025-09-29T13:46:00.000 -5755.221128463180 108.136006173149 3604.935716272270 2.67277802275253 -5.65467197415582 4.42923192885840
2025-09-29T13:50:00.000 -4912.133216084110 -1236.423725084620 4523.446661713270 4.30981645112167 -5.48156647780464 3.17830322401960
2025-09-29T13:54:00.000 -3711.747034520760 -2491.063718916530 5112.016497818080 5.63217704708812 -4.91002481810972 1.69660887902802
2025-09-29T13:58:00.000 -2241.575651011810 -3564.653775927550 5327.978018904690 6.54444501270516 -3.98206284401543 0.09218590527387
2025-09-29T14:02:00.000 -608.560370936856 -4379.279301914990 5155.765496391490 6.98102327976551 -2.76511019127733 -1.51848126809297
2025-09-29T14:06:00.000 1068.647729941600 -4875.793154399200 4607.972272168150 6.91047862386528 -1.34722527593181 -3.01859769052064
2025-09-29T14:10:00.000 2668.198576905520 -5018.059927058400 3724.439564359820 6.33776534093070 0.16900900304100 -4.29922130830624
2025-09-29T14:14:00.000 4073.809588811280 -4795.603508001450 2569.443801148370 5.30412726287397 1.67356355548075 -5.26688999969664
2025-09-29T14:18:00.000 5183.234985285870 -4224.480692976000 1227.112118338520 3.88463978927439 3.05676857752629 -5.85075144924469
2025-09-29T14:22:00.000 5915.797358568860 -3346.185471767010 -204.704153311349 2.18287197287145 4.21763262265836 -6.00800862643679
2025-09-29T14:26:00.000 6218.366285373370 -2224.646205100690 -1621.608606639320 0.32340017310605 5.07140268179555 -5.72732900717062
2025-09-29T14:30:00.000 6069.287254145430 -941.502318504710 -2920.404837003000 -1.55781950093831 5.55621046767200 -5.02994969133217
2025-09-29T14:34:00.000 5479.843642307010 409.979129947514 -4006.714202097050 -3.32397649374533 5.63756617215914 -3.96756856491351
2025-09-29T14:38:00.000 4493.236561729070 1731.771813192820 -4801.813025005340 -4.84751821918466 5.31043793692992 -2.61805727469219
2025-09-29T14:42:00.000 3181.262927407030 2928.179910161650 -5248.217572263670 -6.01906558588527 4.59910013452438 -1.07942641131314
2025-09-29T14:46:00.000 1639.037971100670 3912.656599628680 -5313.676329212300 -6.75474824323838 3.55500397697338 0.53729687778328
2025-09-29T14:50:00.000 -21.821465815155 4613.898623985590 -4993.384112379780 -7.00165112000272 2.25298944989599 2.11573560708150
2025-09-29T14:54:00.000 -1681.076406819850 4980.887657420240 -4310.327363167560 -6.74128751679032 0.78633780473143 3.54196696227259
2025-09-29T14:58:00.000 -3218.371020403590 4986.600537972520 -3313.757130996240 -5.99126192376782 -0.73939568813694 4.71232862455319
2025-09-29T15:02:00.000 -4521.869145203640 4630.108524134000 -2075.820011995450 -4.80466511372401 -2.21358689421762 5.54087687191723
2025-09-29T15:06:00.000 -5496.451748540200 3936.853183813950 -686.486759330471 -3.26698008508741 -3.52847298548643 5.96603984888443
2025-09-29T15:10:00.000 -6070.842246509660 2956.968252661990 752.959831892183 -1.49018979778709 -4.58740045991970 5.95579554055747
2025-09-29T15:14:00.000 -6203.007742035920 1761.687759499280 2137.397423731160 0.39550749352304 -5.31233676408065 5.51043764827032
2025-09-29T15:18:00.000 -5883.364777041530 438.091004320800 3365.712505000540 2.25172996043691 -5.65018835044482 4.66285613542796
2025-09-29T15:22:00.000 -5135.418539869340 -917.413274688362 4348.325922149940 3.94286549020009 -5.57669051713454 3.47557504359012
2025-09-29T15:26:00.000 -4013.886144886150 -2206.204349361350 5013.735456745060 5.34601016856907 -5.09773008860902 2.03573378404789
2025-09-29T15:30:00.000 -2600.565503299340 -3334.637275853060 5313.655594993770 6.35971790038644 -4.24858464797519 0.44845456277904
2025-09-29T15:34:00.000 -998.302030523614 -4220.799642469120 5226.420505904470 6.91103719614303 -3.09110734992988 -1.17092258570818
2025-09-29T15:38:00.000 676.470584388404 -4800.361234882960 4758.451794791570 6.96029346024247 -1.70908319831055 -2.70501071240415
2025-09-29T15:42:00.000 2302.079638754340 -5031.167458152640 3943.785885561780 6.50378409204528 -0.20247164553374 -4.04242591969623
2025-09-29T15:46:00.000 3760.358498203900 -4896.317377379230 2841.678973811360 5.57432561913190 1.31946172199199 -5.08565403480064
2025-09-29T15:50:00.000 4945.231164317230 -4405.487847319180 1532.390949214680 4.23931937813906 2.74584833819212 -5.75830640884600
2025-09-29T15:54:00.000 5770.520470490570 -3594.325851110990 111.364534135563 2.59618964471624 3.97253061420614 -6.01109319795527
2025-09-29T15:58:00.000 6176.331673262570 -2521.867429712880 -1317.792979534210 0.76513909678271 4.90999923068869 -5.82570757687655
2025-09-29T16:00:00.000 6211.532798929750 -1911.456165800490 -2002.691416679630 -0.17927245216195 5.24800091436488 -5.57185248173172
2025-09-29T16:04:00.000 5943.586896914860 -597.831370398137 -3250.784285594690 -2.03965809584090 5.63210738869575 -4.76552616693140
2025-09-29T16:08:00.000 5244.527071090690 759.177294347692 -4262.435009595310 -3.75006972976604 5.60748796138503 -3.61366488679379
2025-09-29T16:12:00.000 4165.469574221330 2061.198488601370 -4964.389505662530 -5.18721111434667 5.17678873305589 -2.20048667143474
2025-09-29T16:16:00.000 2784.843015519940 3214.009409552820 -5305.926016441550 -6.24804784583956 4.37164568324090 -0.62839230686286
2025-09-29T16:20:00.000 1202.673468206310 4134.216999377030 -5262.360342372680 -6.85662149074364 3.25010662332804 0.98931227882598
2025-09-29T16:24:00.000 -466.544918510170 4755.129688006670 -4836.738484488620 -6.96898716665984 1.89249997687070 2.53614702383203
2025-09-29T16:28:00.000 -2101.930488201110 5031.487295504090 -4059.656447427480 -6.57619431335954 0.39613011879768 3.90031196546204
2025-09-29T16:32:00.000 -3584.782778901340 4942.793370459390 -2987.207548020510 -5.70538047971057 -1.13111836377578 4.98240222282798
2025-09-29T16:36:00.000 -4807.146319788170 4494.970289339930 -1697.113987815430 -4.41852499525245 -2.57828475936732 5.70273048102283
2025-09-29T16:40:00.000 -5679.764631478390 3720.136191677360 -283.217795396665 -2.80862086745628 -3.83940052942416 6.00757983302379
2025-09-29T16:44:00.000 -6138.798979791750 2674.420822857220 1151.348508209820 -0.99317326433964 -4.82167314253987 5.87383077501745
2025-09-29T16:48:00.000 -6150.676021558780 1433.893618863170 2501.809662714630 0.89473695452331 -5.45281528835629 5.31101621873857
2025-09-29T16:52:00.000 -5714.617680854470 88.932117608480 3669.556677190160 2.71668568219926 -5.68666730481502 4.36066253371362
2025-09-29T16:56:00.000 -4862.624332395040 -1262.512387964950 4569.469296532220 4.33968508360382 -5.50661554239865 3.09284560024697
2025-09-29T17:00:00.000 -3656.967002866240 -2522.151951152820 5136.115597058620 5.64599961467259 -4.92638726035765 1.60047120388886
2025-09-29T17:04:00.000 -2185.501775469930 -3598.494948997920 5328.406122559790 6.54134784562260 -3.98848133555952 -0.00774838349888
2025-09-29T17:08:00.000 -555.249529599322 -4413.402312969000 5132.471838437820 6.96123086886907 -2.76101155710422 -1.61503379707068
2025-09-29T17:12:00.000 1115.333158758200 -4907.682961084630 4562.611693420160 6.87537944374413 -1.33280664779723 -3.10482134300289
2025-09-29T17:16:00.000 2704.856083002420 -5045.339484037540 3660.264896833930 6.28979152591585 0.19276996368903 -4.36880915985738
2025-09-29T17:20:00.000 4097.739184412670 -4816.229042499360 2491.087914910880 5.24665818480235 1.70491561017762 -5.31474988347262
2025-09-29T17:24:00.000 5192.634793002010 -4236.899978880790 1140.253908103430 3.82176439433497 3.09336136710556 -5.87328389375840
2025-09-29T17:28:00.000 5909.923156937960 -3349.472885143350 -293.736335835324 2.11926464431619 4.25665296499642 -6.00348893947792
2025-09-29T17:32:00.000 6197.612595795470 -2218.568107249160 -1706.332473200200 0.26376895084604 5.10995424023745 -5.69617872722468
2025-09-29T17:36:00.000 6035.139126120230 -926.510519761359 -2994.668366238380 -1.60912009564206 5.59148754455583 -4.97446798520824
2025-09-29T17:40:00.000 5434.766513089340 432.784781966894 -4065.131973632140 -3.36318736544862 5.66700481264826 -3.89181361232542
2025-09-29T17:44:00.000 4440.498942303760 1760.724881820180 -4840.159917578470 -4.87175384521110 5.33192643583449 -2.52758107859512
2025-09-29T17:48:00.000 3124.693347669720 2961.179610380990 -5263.735287919350 -6.02657374554152 4.61113817944149 -0.98082231973457
2025-09-29T17:52:00.000 1582.736435914790 3947.320084811860 -5305.264392899260 -6.74501871056153 3.55674776600391 0.63689950779923
2025-09-29T17:56:00.000 -73.777127574649 4647.727286596630 -4961.669730072670 -6.97538653924661 2.24433331323609 2.20914548417337
2025-09-29T18:00:00.000 -1724.922048732480 5011.445419203880 -4257.619759862490 -6.70037524376240 0.76789847073079 3.62243184241935
2025-09-29T18:04:00.000 -3250.925543779120 5011.683842471680 -3243.892069413410 -5.93865451090893 -0.76629917031648 4.77395864872752
2025-09-29T18:08:00.000 -4540.771781581490 4647.910607656490 -1993.893510627370 -4.74420737433312 -2.24698760000740 5.57914173429731
2025-09-29T18:12:00.000 -5500.341215062180 3946.098903093350 -598.478786322404 -3.20309352769821 -3.56593944216060 5.97814028473394
2025-09-29T18:16:00.000 -6059.456333949690 2957.007850788130 840.620821694538 -1.42757978998241 -4.62617658421423 5.94082323465538
2025-09-29T18:20:00.000 -6177.217824936550 1752.543381075610 2218.313312549560 0.45219905976030 -5.34964529043727 5.46955786608953
2025-09-29T18:24:00.000 -5845.091803622920 420.434548942216 3433.991574401490 2.29843978701906 -5.68337991265223 4.59906970722445
2025-09-29T18:28:00.000 -5087.477823952230 -942.292485758815 4398.997328184830 3.97622650862971 -5.60331456674501 3.39353493849386
2025-09-29T18:32:00.000 -3959.794665086620 -2236.487915594280 5043.118572765390 5.36360167787731 -5.11588223775835 1.94146383795004
2025-09-29T18:36:00.000 -2544.271850413170 -3368.129819106420 5319.626471433100 6.36039618627992 -4.25700894824699 0.34879688260240
2025-09-29T18:40:00.000 -943.880402514451 -4255.068656350860 5208.537627614470 6.89485229952668 -3.08908719015900 -1.26885103221785
2025-09-29T18:44:00.000 725.083964627091 -4832.886574553060 4717.983185400390 6.92835698470030 -1.69664748609035 -2.79414975836822
2025-09-29T18:48:00.000 2341.351898068910 -5059.535001680110 3883.637137684090 6.45833783549261 -0.18046324763437 -4.11628294236576
2025-09-29T18:52:00.000 3787.415193096890 -4918.407164472480 2766.193160332190 5.51858327581408 1.34944855184704 -5.13882303248438
2025-09-29T18:56:00.000 4958.065121549070 -4419.636222797630 1447.035751217240 4.17725011482603 2.78163249627069 -5.78686592234197
2025-09-29T19:00:00.000 5768.142311298300 -3599.453478894100 22.344985374239 2.53226192204852 4.01144377469300 -6.01286867464311
2025-09-29T19:04:00.000 6158.856849719640 -2517.576353876270 -1403.985545662880 0.70405120210338 4.94907856198564 -5.80052305617171
2025-09-29T19:08:00.000 6102.117590461710 -1252.782440027080 -2728.047134073480 -1.17367068932235 5.52651995038086 -5.16598016293005
2025-09-29T19:12:00.000 5602.492075014070 102.952762945131 -3853.576740426140 -2.96417592612772 5.70244409947640 -4.15635175421148
2025-09-29T19:16:00.000 4696.697829843960 1451.239082886970 -4698.965532182590 -4.53793060938259 5.46497410031301 -2.84580329055247
2025-09-29T19:20:00.000 3450.737376065380 2694.426281955020 -5203.078903436740 -5.78184369692997 4.83202133718924 -1.32968814476747
2025-09-29T19:24:00.000 1955.003014502640 3742.581281254440 -5329.514157607270 -6.60688201035102 3.84954209327649 0.28248118104674
2025-09-29T19:28:00.000 317.770053752760 4519.833079908800 -5069.089346410290 -6.95384701302300 2.58805887357151 1.87467322746670
2025-09-29T19:32:00.000 -1342.459335173400 4969.717837498750 -4440.477098509420 -6.79721070960459 1.13789400069850 3.33209354837863
2025-09-29T19:36:00.000 -2905.321183685300 5059.243699205760 -3488.970362097530 -6.14714466194808 -0.39676465643069 4.54899049860842
2025-09-29T19:40:00.000 -4257.186809707360 4781.403504068830 -2283.405116317550 -5.04942111234677 -1.90479941678089 5.43613307576519
2025-09-29T19:44:00.000 -5299.469327978350 4155.900589193670 -911.347561079379 -3.58295356447115 -3.27614284276023 5.92773617535843
2025-09-29T19:48:00.000 -5955.979709038120 3227.891374015910 527.226103840352 -1.85434986200984 -4.41010742486888 5.98688891143162
2025-09-29T19:52:00.000 -6178.683292577470 2064.785262851410 1927.285268586960 0.00983679276751 -5.22317543592653 5.60872289758611
2025-09-29T19:56:00.000 -5951.352577702720 751.288736151669 3186.570854084310 1.87285728461182 -5.65567998380441 4.82104956222307
2025-09-29T20:00:00.000 -5290.737521887280 -616.910680177796 4213.211033422360 3.59842432779341 -5.67632654917980 3.68200959592133
2025-09-29T20:04:00.000 -4245.199182653630 -1940.241752260280 4932.468052046680 5.06101653599085 -5.28415188732768 2.27527228986086
2025-09-29T20:08:00.000 -2891.029312750030 -3122.526645077670 5292.119568807030 6.15478078340056 -4.50819222925216 0.70363763977128
2025-09-29T20:12:00.000 -1326.792594640120 -4077.935852152000 5266.153334188110 6.80101870118784 -3.40503031402473 -0.91864716286543
2025-09-29T20:16:00.000 333.839512129144 -4737.100995596120 4856.535339514810 6.95318867108692 -2.05446936845831 -2.47400557387207
2025-09-29T20:20:00.000 1970.217221927700 -5052.074744585560 4093.051957779740 6.60007306697021 -0.55420321450687 -3.84951855990614
2025-09-29T20:24:00.000 3463.383077852600 -4999.839353022110 3031.229042338140 5.76698250860817 0.98694564486142 -4.94492789427362
2025-09-29T20:28:00.000 4704.713439916240 -4584.057976826550 1748.378881847920 4.51424685210177 2.45679699886979 -5.68006924703163
2025-09-29T20:32:00.000 5603.890689691540 -3834.902114300880 338.015315082714 2.93319842533371 3.74801897056930 -6.00099464304446
2025-09-29T20:36:00.000 6095.600194764580 -2806.902406749400 -1097.004519351450 1.13956292043680 4.76626235327186 -5.88434108610544
2025-09-29T20:40:00.000 6144.360188438260 -1574.926687784670 -2452.102687514730 -0.73539464672965 5.43749301210801 -5.33918397924929
2025-09-29T20:44:00.000 5747.055010207510 -228.603592178270 -3628.705870714900 -2.55496028649697 5.71348021802633 -4.40613371243206
2025-09-29T20:48:00.000 4932.994493658660 1134.313337942290 -4541.449870537490 -4.18731738016074 5.57508487263229 -3.15387613530514
2025-09-29T20:52:00.000 3761.577488146540 2415.072353050320 -5124.290302879480 -5.51499876224146 5.03309588456305 -1.67369100068864
2025-09-29T20:56:00.000 2317.853295709750 3521.003274120150 -5335.129085230690 -6.44291196566729 4.12702069756668 -0.07263033264542
2025-09-29T21:00:00.000 706.370514757401 4372.071075631750 -5158.707431717430 -6.90454481710201 2.92201540235386 1.53398376360113
2025-09-29T21:04:00.000 -956.244833433777 4906.518611185360 -4607.651654402430 -6.86631926061902 1.50437775467582 3.03040886874644
2025-09-29T21:08:00.000 -2549.517315821230 5085.277942382190 -3721.635095476870 -6.32997331094100 -0.02415015201012 4.30828401367762
2025-09-29T21:12:00.000 -3957.690118936210 4894.886963002370 -2564.694911541740 -5.33299457129016 -1.55314092480412 5.27415579758359
2025-09-29T21:16:00.000 -5078.133244506730 4348.663432649730 -1220.793499575160 -3.94673496399987 -2.97120752153133 5.85654612698140
2025-09-29T21:20:00.000 -5828.971540179840 3485.951202804180 212.193926077258 -2.27181504048217 -4.17425866518331 6.01183857103865
2025-09-29T21:24:00.000 -6155.277642369220 2369.362822235440 1629.675110254570 -0.43073456026048 -5.07376979708026 5.72806162156673
2025-09-29T21:28:00.000 -6033.227323999320 1080.186556117520 2928.113134932480 1.44148452690847 -5.60364694273934 5.02595096846220
2025-09-29T21:32:00.000 -5471.867124580760 -287.650115324141 4012.739875500800 3.20771952184289 -5.72532402636465 3.95734771867924
2025-09-29T21:36:00.000 -4512.342240336490 -1634.564520394800 4804.558982661690 4.73929959321397 -5.43046783379891 2.60091956479514
2025-09-29T21:40:00.000 -3224.715959282790 -2862.638598370050 5246.054318102330 5.92532315264118 -4.74110973338882 1.05584717461550
2025-09-29T21:44:00.000 -1702.757019190170 -3882.700337638430 5305.253262313420 6.68027693745421 -3.70761728755677 -0.56545528920310
2025-09-29T21:48:00.000 -57.103480333147 -4620.706444412390 4977.955305452350 6.94988676663430 -2.40490999827583 -2.14536802284482
2025-09-29T21:52:00.000 1592.699229199780 -5023.016892424630 4287.984918391210 6.71460110390831 -0.92713600700232 -3.56929676497829
2025-09-29T21:56:00.000 3126.754944632600 -5060.276563702070 3285.510800930370 5.99113271413897 0.61864555395658 -4.73361601512236
2025-09-29T22:00:00.000 4433.483269934420 -4729.631066629030 2043.497889356700 4.83174827470137 2.11997976545750 -5.55317390813789
2025-09-29T22:04:00.000 5417.804188028430 -4055.037201985470 652.458724438657 3.32087131769748 3.46729863986799 -5.96784511858292
2025-09-29T22:08:00.000 6008.175408544920 -3085.576363108070 -786.164041415240 1.56901628841613 4.56214002683466 -5.94730689798275
2025-09-29T22:12:00.000 6161.894431361010 -1891.854474383220 -2167.502221690000 -0.29554888287904 5.32476086636471 -5.49351738377492
2025-09-29T22:16:00.000 5868.188648611160 -560.744645335375 -3391.027802595330 -2.13673713516287 5.70017336276535 -4.64039715923979
2025-09-29T22:20:00.000 5148.852329971030 811.057323021899 -4367.918182815840 -3.82094443364794 5.66195249494250 -3.45089820207085
2025-09-29T22:24:00.000 4056.456061456890 2124.112684065570 -5027.452676356450 -5.22683337614723 5.21371286544417 -2.01189965354267
2025-09-29T22:28:00.000 2670.373501271390 3283.393873960600 -5321.979122955810 -6.25362498316959 4.38829867560462 -0.42759883092591
2025-09-29T22:32:00.000 1091.014167892150 4205.017581774890 -5230.202804108080 -6.82775998058035 3.24515735759943 1.18784141162641
2025-09-29T22:36:00.000 -567.320078860549 4822.157179688780 -4758.648609893590 -6.90767693962824 1.86618418802190 2.71805466897413
2025-09-29T22:40:00.000 -2184.508437154720 5089.804815280390 -3941.244888389610 -6.48676532840846 0.35029673403472 4.05236411751530
2025-09-29T22:44:00.000 -3643.142408473240 4988.083658883220 -2837.023367419320 -5.59419619465747 -1.19319269880819 5.09348939530768
2025-09-29T22:48:00.000 -4836.992096109310 4523.853735882310 -1526.041471921700 -4.29352774113087 -2.65208830285309 5.76461432617159
2025-09-29T22:52:00.000 -5678.852376469280 3730.440916495580 -103.706656061018 -2.67887494429417 -3.91944756902690 6.01555546563688
2025-09-29T22:56:00.000 -6107.134137459160 2665.362177962660 1326.192525118630 -0.86824393567209 -4.90197501451840 5.82719092812455
2025-09-29T23:00:00.000 -6090.543431456270 1406.130354770640 2659.208404775240 1.00555966582757 -5.52742988783764 5.21318529416900
2025-09-29T23:04:00.000 -5630.412643472260 44.492244170393 3798.022121449260 2.80522941820507 -5.75018238654208 4.21887453641907
2025-09-29T23:08:00.000 -4760.508105299690 -1320.395716927150 4659.645554753660 4.39949593516446 -5.55444558786220 2.91752036832210
2025-09-29T23:12:00.000 -3544.399084741220 -2589.270156059200 5181.454287205480 5.67275530471842 -4.95504560011073 1.40444644299924
2025-09-29T23:16:00.000 -2070.695280354070 -3669.973011488750 5325.639350699490 6.53314928247415 -3.99594741016081 -0.21015498773773
2025-09-29T23:20:00.000 -446.562041565604 -4484.063670200590 5081.831339649520 6.91875802023125 -2.74677763128976 -1.80914897524440
2025-09-29T23:24:00.000 1210.003137376880 -4972.408508070220 4467.800870103350 6.80175813263383 -1.29787224973423 -3.27654451276656
2025-09-29T23:28:00.000 2778.635169672210 -5099.433071917720 3528.199587007360 6.19038456739271 0.24589990422555 -4.50564187440941
2025-09-29T23:32:00.000 4145.275490629890 -4855.762024456800 2331.400729579320 5.12872274988206 1.77238131461293 -5.40668654000894
2025-09-29T23:36:00.000 5210.497357765020 -4259.003690797350 964.597009902127 3.69393776730629 3.17024943006092 -5.91361965931905
2025-09-29T23:40:00.000 5896.850226428650 -3352.548699950930 -472.551323223962 1.99087945280360 4.33735681741466 -5.98930846459271
2025-09-29T23:44:00.000 6154.607063520610 -2202.407412298260 -1875.268640083650 0.14425667076475 5.18857545872140 -5.62855622809544
2025-09-29T23:48:00.000 5965.401827671900 -892.302865906244 -3141.430836694860 -1.71101764023187 5.66235292675874 -4.85846490489310
2025-09-29T23:52:00.000 5343.437804735190 482.554613489137 -4179.073344899140 -3.44014094761026 5.72504918069701 -3.73599125492792
2025-09-29T23:56:00.000 4334.259041764780 1822.462834168570 -4913.037843275460 -4.91833600827234 5.37301684795658 -2.34328768604589
2025-09-30T00:00:00.000 3011.261132956690 3030.432182298550 -5290.281643654050 -6.03958845087163 4.63227526422518 -0.78134866847077
2025-09-30T00:04:00.000 1470.318683132380 4019.070585991400 -5283.543821852970 -6.72360356207121 3.55627461105732 0.83722295974681
2025-09-30T00:08:00.000 -177.051076334903 4716.741113531480 -4893.217733051590 -6.92104717331004 2.22210865854358 2.39588658519514
2025-09-30T00:12:00.000 -1811.561563701150 5072.646438451380 -4147.351522489180 -6.61691377981560 0.72539886983758 3.78202646843172
2025-09-30T00:16:00.000 -3314.613900681560 5060.541905477030 -3099.769874375670 -5.83200542075423 -0.82603755505901 4.89474804286617
2025-09-30T00:20:00.000 -4576.831639967170 4680.780905040300 -1826.358949757800 -4.62200343194639 -2.31967034748349 5.65223872360750
2025-09-30T00:24:00.000 -5506.076466720890 3960.497053451880 -419.711110571538 -3.07413006157662 -3.64623179624244 5.99804873063300
2025-09-30T00:28:00.000 -6034.367146334890 2951.815308925690 1017.582300595740 -1.30125366641145 -4.70811738222134 5.90593182745089
2025-09-30T00:32:00.000 -6123.062219848780 1728.099802213880 2380.532072401050 0.56659488107132 -5.42712641583359 5.38234153929037
2025-09-30T00:36:00.000 -5765.772583623310 378.513030501261 3569.600975558590 2.39243005803204 -5.75064656788572 4.46591473956744
2025-09-30T00:40:00.000 -4988.763953709670 -998.633891027139 4498.090408844330 4.04287130571496 -5.65549079016832 3.22426485092763
2025-09-30T00:44:00.000 -3848.870412807890 -2303.151803881780 5098.471420063310 5.39810019166456 -5.14919816264388 1.74846003746643
2025-09-30T00:48:00.000 -2429.199451586700 -3440.264372495850 5327.203691116920 6.36024411275400 -4.26899801508490 0.14610608614138
2025-09-30T00:52:00.000 -833.031488153516 -4327.420749121490 5167.787509641590 6.86003033542614 -3.07891212929856 -1.46642020466741
2025-09-30T00:56:00.000 823.649563480490 -4900.198347701040 4631.878698848500 6.86144359704427 -1.66507127788393 -2.97223152714329
2025-09-30T01:00:00.000 2420.471213531360 -5116.915189989590 3758.450387091240 6.36419394193460 -0.12978694597157 -4.26189157859198
2025-09-30T01:04:00.000 3841.341085926130 -4961.691688243470 2611.048658915120 5.40406856427733 1.41550623933348 -5.24132638904224
2025-09-30T01:08:00.000 4982.891509699130 -4445.700538531420 1273.247507617550 4.05076660650041 2.85818986816621 -5.83877898661988
2025-09-30T01:12:00.000 5762.101542520090 -3606.439761836370 -157.416636151992 2.40311082335604 4.09289345594020 -6.01043199261574
2025-09-30T01:16:00.000 6122.455912801940 -2505.019718238340 -1576.624234083560 0.58176090569195 5.02949764298734 -5.74398107891654
2025-09-30T01:20:00.000 6038.098420211040 -1221.633443290380 -2881.008550418610 -1.28011726845266 5.60010748167867 -5.05957486231511
2025-09-30T01:24:00.000 5515.616185968630 150.413265833912 -3975.774993291990 -3.04705713191690 5.76398475921582 -4.00798580689366
2025-09-30T01:28:00.000 4593.364393662250 1511.580448037930 -4781.582130650630 -4.59139441911306 5.51013550291977 -2.66633436451852
2025-09-30T01:32:00.000 3338.493256266670 2763.305895941410 -5240.173868528000 -5.80221963024597 4.85758125418617 -1.13210398549887
2025-09-30T01:36:00.000 1841.992990909380 3815.037962893110 -5318.426235909850 -6.59286858994192 3.85358491041326 0.48400881607231
2025-09-30T01:40:00.000 212.169521409250 4590.614444153940 -5010.609724278410 -6.90647854916185 2.57010587282745 2.06569167282241
2025-09-30T01:44:00.000 -1432.998080373930 5033.645771236770 -4338.807640423080 -6.71980050660463 1.09905570204627 3.49879410513322
2025-09-30T01:48:00.000 -2974.201632863660 5111.601382343180 -3351.452415311980 -6.04514796923475 -0.45376304866799 4.67918183178576
2025-09-30T01:52:00.000 -4299.355641099790 4818.302973870600 -2120.013835823940 -4.93017292591715 -1.97583487031517 5.52021698730498
2025-09-30T01:56:00.000 -5311.801647730110 4174.574463328020 -733.967195977638 -3.45506761992148 -3.35605965638434 5.95949678238883
2025-09-30T02:00:00.000 -5937.504719906640 3226.900992273600 705.663270220686 -1.72708366601780 -4.49303885428291 5.96385085022284
2025-09-30T02:04:00.000 -6130.677214872760 2044.144872513590 2093.734495479050 0.12714647066504 -5.30297519419776 5.53246522800546
2025-09-30T02:08:00.000 -5877.260335961920 712.468233767977 3328.851016435310 1.97159487335765 -5.72644366404299 4.69713762841986
2025-09-30T02:12:00.000 -5195.915890464640 -671.097807378206 4320.908704215940 3.67136490338039 -5.73281670630773 3.51950400215076
2025-09-30T02:16:00.000 -4136.527376170000 -2005.845641787400 4997.703634938370 5.10279115468025 -5.32222635160642 2.08610776815698
2025-09-30T02:20:00.000 -2776.394855344470 -3194.768685873890 5310.124086408960 6.16239982431572 -4.52509153924649 0.50160642023165
2025-09-30T02:24:00.000 -1214.510690003990 -4151.546945026860 5235.589084482140 6.77389580779068 -3.39946224743105 -1.11888179693703
2025-09-30T02:28:00.000 435.605089940992 -4806.705708710950 4779.602449088040 6.89320804420542 -2.02686888626381 -2.65779937300386
2025-09-30T02:32:00.000 2054.061039635720 -5112.602358726110 3975.344991917440 6.51162616711998 -0.50662487614310 -4.00342586623866
2025-09-30T02:36:00.000 3523.210608858320 -5046.885507128720 2881.322699282700 5.65652071902000 1.05101631560403 -5.05769911603552
2025-09-30T02:40:00.000 4736.184397369300 -4614.210044149120 1577.203251947720 4.38986186929444 2.53263833466318 -5.74344961802461
2025-09-30T02:44:00.000 5604.750088438410 -3845.992348356120 158.058703890135 2.80407311367446 3.83004506082100 -6.01034682828400
2025-09-30T02:48:00.000 6065.856507417660 -2798.161173154520 -1272.620574207010 1.01524144570107 4.84849176208413 -5.83905485798071
2025-09-30T02:52:00.000 6086.276418496630 -1547.022830949790 -2610.597691473540 -0.84579391941045 5.51398452772561 -5.24269244056778
2025-09-30T02:56:00.000 5664.965407244820 -183.588026686127 -3758.583429362450 -2.64339443986827 5.77873629671401 -4.26563308555531
2025-09-30T03:00:00.000 4832.971629927150 1193.170015918420 -4633.335633970100 -4.24744051001693 5.62450042285087 -2.97973145349190
2025-09-30T03:04:00.000 3650.959000564690 2483.531652981300 -5171.592950382300 -5.54267702845327 5.06322358247578 -1.47855682848742
2025-09-30T03:08:00.000 2204.688692377370 3594.145187972210 -5334.474560929880 -6.43635137716600 4.13566385190642 0.12947443612664
2025-09-30T03:12:00.000 598.854349794964 4444.618697999240 -5110.160221855570 -6.86432573566513 2.90841717427783 1.72858694035181
2025-09-30T03:16:00.000 -1050.332112760390 4973.194903788160 -4514.709055574440 -6.79528619344679 1.46931001068812 3.20352421217924
2025-09-30T03:20:00.000 -2623.335411308970 5141.183642222660 -3591.004236274500 -6.23309863622056 -0.07830455031324 4.44729829658813
2025-09-30T03:24:00.000 -4005.831637432000 4935.881501344520 -2405.847492739140 -5.21718362451174 -1.62248440536543 5.36881662476615
2025-09-30T03:28:00.000 -5097.034943406530 4371.696101359700 -1045.291543890620 -3.82038095548326 -3.05061587351488 5.89980542340927
2025-09-30T03:32:00.000 -5817.205919059170 3489.295351153070 391.546848254715 -2.14417876923589 -4.25791625792736 6.00046180367588
2025-09-30T03:36:00.000 -6113.661849920110 2352.732152013970 1799.777868858940 -0.31114995368014 -5.15553523516970 5.66281915778900
2025-09-30T03:40:00.000 -5964.766176007040 1044.767500362610 3076.532365267210 1.54422859491128 -5.67748571279959 4.91161383830906
2025-09-30T03:44:00.000 -5381.537518321910 -339.293063193273 4128.634496616190 3.28610208865126 -5.78586379867488 3.80230981012502
2025-09-30T03:48:00.000 -4406.712586139850 -1698.689279643490 4879.465884043500 4.78763941909226 -5.47330093496878 2.41648317778123
2025-09-30T03:52:00.000 -3111.465630185580 -2934.588151179450 5274.500861117720 5.94010605642507 -4.76308211965077 0.85549427705754
2025-09-30T03:56:00.000 -1590.114077928880 -3957.242567390230 5285.163717472340 6.66047011695434 -3.70711587870817 -0.76710261137303
2025-09-30T04:00:00.000 46.753231641438 -4692.414591545270 4910.784935327550 6.89690697621255 -2.38193496679447 -2.33366226101436
2025-09-30T04:04:00.000 1680.214734286750 -5086.669569911690 4178.616622395490 6.63222921634634 -0.88340799865085 -3.73049352629065
2025-09-30T04:08:00.000 3191.555502060600 -5111.257476136640 3141.912851717390 5.88538231630315 0.67985819773306 -4.85591237232543
2025-09-30T04:12:00.000 4470.862961597980 -4764.262666903820 1876.145933310430 4.71040755428618 2.19416855442223 -5.62760802170615
2025-09-30T04:16:00.000 5425.080854976520 -4070.844709557470 473.566785403011 3.19290882813568 3.54901317107930 -5.98899728249344
2025-09-30T04:20:00.000 5984.891191075240 -3081.463601705600 -963.551776402792 1.44388456711254 4.64541325541082 -5.91371587013116
2025-09-30T04:24:00.000 6109.846802622400 -1868.173510157050 -2330.478947551950 -0.40863622307754 5.40357372497949 -5.40777810598899
2025-09-30T04:28:00.000 5791.284516353000 -519.252454318210 -3527.775228841210 -2.22952906399573 5.76890648152352 -4.50892349401132
2025-09-30T04:32:00.000 5052.795997757870 867.342182347753 -4468.564968827650 -3.88681040970852 5.71576167276550 -3.28337765946865
2025-09-30T04:36:00.000 3948.307052133510 2191.127227353770 -5084.769410090230 -5.26115717335267 5.24878944015059 -1.82054273224348
2025-09-30T04:40:00.000 2558.022274909360 3356.316780647290 -5331.883272227330 -6.25414291441344 4.40215710439067 -0.22622902478763
2025-09-30T04:44:00.000 982.608301784096 4278.598038614260 -5192.017865947630 -6.79457833785027 3.23672205822454 1.38480640790650
2025-09-30T04:48:00.000 -663.937846685926 4891.066338410190 -4675.142371017390 -6.84321203300983 1.83589533874687 2.89649127848464
2025-09-30T04:52:00.000 -2262.333478371160 5149.005770331300 -3818.443443532080 -6.39554169906929 0.30014686396232 4.19938387514166
2025-09-30T04:56:00.000 -3696.487497074380 5033.205613430630 -2683.816680325870 -5.48264316761719 -1.25965089573107 5.19826409303462
2025-09-30T05:00:00.000 -4861.917957193010 4551.546722163110 -1353.574960634830 -4.16970241204831 -2.72996848033014 5.81933119731244
2025-09-30T05:04:00.000 -5673.488305744770 3738.642678002950 75.436017433588 -2.55183830351200 -4.00298431110562 6.01612604795953
2025-09-30T05:08:00.000 -6071.830159327430 2653.452519627210 1498.928596937470 -0.74732212242689 -4.98499858724554 5.77356174972382
2025-09-30T05:12:00.000 -6027.847910296020 1374.967281650600 2812.925724554800 1.11150198907709 -5.60386876648016 5.10929899144409
2025-09-30T05:16:00.000 -5544.876389618690 -3.660645972572 3921.501673574710 2.88845594653436 -5.81445616514653 4.07231689785196
2025-09-30T05:20:00.000 -4658.356902255600 -1382.037848419050 4743.876679981820 4.45388235702313 -5.60190920817542 2.73902299911627
2025-09-30T05:24:00.000 -3433.069282508560 -2659.933917185180 5220.298021123980 5.69440377615036 -4.98230383880144 1.20701912015482
2025-09-30T05:28:00.000 -1958.275828747960 -3744.535343767570 5316.255117262230 6.52052752640451 -4.00096640174734 -0.41216869994341
2025-09-30T05:32:00.000 -341.216618362998 -4557.101621158570 5024.890650223360 6.87278937019789 -2.72912945914962 -2.00101262099179
2025-09-30T05:36:00.000 1300.623938812210 -5038.600809736890 4367.442135993030 6.72576100640858 -1.25882190190546 -3.44428337204873
2025-09-30T05:40:00.000 2847.941992941180 -5153.958220431580 3391.724655047320 6.08984343765244 0.30347399878827 -4.63702751521278
2025-09-30T05:44:00.000 4188.222265922890 -4894.659284098720 2168.748387594840 5.01094383732111 1.84422941829107 -5.49209894254951
2025-09-30T05:48:00.000 5223.964890398090 -4279.468486447670 787.626400952502 3.56757685095600 3.25105350189142 -5.94679405043398
2025-09-30T05:52:00.000 5879.893178879560 -3353.136486941140 -650.935621239394 1.86527878709619 4.42118014752060 -5.96785612009173
2025-09-30T05:56:00.000 6108.528909370870 -2183.122836881080 -2042.077037731170 0.02867410177601 5.26935467969461 -5.55415410246928
2025-09-30T06:00:00.000 5893.641869572560 -854.581911626289 -3284.547062991800 -1.80814208887334 5.73428906887291 -4.73666222218322
2025-09-30T06:04:00.000 5251.300751323410 535.960014762040 -4288.137460344910 -3.51181491298053 5.78304245804670 -3.57577218060506
2025-09-30T06:08:00.000 4228.498350893320 1887.691127054640 -4980.183853944100 -4.95953290308874 5.41295881678742 -2.15631126865104
2025-09-30T06:12:00.000 2899.575537750720 3102.777861467140 -5310.678277827400 -6.04748853535215 4.65127489911382 -0.58110568546649
2025-09-30T06:16:00.000 1360.801948487670 4093.302846510350 -5255.729732258140 -6.69775544785151 3.55288386653936 1.03631697867468
2025-09-30T06:20:00.000 -276.480599120097 4787.467975798790 -4819.193514909450 -6.86333618174061 2.19643659410029 2.57955539350229
2025-09-30T06:24:00.000 -1893.702941773800 5134.691192106060 -4032.440105301800 -6.53140976741014 0.67913294774275 3.93701014062492
2025-09-30T06:28:00.000 -3373.482390710680 5109.317681349150 -2952.260535396250 -5.72470835139571 -0.88968820038058 5.00972834840801
2025-09-30T06:32:00.000 -4608.080779577110 4712.648786378960 -1656.947984132380 -4.50053560693372 -2.39603337748942 5.71861258016996
2025-09-30T06:36:00.000 -5507.353945911770 3973.076459117450 -240.745346245707 -2.94737848778918 -3.72960245342272 6.01079297889725
2025-09-30T06:40:00.000 -6005.526253525050 2944.163304838260 1193.033269135270 -1.17857221434182 -4.79229812792880 5.86408336347626
2025-09-30T06:44:00.000 -6066.177030972540 1700.768553089330 2539.655552898570 0.67616071105401 -5.50593009651210 5.28896575913790
2025-09-30T06:48:00.000 -5684.985189781750 333.494786510582 3700.784773754450 2.48083004129403 -5.81833415842324 4.32789144286583
2025-09-30T06:52:00.000 -4889.967327766470 -1058.062054760790 4591.773129224980 4.10362377295114 -5.70715633574871 3.05170331231853
2025-09-30T06:56:00.000 -3739.276393808040 -2372.671934298420 5147.842904594990 5.42678710509385 -5.18113179730790 1.55402907277203
2025-09-30T07:00:00.000 -2316.793795030330 -3514.841342137530 5328.694997163940 6.35486525387914 -4.27895624587471 -0.05603857741966
2025-09-30T07:04:00.000 -725.982541406446 -4401.658698290690 5121.300961929630 6.82103832882001 -3.06613036556130 -1.66165628184400
2025-09-30T07:08:00.000 917.563636644652 -4968.709912132000 4540.799940430040 6.79164607661607 -1.63042629130405 -3.14631508789286
2025-09-30T07:12:00.000 2494.425916444420 -5174.726066277230 3629.421207391170 6.26867802117630 -0.07580303139686 -4.40212575868958
2025-09-30T07:16:00.000 3889.966396073900 -5004.606732852320 2453.479250402170 5.28980192497275 1.48489764842925 -5.33746572807443
2025-09-30T07:20:00.000 5002.668623041050 -4470.610469531120 1098.637408421840 3.92611222520670 2.93791296801870 -5.88377256553441
2025-09-30T07:24:00.000 5751.628897410920 -3611.557974869380 -336.321702234639 2.27724217663682 4.17708768025167 -6.00102263412293
2025-09-30T07:28:00.000 6082.558111618480 -2490.008886980000 -1746.780193383500 0.46393310706100 5.11202210734509 -5.68094967235814
2025-09-30T07:32:00.000 5971.759109385770 -1187.617621644600 -3030.039845943210 -1.38129280897851 5.67500678543863 -4.94767066802772
2025-09-30T07:36:00.000 5427.737635204000 200.946971070487 -4092.879454663130 -3.12429786308684 5.82591053082368 -3.85547160026476
2025-09-30T07:40:00.000 4490.388344562780 1574.968039577880 -4858.299166725150 -4.63922912372125 5.55468879420260 -2.48433678887240
2025-09-30T07:44:00.000 3227.917147724010 2834.970302712330 -5270.972350209960 -5.81736258312541 4.88157892143978 -0.93375463099241
2025-09-30T07:48:00.000 1731.826732688230 3889.797872584240 -5301.077452144570 -6.57433821010703 3.85520264250171 0.68446690484228
2025-09-30T07:52:00.000 110.381272738631 4663.034859389670 -4946.347199883130 -6.85561302307386 2.54909034046017 2.25381338925285
2025-09-30T07:56:00.000 -1519.039625461270 5098.428405666820 -4232.248264637420 -6.64021914726485 1.05678113133046 3.66100738055426
2025-09-30T08:00:00.000 -3038.239931320420 5163.965350611940 -3210.275702757560 -5.94245881269852 -0.51435954101659 4.80366962128439
2025-09-30T08:04:00.000 -4336.691167327960 4854.348961109890 -1954.437930815880 -4.81166918929285 -2.05038840908614 5.59777832747902
2025-09-30T08:08:00.000 -5319.642371794720 4191.598130284240 -556.034312192583 -3.32929046279410 -3.43901985603857 5.98424114507818
2025-09-30T08:12:00.000 -5915.213049225890 3223.629349740470 882.964231741547 -1.60331947040084 -4.57814651061644 5.93387764331747
2025-09-30T08:16:00.000 -6079.845815683740 2020.820022366780 2257.457938274200 0.23973564302963 -5.38394980002591 5.44999211595769
2025-09-30T08:20:00.000 -5801.593504642570 670.802327596757 3467.051441963840 2.06468485239407 -5.79737653246630 4.56823409373306
2025-09-30T08:24:00.000 -5100.951608391430 -728.058419900968 4423.522068154700 3.73809496791684 -5.78857622010220 3.35367754151455
2025-09-30T08:28:00.000 -4029.220019569650 -2073.958730017150 5057.284219390070 5.13830247650073 -5.35885199283865 1.89553406253315
2025-09-30T08:32:00.000 -2664.585229343570 -3269.101082905930 5322.377836309200 6.16419412829588 -4.53998435381310 0.30020227857868
2025-09-30T08:36:00.000 -1106.344858376840 -4226.726551830740 5199.670532160750 6.74194574758531 -3.39159515089799 -1.31647207394999
2025-09-30T08:40:00.000 532.272034307664 -4877.303215874300 4698.155259166920 6.82991418634152 -1.99676571232153 -2.83731287972744
2025-09-30T08:44:00.000 2132.208547316990 -5173.504665775600 3854.307449304360 6.42152847579335 -0.45643443212908 -4.15180724019252
2025-09-30T08:48:00.000 3577.157417013490 -5093.686613404080 2729.521708510110 5.54618412027390 1.11761500089358 -5.16410469015057
2025-09-30T08:52:00.000 4762.019110076470 -4643.535066086570 1405.715713559470 4.26737305700884 2.61077838278530 -5.80009304208463
2025-09-30T08:56:00.000 5600.623721547700 -3855.746051583380 -20.602253988514 2.67842746402846 3.91399790049939 -6.01312696857909
2025-09-30T09:00:00.000 6032.121356571770 -2787.679989928470 -1445.433397459330 0.89566704680002 4.93213314797904 -5.78785507320937
2025-09-30T09:04:00.000 6025.459024920940 -1517.114241758580 -2764.992172970750 -0.95052028687861 5.59126891600287 -5.14136986377656
2025-09-30T09:08:00.000 5581.567849235640 -136.448355756435 -3883.362308664940 -2.72571064275451 5.84418951036196 -4.12167811704940
2025-09-30T09:12:00.000 4733.108716876720 1254.123215383140 -4719.473112671800 -4.30152889344865 5.67346725589610 -2.80363277225056
2025-09-30T09:16:00.000 3541.901523767160 2553.892103887570 -5212.865334096290 -5.56476628466152 5.09217258811511 -1.28304546832308
2025-09-30T09:20:00.000 2094.341375159080 3668.823587080880 -5327.895650776670 -6.42496267220344 4.14246634802965 0.33032169055458
2025-09-30T09:24:00.000 495.194766442533 4518.193211466620 -5056.181130480480 -6.82031154293297 2.89244211715155 1.92035790425209
2025-09-30T09:28:00.000 -1139.798240755420 5040.286476285860 -4417.191871555560 -6.72172013994065 1.43157342671044 3.37235739822539
2025-09-30T09:32:00.000 -2692.102471390290 5196.855735216190 -3456.971911099530 -6.13520315749656 -0.13517040267804 4.58089025648435
2025-09-30T09:36:00.000 -4048.866584518080 4976.003396316730 -2244.995423479150 -5.10193681525710 -1.69441091521161 5.45733002147407
2025-09-30T09:40:00.000 -5111.149561943420 4393.263727252970 -869.300654590453 -3.69607916434743 -3.13235812077078 5.93665245040145
2025-09-30T09:44:00.000 -5801.295993881800 3490.668259812250 569.855703423317 -2.01981102934927 -4.34339903995236 5.98278503503640
2025-09-30T09:48:00.000 -6068.817257904840 2333.782524163690 1967.380283236190 -0.19590035605129 -5.23835126655439 5.59182066855022
2025-09-30T09:52:00.000 -5894.221309838100 1006.877223417610 3221.180797078670 1.64182023479131 -5.75153991476480 4.79251035208563
2025-09-30T09:56:00.000 -5290.424426489610 -393.353817810696 4239.770781285980 3.35885589757102 -5.84573754847442 3.64387319215083
2025-09-30T10:00:00.000 -4301.673528920450 -1764.972027571970 4948.995836189560 4.83021942166023 -5.51466631342864 2.23033293596078
2025-09-30T10:04:00.000 -3000.159280505100 -3008.268781117630 5297.377683335570 5.94944899241115 -4.78299906237949 0.65524439414887
2025-09-30T10:08:00.000 -1480.638943088700 -4032.970982842140 5259.739005564030 6.63596827558024 -3.70415639801777 -0.96691425793678
2025-09-30T10:12:00.000 146.444188754194 -4764.690545153170 4838.915838183920 6.84038153674641 -2.35629918230065 -2.51852907631581
2025-09-30T10:16:00.000 1762.890028517460 -5150.235258674290 4065.528474994790 6.54781325481856 -0.83687916079679 -3.88702733976500
2025-09-30T10:20:00.000 3251.211179148130 -5161.465841026450 2995.823484913570 5.77912659654567 0.74395893222114 -4.97269741305313
2025-09-30T10:24:00.000 4503.150768031590 -4797.437624532490 1707.687506199820 4.58998757921820 2.27113262451804 -5.69607888797445
2025-09-30T10:28:00.000 5427.640736966090 -4084.566929714890 295.015638601953 3.06712132665975 3.63315122034371 -6.00411514449537
2025-09-30T10:32:00.000 5957.542254182320 -3074.748144267930 -1139.180151672140 1.32196891269237 4.73054598903045 -5.87440105620587
2025-09-30T10:36:00.000 6054.602024239160 -1841.526683361070 -2490.393975295700 -0.51776380672978 5.48352494860380 -5.31695838519794
2025-09-30T10:40:00.000 5712.191211567820 -474.625076129537 -3660.347075265190 -2.31793131891662 5.83788362334622 -4.37329102891022
2025-09-30T10:44:00.000 4955.628885276640 926.701411337700 -4564.173127870050 -3.94812022104772 5.76881880809242 -3.11286515924541
2025-09-30T10:48:00.000 3840.129574533170 2260.919637320300 -5136.484924223000 -5.29106755112686 5.28214641211027 -1.62749244650145
2025-09-30T10:52:00.000 2446.663906512010 3431.489076576850 -5335.940131703690 -6.25058943717458 4.41334284456576 -0.02452096701446
2025-09-30T10:56:00.000 876.114386617779 4353.684020472770 -5148.078460893760 -6.75783812062232 3.22479854712474 1.58064877132836
2025-09-30T11:00:00.000 -757.867919815614 4960.570954676090 -4586.326835901830 -6.77586575957409 1.80156011700483 3.07234369133990
2025-09-30T11:04:00.000 -2336.877959155110 5207.799787116530 -3691.120981096310 -6.30229222708169 0.24575784925189 4.34245027872656
2025-09-30T11:08:00.000 -3746.187288599810 5076.917588186110 -2527.175150329000 -5.37009267341997 -1.33017437764683 5.29799805636706
2025-09-30T11:12:00.000 -4883.090289627630 4576.905796041810 -1178.979387452840 -4.04597500202241 -2.81144123617145 5.86826818163524
2025-09-30T11:16:00.000 -5664.523150464480 3743.729060411810 255.268284102760 -2.42596486973483 -4.08940590907919 6.01053816743967
2025-09-30T11:20:00.000 -6033.324310390120 2637.841058355490 1670.864800399800 -0.62854468996324 -5.06998416140117 5.71374007717322
2025-09-30T11:24:00.000 -5962.573334904020 1339.767671447500 2964.392061418390 1.21440943328690 -5.68110264536678 4.99959459174616
2025-09-30T11:28:00.000 -5457.584168830700 -55.888462914197 4041.430074525980 2.96790090628521 -5.87825742707945 3.92084193270657
2025-09-30T11:32:00.000 -4555.408662898950 -1447.488855581860 4823.525588946110 4.50410615491507 -5.64762536188203 2.55688880491764
2025-09-30T11:36:00.000 -3321.965314426650 -2733.838735471320 5253.869945102410 5.71172711207119 -5.00661339525393 1.00753939378394
2025-09-30T11:40:00.000 -1847.109439991500 -3821.517565299760 5301.322110892890 6.50373372830365 -4.00215038029257 -0.61442897315391
2025-09-30T11:44:00.000 -238.071184312647 -4631.568842298280 4962.553740887700 6.82315343874993 -2.70710977522283 -2.19138345263870
2025-09-30T11:48:00.000 1388.254221976440 -5105.139754200350 4262.240595477050 6.64689555834503 -1.21517321520739 -3.60893947577434
2025-09-30T11:52:00.000 2913.691695506100 -5207.723598223150 3251.314103506150 5.98748465352966 0.36563168043506 -4.76397592313669
2025-09-30T11:56:00.000 4227.317578395220 -4931.722721485800 2003.355504007990 4.89253392586666 1.92040426470847 -5.57206215059440
2025-09-30T12:00:00.000 5233.566386507390 -4297.117364350320 609.303301979221 3.44170908478437 3.33566879886684 -5.97391548772842
2025-09-30T12:04:00.000 5859.310602916070 -3350.082879136070 -829.186559045494 1.74116224641875 4.50802364550237 -5.94014090098784
2025-09-30T12:08:00.000 6059.284254730960 -2159.596838857600 -2207.263003041000 -0.08459026760106 5.35206919162807 -5.47367673683385
2025-09-30T12:12:00.000 5819.355269729430 -812.305762174411 -3424.647987992910 -1.90228937994874 5.80688309729699 -4.60939245346732
2025-09-30T12:16:00.000 5157.408268889570 593.914504040397 -4392.981596921330 -3.58007262272682 5.84031463942170 -3.41103121479993
2025-09-30T12:20:00.000 4121.836871718860 1957.126431045480 -5042.168417785450 -4.99705134319852 5.45078044248837 -1.96606432798867
2025-09-30T12:24:00.000 2787.881918201850 3178.668285199220 -5325.306582182240 -6.05167076504165 4.66691312870711 -0.37909604344381
2025-09-30T12:28:00.000 1252.152561300620 4170.145326782430 -5221.912151533690 -6.66835782255833 3.54510565223551 1.23558623978192
2025-09-30T12:32:00.000 -374.228749586017 4859.656501513490 -4739.326434762680 -6.80242671801273 2.16564421330946 2.76169672124808
2025-09-30T12:36:00.000 -1973.460237360670 5196.920989863490 -3912.255169602930 -6.44327886229194 0.62741989592109 4.08879228336708
2025-09-30T12:40:00.000 -3429.428045357830 5156.980034478930 -2800.433178771080 -5.61559986932001 -0.95863126905927 5.11999503593164
2025-09-30T12:44:00.000 -4636.095136190840 4742.187031405560 -1484.490738945710 -4.37827969515220 -2.47719692213198 5.77917954218408
2025-09-30T12:48:00.000 -5505.329162289250 3982.266533528740 -60.218087078094 -2.82085837726192 -3.81694114852521 6.01703522545881
2025-09-30T12:52:00.000 -5973.563989162290 2932.298959531950 1368.441443691670 -1.05717483951004 -4.87932535377305 5.81543891150826
2025-09-30T12:56:00.000 -6006.602376153480 1668.696576286330 2697.123583011800 0.78345222221329 -5.58626727873702 5.18903952255733
2025-09-30T13:00:00.000 -5602.153985103880 283.539800081586 3828.818852422390 2.56615332372417 -5.88611169386705 4.18405597986204
2025-09-30T13:04:00.000 -4789.932796298720 -1122.271066671250 4681.048456360070 4.16079272399806 -5.75744072585989 2.87453265391895
2025-09-30T13:08:00.000 -3629.335293275210 -2446.471889479510 5191.869277164880 5.45167083683186 -5.21028462836428 1.35643216797216
2025-09-30T13:12:00.000 -2204.958714170750 -3592.872744312940 5324.278098119350 6.34566797968562 -4.28484930209619 -0.25966244243874
2025-09-30T13:16:00.000 -620.399587307363 -4478.254691343180 5068.779792425570 6.77846308173162 -3.04835243388947 -1.85645092173892
2025-09-30T13:20:00.000 1009.215349887290 -5038.311711404110 4444.014763589870 6.71884215916403 -1.59026785617057 -3.31814537167406
2025-09-30T13:24:00.000 2565.485345360150 -5232.273696941900 3495.420424159010 6.17091893285143 -0.01611008670786 -4.53852441690030
2025-09-30T13:28:00.000 3935.264051310790 -5045.904210444790 2292.028259189170 5.17420348331343 1.55978153411903 -5.42841023301440
2025-09-30T13:32:00.000 5018.921162318030 -4492.652558632730 921.513283721589 3.80115320875560 3.02251234587507 -5.92264336984714
2025-09-30T13:36:00.000 5737.676817978040 -3612.740703557710 -516.204308414850 2.15203517868106 4.26525254286082 -5.98499713470884
2025-09-30T13:40:00.000 6039.446851813320 -2470.248957519260 -1916.307562905350 0.34764138850816 5.19731384438915 -5.61122573636703
2025-09-30T13:44:00.000 5902.666854937450 -1148.356273739930 -3176.869715413770 -1.48018683915707 5.75124183753150 -4.82942268845554
2025-09-30T13:48:00.000 5337.728467249560 256.860879250807 -4206.345233931700 -3.19866714519949 5.88761057557669 -3.69739086061908
2025-09-30T13:52:00.000 4386.022606606270 1643.488912550130 -4930.172989772420 -4.68379034965704 5.59741262198891 -2.29792809441414
2025-09-30T13:56:00.000 3116.768545568540 2911.142219148860 -5296.040704925910 -5.82899169301115 4.90221849514626 -0.73247957268311
2025-09-30T14:00:00.000 1621.941255571650 3968.101378087300 -5277.503645453520 -6.55225631623426 3.85220390253187 0.88609463897248
2025-09-30T14:04:00.000 9.704340244923 4737.773948398690 -4875.797380272410 -6.80140941670040 2.52253836692214 2.44128058589301
2025-09-30T14:08:00.000 -1603.211283564750 5164.129901317960 -4119.782181478620 -6.55769195927422 1.00846529414450 3.82069815022446
2025-09-30T14:12:00.000 -3099.774809880980 5215.789659021000 -3064.013024465460 -5.83747554420454 -0.58098944027796 4.92387586118228
2025-09-30T14:16:00.000 -4371.075013654630 4888.457447785740 -1784.988775929030 -4.69177004417538 -2.13047696877325 5.66957885396459
2025-09-30T14:20:00.000 -5324.328090809920 4205.454450738120 -375.739800957971 -3.20323019761438 -3.52665459605848 6.00224596878052
2025-09-30T14:24:00.000 -5889.830057019210 3216.190384693690 1060.940875566180 -1.48035632274519 -4.66686329798580 5.89665458270271
2025-09-30T14:28:00.000 -6026.244937737260 1992.624556015860 2420.103730283960 0.35044201669079 -5.46713451226668 5.36026500993432
2025-09-30T14:32:00.000 -5723.729292036320 623.916608310557 3602.499020293670 2.15493038327967 -5.86901071589611 4.43272390195911
2025-09-30T14:36:00.000 -5004.556260605000 -790.230980496175 4521.923220897420 3.80135642686669 -5.84356993957486 3.18236922112672
2025-09-30T14:40:00.000 -3921.347090569400 -2146.921638731710 5111.503011285070 5.17011656709206 -5.39322325560473 1.70090035560252
2025-09-30T14:44:00.000 -2553.100105827660 -3347.569853238880 5328.490540274590 6.16230530497958 -4.55121342347375 0.09639724781935
2025-09-30T14:48:00.000 -999.365215403891 -4305.011733295000 5157.247928612740 6.70651479819801 -3.37883639696976 -1.51466432660025
2025-09-30T14:52:00.000 626.956387495834 -4949.720929629920 4610.293691817190 6.76351448298463 -1.96092742480457 -3.01546653201644
2025-09-30T14:56:00.000 2207.705699803370 -5234.793436428250 3727.409376954700 6.32901290028260 -0.40008296675840 -4.29697352160025
2025-09-30T15:00:00.000 3627.971256299970 -5139.378606020140 2572.832273212810 5.43425984463970 1.19044012496821 -5.26566361296904
2025-09-30T15:04:00.000 4784.449941263830 -4670.298062781860 1230.669533771890 4.14423541334447 2.69471583017569 -5.85056889034402
2025-09-30T15:08:00.000 5593.059728940210 -3861.640142502090 -201.228874785309 2.55314730677518 4.00291076262092 -6.00888245812127
2025-09-30T15:12:00.000 5995.151756169860 -2772.282785635810 -1618.471766429530 0.77740561790557 5.01956313407598 -5.72926279428292
2025-09-30T15:16:00.000 5961.822174810990 -1481.551300875510 -2917.846199038580 -1.05313080275784 5.67086642365872 -5.03281025304567
2025-09-30T15:20:00.000 5495.940359152350 -83.303527778717 -4004.934148899500 -2.80524935721747 5.91022456087749 -3.97115984037641
2025-09-30T15:24:00.000 4631.747452850350 1321.003511295940 -4800.961254603340 -4.35233012456734 5.72120616595439 -2.62215714840253
2025-09-30T15:28:00.000 3432.176086602760 2629.675865785510 -5248.381644308500 -5.58325703487189 5.11817901286553 -1.08374569089438
2025-09-30T15:32:00.000 1984.206536115180 3748.034199776680 -5314.871708868550 -6.40986550129456 4.14483511225625 0.53307706121454
2025-09-30T15:36:00.000 392.627738769653 4595.094931726730 -4995.549876425390 -6.77272846130948 2.87093463371253 2.11192087255022
2025-09-30T15:40:00.000 -1227.367725559960 5109.288943227210 -4313.329686613980 -6.64507085174788 1.38763319391390 3.53885514016142
2025-09-30T15:44:00.000 -2758.315104593110 5252.915573448320 -3317.396713960310 -6.03494557830243 -0.19843054792657 4.71016573056734
2025-09-30T15:48:00.000 -4088.891985460600 5015.010628969580 -2079.844967512000 -4.98529254721679 -1.77238723681387 5.53985644449235
2025-09-30T15:52:00.000 -5122.053485745170 4412.355199793150 -690.608065043421 -3.57154167794938 -3.21931271840367 5.96626177998682
2025-09-30T15:56:00.000 -5782.282243920280 3488.452736820480 749.039897571426 -1.89658358332477 -4.43290904461352 5.95724636106569
2025-09-30T16:00:00.000 -6021.301946741060 2310.434231169510 2133.966285475620 -0.08308282917185 -5.32386754323476 5.51302481994726
2025-09-30T16:04:00.000 -5821.723678015960 964.114884626749 3363.011207190590 1.73590456816858 -5.82682158442568 4.66630161933005
2025-09-30T16:08:00.000 -5198.298988604920 -452.404249658738 4346.527851543500 3.42734574135197 -5.90538512480166 3.47961228445145
2025-09-30T16:12:00.000 -4196.689350134830 -1836.028614962730 5012.948141824260 4.86827542967039 -5.55447748857986 2.04006374420094
2025-09-30T16:16:00.000 -2889.973196905830 -3086.196667893580 5313.905402294800 5.95449418195286 -4.80008624196695 0.45269967949994
2025-09-30T16:20:00.000 -1373.258790787460 -4112.121946524820 5227.643552765490 6.60768422539328 -3.69718144514152 -1.16710135612683
2025-09-30T16:24:00.000 243.216635903857 -4839.303693788550 4760.515489640070 6.78079450156049 -2.32566847776431 -2.70186924643367
2025-09-30T16:28:00.000 1842.007959283160 -5214.855757949510 3946.502385167630 6.46116844793389 -0.78474231975405 -4.04015233154996
2025-09-30T16:32:00.000 3306.896549890600 -5211.357543370040 2844.822528124430 5.67168384313222 0.81380736880433 -5.08439004687775
2025-09-30T16:36:00.000 4531.323665138240 -4828.942485182540 1535.708827502680 4.46956602931528 2.35356603601999 -5.75811976262263
2025-09-30T16:40:00.000 5426.231576752810 -4095.378449528360 114.602193028479 2.94255161344965 3.72208977129291 -6.01193680533270
2025-09-30T16:44:00.000 5926.658403225270 -3064.087241464130 -1314.874036736720 1.20243131724533 4.81944653546848 -5.82750891886416
2025-09-30T16:48:00.000 5996.518265386920 -1810.185700560270 -2648.583184898890 -0.62350023987588 5.56591113186500 -5.21889413453344
2025-09-30T16:52:00.000 5631.170165601650 -424.893976270683 -3789.552330986920 -2.40217975061480 5.90782762044353 -4.23131377716925
2025-09-30T16:56:00.000 4857.591429659350 991.213529311521 -4655.047113489890 -4.00482494890570 5.82131031555621 -2.93737208062138
2025-09-30T17:00:00.000 3732.213210180160 2335.546608029160 -5182.475816416350 -5.31620007354867 5.31344225013713 -1.43123149062464
2025-09-30T17:04:00.000 2336.703144313100 3510.843568205630 -5333.745628405550 -6.24239831581878 4.42120314990860 0.17832858479255
2025-09-30T17:08:00.000 772.079179490527 4432.036768556330 -5097.875440841180 -6.71695020668553 3.20863286530637 1.77544914918401
2025-09-30T17:12:00.000 -848.437127868125 5032.255161228380 -4491.758210172190 -6.70521124265002 1.76248263164847 3.24500109279922
2025-09-30T17:16:00.000 -2407.407661167050 5267.617661343460 -3559.053629195130 -6.20696583412816 0.18654211906001 4.48035973028703
2025-09-30T17:20:00.000 -3791.554531497990 5120.521451235480 -2367.221016425170 -5.25701016898535 -1.40525101745164 5.39104685646569
2025-09-30T17:24:00.000 -4899.999355763550 4601.127073716980 -1002.798430478930 -3.92335889602422 -2.89688952235195 5.90960028661179
2025-09-30T17:28:00.000 -5651.756636901260 3746.823115832770 434.813237021102 -2.30281797443271 -4.17892687491773 5.99705881811738
2025-09-30T17:32:00.000 -5991.855875149100 2619.619733508710 1840.656855587540 -0.51399750896683 -5.15700721598411 5.64645812216271
2025-09-30T17:36:00.000 -5895.501246124650 1301.593791361190 3112.045386269630 1.31191851654299 -5.75935003759800 4.88353750933823
2025-09-30T17:40:00.000 -5369.879602580900 -111.217487166382 4156.201972362730 3.04128441001545 -5.94211147742987 3.76458428142362
2025-09-30T17:44:00.000 -4453.532604338790 -1515.948742908890 4897.094784737550 4.54812132645229 -5.69254471691226 2.37189850145580
2025-09-30T17:48:00.000 -3213.372990389950 -2810.474448902210 5280.925986454750 5.72338260616342 -5.02941459319489 0.80727112283660
2025-09-30T17:52:00.000 -1739.691397571860 -3900.783101089260 5279.915613365330 6.48236421071448 -4.00110499268504 -0.81558361577654
2025-09-30T17:56:00.000 -139.613750683840 -4707.695128954960 4894.217148453190 6.77029337223738 -2.68212695404691 -2.37893706571729
2025-09-30T18:00:00.000 1470.599200700160 -5172.547755222660 4151.898324273250 6.56627838062693 -1.16792231058736 -3.76929086670345
2025-09-30T18:04:00.000 2973.911596683330 -5261.440746927700 3106.952160008130 5.88482879919589 0.43177122323058 -4.88537662845911
2025-09-30T18:08:00.000 4260.979556189290 -4967.774795981990 1835.461096567920 4.77522659596832 2.00055992487340 -5.64554023061743
2025-09-30T18:12:00.000 5238.168574287260 -4312.835535759610 430.110600398181 3.31834448431391 3.42390728317169 -5.99400709542524
2025-09-30T18:16:00.000 5834.486146655730 -3344.307086996910 -1006.609450968520 1.62082455291322 4.59779183912426 -5.90540774801317
2025-09-30T18:20:00.000 6006.831775976450 -2132.751144440430 -2369.996023289650 -0.19307502904367 5.43681115195498 -5.38675827437615
2025-09-30T18:24:00.000 5743.091691928820 -766.346301124776 -3560.864955665610 -1.99102425263420 5.88045382176611 -4.47670705064784
2025-09-30T18:28:00.000 5062.878555323570 655.646839043577 -4492.805447047670 -3.64263200520913 5.89739081713762 -3.24230289375212
2025-09-30T18:32:00.000 4015.904359781010 2030.154665789420 -5098.381314572880 -5.02894825199293 5.48726897157079 -1.77358005247452
2025-09-30T18:36:00.000 2678.224588422660 3257.704518650950 -5333.855534893650 -6.05062851457529 4.68019224816731 -0.17679346329955
2025-09-30T18:40:00.000 1146.712273143060 4249.471522469770 -5182.191712297950 -6.63447239546099 3.53422383602505 1.43309036183436
2025-09-30T18:44:00.000 -467.816887839061 4933.529806309710 -4654.219174681850 -6.73814126450306 2.13135186351268 2.94011797703362
2025-09-30T18:48:00.000 -2048.412166910440 5259.980079221550 -3787.930393821700 -6.35319095207061 0.57213218633609 4.23518315011400
2025-09-30T18:52:00.000 -3480.291597901190 5204.636617574100 -2645.921204301590 -5.50617019342869 -1.03090680459074 5.22360155970849
2025-09-30T18:56:00.000 -4659.163250670670 4770.982141939960 -1311.051757782490 -4.25752387909687 -2.56113051866400 5.83231970483153
2025-09-30T19:00:00.000 -5498.941860521410 3990.123251890600 119.489511477121 -2.69765682323811 -3.90642899798356 6.01580764592030
2025-09-30T19:04:00.000 -5938.219380909880 2918.666682132740 1541.296602016660 -0.94055332903287 -4.96780550508672 5.75991465047708
2025-09-30T19:08:00.000 -5944.927859422260 1634.604440871360 2850.508971669020 0.88488366738359 -5.66724539829609 5.08332972417566
2025-09-30T19:12:00.000 -5518.720637713690 231.504127144730 3951.563000638460 2.64493877161562 -5.95377560014731 4.03600857504402
2025-09-30T19:16:00.000 -4690.890964700440 -1188.457754869840 4764.242017261130 4.21131084258852 -5.80699184691075 2.69500820320986
2025-09-30T19:20:00.000 -3521.936930923930 -2522.006439617370 5229.489637488430 5.47038894221564 -5.23816537434994 1.15849692613385
2025-09-30T19:24:00.000 -2097.026089591200 -3672.281117629380 5313.612959668110 6.33140941678961 -4.28904105577307 -0.46167338896059
2025-09-30T19:28:00.000 -519.752548364303 -4555.764457784580 5010.597515364980 6.73237889464407 -3.02839935761435 -2.04803185823180
2025-09-30T19:32:00.000 1095.287442309400 -5108.241999086650 4342.498527685340 6.64417612766928 -1.54741455799715 -3.48547745475270
2025-09-30T19:36:00.000 2630.715571485990 -5289.458441579730 3357.902367439600 6.07294120944601 0.04660102227346 -4.66936125594155
2025-09-30T19:40:00.000 3974.866821314780 -5086.100321299330 2128.479164132500 5.05989996734581 1.63777573313822 -5.51315385508287
2025-09-30T19:44:00.000 5029.946818728630 -4512.863841688760 743.826423424057 3.67877001092529 3.11001423672347 -5.95496956577498
2025-09-30T19:48:00.000 5719.259639394370 -3611.463450534200 -695.075482903770 2.03059321934902 4.35570042864311 -5.96249540815879
2025-09-30T19:52:00.000 5992.895161491720 -2447.576398325290 -2083.334113070300 0.23606795205118 5.28406547871778 -5.53563375181384
2025-09-30T19:56:00.000 5831.349332096450 -1105.944819612120 -3319.905517126120 -1.57373370697099 5.82798187724936 -4.70632658271096
2025-09-30T20:00:00.000 5246.819115367550 315.924329655949 -4315.008459376220 -3.26739347587008 5.94879639692004 -3.53580449928625
2025-09-30T20:04:00.000 4282.114091738300 1714.916951708620 -4996.590822805320 -4.72273973556009 5.63864263257137 -2.10961420082109
2025-09-30T20:08:00.000 3007.386011702960 2989.756699765500 -5315.408317858340 -5.83538939560371 4.92050910950839 -0.53108954150390
2025-09-30T20:12:00.000 1514.999119793550 4048.200463215550 -5248.421732433260 -6.52564236447945 3.84620779230549 1.08599779673340
2025-09-30T20:16:00.000 -87.057428349461 4813.543422410470 -4800.371058981780 -6.74369869823289 2.49266428395067 2.62523637737098
2025-09-30T20:20:00.000 -1682.783433120210 5230.058467494080 -4003.470285065790 -6.47301365107631 0.95681942022845 3.97537919832238
2025-09-30T20:24:00.000 -3156.376586550280 5267.064529735370 -2915.246478594900 -5.73188756985667 -0.65072108626166 5.03798022298854
2025-09-30T20:28:00.000 -4400.574470362630 4921.320749487050 -1614.583129563000 -4.57287461066572 -2.21323171503909 5.73467080029926
2025-09-30T20:32:00.000 -5324.556902927930 4217.499010029200 -196.122660859181 -3.07971470108953 -3.61630651070147 6.01343207556967
2025-09-30T20:36:00.000 -5860.776595165490 3206.551145671840 1236.649755633680 -1.36136999429256 -4.75680698374461 5.85311178032976
2025-09-30T20:40:00.000 -5970.056864996640 1962.017693913510 2579.079361028130 0.45619963173119 -5.55085317214690 5.26521945975655
2025-09-30T20:44:00.000 -5644.532437388500 574.584875059157 3733.143145879420 2.23972948323606 -5.94037531589408 4.29313383442792
2025-09-30T20:48:00.000 -4908.161533399030 -854.677913390382 4614.721828868460 3.85900416344478 -5.89740925644950 3.00852873421143
2025-09-30T20:52:00.000 -3814.807237120160 -2221.790495945340 5159.722449754990 5.19651941099891 -5.42571650349090 1.50550905310276
2025-09-30T20:56:00.000 -2444.176757607210 -3427.424945066790 5328.634199441520 6.15565961808958 -4.56001394521634 -0.10640837081133
2025-09-30T21:00:00.000 -895.968185652443 -4384.048381524060 5109.298971217680 6.66740461051096 -3.36323708608909 -1.71019774285962
2025-09-30T21:04:00.000 717.336686738983 -5022.165797396520 4517.715085904740 6.69480661893978 -1.92189928777667 -3.18958270611037
2025-09-30T21:08:00.000 2278.515172256460 -5295.312954770600 3596.899562706690 6.23559572396483 -0.34032634459413 -4.43701294270671
2025-09-30T21:12:00.000 3674.045407840030 -5183.491088599440 2413.858150526640 5.32279312266584 1.26656745869743 -5.36137003740977
2025-09-30T21:16:00.000 4802.398051059000 -4694.723270592660 1054.784985586120 4.02273597685056 2.78163813156604 -5.89490220263275
2025-09-30T21:20:00.000 5581.520745711410 -3864.548819018560 -381.214118412198 2.43043488124341 4.09416191854188 -5.99850143999404
2025-09-30T21:24:00.000 5954.924588044560 -2753.451145493650 -1789.435621389320 0.66253142897332 5.10836526106432 -5.66494045883575
2025-09-30T21:28:00.000 5895.818603222210 -1442.352087658700 -3067.339253901330 -1.15174553840071 5.75076206716963 -4.91931224319877
2025-09-30T21:32:00.000 5408.952146358210 -26.585980766465 -4122.086487026220 -2.88044473678477 5.97543095024264 -3.81680692565426
2025-09-30T21:36:00.000 4530.082502548660 1391.125438596890 -4877.265885513070 -4.39870960945104 5.76702490830060 -2.43818330503132
2025-09-30T21:40:00.000 3323.189460676910 2708.118411386890 -5278.294118372850 -5.59753172668888 5.14126954029332 -0.88346176527458
2025-09-30T21:44:00.000 1875.769109921290 3829.098190206540 -5296.198555388070 -6.39104124579586 4.14343557897761 0.73522152687532
2025-09-30T21:48:00.000 292.572694276879 4672.864340633640 -4929.603846531990 -6.72210722213640 2.84503157046129 2.30132023807213
2025-09-30T21:52:00.000 -1311.794129099550 5178.064539164240 -4204.848166738330 -6.56623051355348 1.33903300724587 3.70175414273903
2025-09-30T21:56:00.000 -2820.977032581790 5307.634602845210 -3174.211112314180 -5.93349809587311 -0.26626788169538 4.83469186860883
2025-09-30T22:00:00.000 -4125.202964003990 5051.617065165400 -1912.327860116590 -4.86846803615175 -1.85456220555361 5.61682269294993
2025-09-30T22:04:00.000 -5129.317089128100 4428.117087457070 -510.943820145708 -3.44778517121082 -3.30976002996502 5.98987053502874
2025-09-30T22:08:00.000 -5759.919436603800 3482.185334165640 927.739595982843 -1.77498753507204 -4.52489036253152 5.92563605129511
2025-09-30T22:12:00.000 -5970.924012814840 2282.591477389670 2298.642682549700 0.02732442557742 -5.41057282703680 5.42850412132776
2025-09-30T22:16:00.000 -5747.018758919240 916.734019253256 3501.643443821490 1.82697285232565 -5.90194692292064 4.53512826299469
2025-09-30T22:20:00.000 -5104.740855722200 -515.871338523419 4449.013376528560 3.49243129924541 -5.96349144462544 3.31141910354888
2025-09-30T22:24:00.000 -4091.120930477390 -1910.960945411100 5071.837228425910 4.90266692882899 -5.59133302385148 1.84718905837881
2025-09-30T22:28:00.000 -2780.103695622300 -3167.145295378350 5324.941949518690 5.95574242600322 -4.81307534910705 0.24923774745183
2025-09-30T22:32:00.000 -1267.091142114480 -4193.217004097310 5190.052685471010 6.57578661168494 -3.68540313579516 -1.36640537742017
2025-09-30T22:36:00.000 337.965262217468 -4914.663661513320 4677.046240498010 6.71812149518542 -2.28993766548406 -2.88255202382258
2025-09-30T22:40:00.000 1918.458546244940 -5279.003511473420 3823.237844953690 6.37228684194295 -0.72760282448459 -4.18906990413354
2025-09-30T22:44:00.000 3359.500806194650 -5259.620368751200 2690.744934759630 5.56306423898550 0.88824189460189 -5.19067078064093
2025-09-30T22:48:00.000 4556.269950711700 -4857.795268711480 1362.052602023410 4.34911286548016 2.43988310169503 -5.81399404089519
2025-09-30T22:52:00.000 5421.722886220270 -4102.715229036010 -65.969570087011 2.81904901146906 3.81397364275313 -6.01333440182177
2025-09-30T22:56:00.000 5893.049623313830 -3049.376477345450 -1489.192248263470 1.08493166606399 4.91016249037977 -5.77432631545617
2025-09-30T23:00:00.000 5936.300913129640 -1774.508642891570 -2803.946628134230 -0.72638069717664 5.64885250682228 -5.11511048528936
2025-09-30T23:04:00.000 5548.776452014210 -370.849733886928 -3914.670639847960 -2.48298697255754 5.97702801621387 -4.08460991892424
2025-09-30T23:08:00.000 4759.047229782970 1059.710976293140 -4740.851781202560 -4.05781294222022 5.87182984820771 -2.75845834617757
2025-09-30T23:12:00.000 3624.680013073070 2413.547139671240 -5222.752938816770 -5.33769128045650 5.34162613109929 -1.23304317299860
2025-09-30T23:16:00.000 2227.959737487210 3592.697501293250 -5325.562605810560 -6.23093794278843 4.42491368485876 0.38153688156929
2025-09-30T23:20:00.000 669.980714804068 4511.783451264040 -5041.785634597180 -6.67335995510848 3.18743619783873 1.96904436815288
2025-09-30T23:24:00.000 -936.501077383596 5104.045139589920 -4391.775215202880 -6.63253487795541 1.71775839996354 3.41494759371148
2025-09-30T23:28:00.000 -2475.034026471850 5326.152436566060 -3422.384394373270 -6.11035049455180 0.12147182490654 4.61425727310440
2025-09-30T23:32:00.000 -3833.795818604220 5161.451330921210 -2203.754144452360 -5.14335020975236 -1.48600024538926 5.47907690264188
2025-09-30T23:36:00.000 -4913.722310765600 4621.373933432960 -824.403555086114 -3.80080843613081 -2.98743222751094 5.94517276350616
2025-09-30T23:40:00.000 -5635.888220322880 3744.830554481020 615.132916981730 -2.18028628281338 -4.27255314689027 5.97740240135439
2025-09-30T23:44:00.000 -5947.486246359660 2595.486027216770 2009.724445986950 -0.40049011814784 -5.24673573704102 5.57291660791030
2025-09-30T23:48:00.000 -5825.823823112380 1257.066569336390 3257.496443092240 1.40798856729157 -5.83851382857798 4.76149397459189
2025-09-30T23:52:00.000 -5279.967223474790 -172.889324447627 4267.412652678500 3.11280476777010 -6.00495657671320 3.60305465725082
2025-09-30T23:56:00.000 -4349.940178549160 -1590.278135370300 4965.961625394550 4.58991685505356 -5.73453640259762 2.18272514619692
2025-10-01T00:00:00.000 -3103.640242405120 -2892.054758237070 5302.438559060810 5.73243904335133 -5.04747259273700 0.60423998372945
2025-10-01T00:04:00.000 -1631.807104801110 -3983.677953668040 5252.517680084610 6.45800493622782 -3.99394864800055 -1.01764316322019
2025-10-01T00:08:00.000 -41.426033528356 -4785.885507032970 4819.918080498280 6.71434588106437 -2.65031545116164 -2.56534262340576
2025-10-01T00:12:00.000 1551.954582895850 -5240.357208523250 4036.114967012450 6.48281642734007 -1.11375794808995 -3.92647100347544
2025-10-01T00:16:00.000 3032.524407572400 -5313.949504487950 2958.125762073270 5.77992847320668 0.50432474412054 -5.00186114628989
2025-10-01T00:20:00.000 4292.600088223290 -5001.187729585450 1664.448095982520 4.65657868716804 2.08615565908634 -5.71281405741645
2025-10-01T00:24:00.000 5240.529733356630 -4324.761869349060 249.383356563677 3.19467152918999 3.51626871499028 -6.00719577670894
2025-10-01T00:28:00.000 5807.474690244840 -3333.924285581520 -1183.879596989280 1.50123606212982 4.69020453746340 -5.86359710974473
2025-10-01T00:32:00.000 5952.496800938050 -2100.857924705990 -2530.906965492560 -0.29977792680419 5.52256729132185 -5.29310145614538
2025-10-01T00:36:00.000 5665.487171847430 -715.292008143667 -3693.740546532000 -2.07706078341754 5.95342535791368 -4.33818972056835
2025-10-01T00:40:00.000 4967.736777070050 722.153826905104 -4588.043816319880 -3.70187783580846 5.95242732949228 -3.06909652666099
2025-10-01T00:44:00.000 3910.191415406830 2107.313932167560 -5149.125963981420 -5.05729506112394 5.52047192932414 -1.57825272041299
2025-10-01T00:48:00.000 2569.624665387960 3339.954830050080 -5336.461511502430 -6.04621961415243 4.68913891020189 0.02662291246889
2025-10-01T00:52:00.000 1043.084184922070 4330.860018753690 -5136.465734883890 -6.59769882810782 3.51810606132918 1.63001113682603
2025-10-01T00:56:00.000 -558.973445878927 5008.120913337170 -4563.442019940690 -6.67159583400683 2.09113669671292 3.11633932130230
2025-10-01T01:00:00.000 -2120.473197208300 5322.288663902760 -3658.648910880610 -6.26155499304720 0.51060336541698 4.37785642978660
2025-10-01T01:04:00.000 -3527.988955498930 5250.048280320340 -2487.501512934600 -5.39600258907241 -1.10933128007375 5.32224648096629
2025-10-01T01:08:00.000 -4678.980029039690 4796.102440974210 -1135.003961732940 -4.13675568654044 -2.65077053574655 5.87965982578882
2025-10-01T01:12:00.000 -5489.367653876910 3993.032419274980 300.343030834423 -2.57499204603017 -4.00073552959924 6.00823624268281
2025-10-01T01:16:00.000 -5899.876057657820 2899.079753292290 1713.743335730400 -0.82495145879301 -5.05979798044341 5.69784319594045
2025-10-01T01:20:00.000 -5880.547085139160 1593.904123669730 3001.929316288320 0.98492380463145 -5.75010863234925 4.97125608419695
2025-10-01T01:24:00.000 -5432.945408034140 172.635150620583 4070.870892577770 2.72208209733597 -6.02137139961280 3.88212491914652
2025-10-01T01:28:00.000 -4589.938726383290 -1261.206386529730 4842.705722090660 4.25986778770004 -5.85435935525812 2.51062385985362
2025-10-01T01:32:00.000 -3413.133277585670 -2603.337568901880 5261.372314562190 5.48687123576450 -5.26187726265779 0.95707167971452
2025-10-01T01:36:00.000 -1988.259178410310 -3756.266998143670 5296.564314452950 6.31460655756878 -4.28730524344251 -0.66551863887568
2025-10-01T01:40:00.000 -418.924837896306 -4636.273253744480 4945.830207081910 6.68342026555519 -3.00134928476515 -2.23939592756980
2025-10-01T01:44:00.000 1180.841859325460 -5179.405384848880 4234.716885439440 6.56664091547515 -1.49706198319025 -3.65037142235125
2025-10-01T01:48:00.000 2694.777284818280 -5346.092761252040 3214.951787566430 5.97246353131660 0.11657106092946 -4.79573916168490
2025-10-01T01:52:00.000 4012.781837849220 -5124.092828057700 1960.777804718630 4.94383054434871 1.72219455827580 -5.59176381821590
2025-10-01T01:56:00.000 5038.979893002710 -4529.474275234270 563.604827759507 3.55565074909943 3.20267862366060 -5.98005538360663
2025-10-01T02:00:00.000 5698.806196677190 -3605.519809517030 -874.675431777276 1.90950885576817 4.44983404318967 -5.93227138218735
2025-10-01T02:04:00.000 5944.522387887440 -2419.554131334070 -2249.234937580100 0.12592571067730 5.37279900668883 -5.45242185063072
2025-10-01T02:08:00.000 5758.675967723270 -1057.922102316360 -3460.062410955860 -1.66485850085596 5.90492022256156 -4.57634597628701
2025-10-01T02:12:00.000 5155.235550948000 380.439589123383 -4419.289585166130 -3.33290965535382 6.00849336343003 -3.36866840546526
2025-10-01T02:16:00.000 4178.356923490930 1791.261289670520 -5057.498611737220 -4.75809355948499 5.67693687654183 -1.91749751944329
2025-10-01T02:20:00.000 2899.020251158150 3072.432939667770 -5328.582317172070 -5.83824080378261 4.93465306124317 -0.32782067503489
2025-10-01T02:24:00.000 1409.878110166560 4131.244181946990 -5212.927736368180 -6.49592902499752 3.83507817527213 1.28586101470781
2025-10-01T02:28:00.000 -181.331657339913 4890.924342981020 -4718.760605850780 -6.68355331027470 2.45685219887464 2.80735227200354
2025-10-01T02:32:00.000 -1759.371283648340 5296.104331266160 -3881.621084653870 -6.38664251873653 0.89872421524588 4.12652487688720
2025-10-01T02:36:00.000 -3209.683084425240 5316.891428547110 -2761.977151870120 -5.62540632371480 -0.72696080339025 5.14704287073504
2025-10-01T02:40:00.000 -4426.667265093100 4951.221005287300 -1441.035377350270 -4.45396653946186 -2.30201959073326 5.79353851999365
2025-10-01T02:44:00.000 -5321.483859449480 4225.227481702150 -14.947304483584 -2.95705953901291 -3.71115477520159 6.01772212548681
2025-10-01T02:48:00.000 -5828.711819129920 3191.482521924150 1412.222669525210 -1.24391292017257 -4.85075293152996 5.80240536003592
2025-10-01T02:52:00.000 -5911.298049667820 1925.210310635550 2736.210978619740 0.55981454339603 -5.63694349410333 5.16319554479420
2025-10-01T02:56:00.000 -5563.342089432730 518.696818687013 3860.345852044990 2.32190237882405 -6.01231872834233 4.14728321106057
2025-10-01T03:00:00.000 -4810.437539671310 -925.596246134410 4702.698545535680 3.91376842884934 -5.94994336890165 2.82949769361509
2025-10-01T03:04:00.000 -3707.651370403410 -2302.584299525650 5202.041434922440 5.21987611366837 -5.45497421696284 1.30640231549566
2025-10-01T03:08:00.000 -2335.374154824530 -3512.216795168440 5322.206369394790 6.14595015345139 -4.56386921873458 -0.31104640052354
2025-10-01T03:12:00.000 -793.416882305793 -4466.666350679280 5054.582570037190 6.62532360262103 -3.34136959188315 -1.90550624752419
2025-10-01T03:16:00.000 806.178385014726 -5096.591788243900 4418.683327456700 6.62332995740395 -1.87593397382616 -3.36129964163057
2025-10-01T03:20:00.000 2347.176044740340 -5356.142956175040 3460.767831092640 6.13993793398522 -0.27369735801798 -4.57256157776560
2025-10-01T03:24:00.000 3717.536207997730 -5226.327188483320 2250.558461935400 5.20999590236024 1.34896368676569 -5.45082701783472
2025-10-01T03:28:00.000 4817.584178169670 -4716.489721364510 876.237952727737 3.90112485471753 2.87373752547716 -5.93173290121737
2025-10-01T03:32:00.000 5567.359559663330 -3863.719072241860 -561.982490746181 2.30900325868435 4.18920921986398 -5.98008449970416
2025-10-01T03:36:00.000 5912.543225590530 -2730.149177046580 -1959.261690879660 0.55024736039261 5.19945187531454 -5.59275688534470
2025-10-01T03:40:00.000 5828.421483770040 -1398.325021581330 -3213.895507436580 -1.24665062545420 5.83135284616455 -4.79879753758018
2025-10-01T03:44:00.000 5321.564502140730 34.943192380180 -4234.781471903770 -2.95113662661163 6.03982612514799 -3.65688283418685
2025-10-01T03:48:00.000 4429.154046171270 1465.696976896180 -4947.996244219410 -4.44019764839260 5.81067734273651 -2.25054627380284
2025-10-01T03:52:00.000 3216.109614283800 2790.356899765010 -5302.013731281030 -5.60703503557072 5.16112782817759 -0.68170465377978
2025-10-01T03:56:00.000 1770.319612903480 3913.084138237510 -5271.244132454580 -6.36805770850719 4.13803399769823 0.93664555101562
2025-10-01T04:00:00.000 196.385939334874 4752.528977625100 -4857.796934891460 -6.66837038677674 2.81460824062258 2.48798457073125
2025-10-01T04:04:00.000 -1391.754174958520 5247.605813365970 -4091.372361326430 -6.48553876162691 1.28557146612589 3.86021550478108
2025-10-01T04:08:00.000 -2878.885736023290 5361.936536615460 -3027.274507766910 -5.83152232111834 -0.33903461734361 4.95333831506821
2025-10-01T04:12:00.000 -4156.801415654820 5086.655884526560 -1742.608509084630 -4.75252680510383 -1.94133125449669 5.68684368931690
2025-10-01T04:16:00.000 -5132.250923027000 4441.282648367170 -330.816818037650 -3.32632199839778 -3.40413507321222 6.00603540593621
2025-10-01T04:20:00.000 -5733.930052834620 3472.482581139970 1105.120487037380 -1.65691097438013 -4.61990745129383 5.88672587502212
2025-10-01T04:24:00.000 -5917.875533152530 2250.707075172410 2460.322138307200 0.13335758639501 -5.49926854657062 5.33737383658974
2025-10-01T04:28:00.000 -5670.754416594830 864.977885350104 3635.815815888070 1.91321967936673 -5.97782981846088 4.39843717780584
2025-10-01T04:32:00.000 -5010.803862801990 -583.737222208404 4545.882201519350 3.55254942071748 -6.02104819930812 3.13916170063905
2025-10-01T04:36:00.000 -3986.347403845820 -1990.013576729110 5124.333423475850 4.93231248575279 -5.62643084596422 1.65192943349699
2025-10-01T04:40:00.000 -2672.106714566330 -3251.649350289550 5329.224831233070 5.95279781598215 -4.82311791592981 0.04517987768630
2025-10-01T04:44:00.000 -1163.712000424000 -4277.026262249750 5145.795411751000 6.54048527491210 -3.66960124381857 -1.56437287925691
2025-10-01T04:48:00.000 429.221957412716 -4991.672294191180 4587.459731356970 6.65300738253709 -2.24941026436566 -3.06001753084947
2025-10-01T04:52:00.000 1990.957770630900 -5343.599595447250 3694.835520888740 6.28203538931484 -0.66533344765468 -4.33308777527499
2025-10-01T04:56:00.000 3407.961481360300 -5307.108528448580 2532.874862179770 5.45422078620872 0.96765227421962 -5.29070251995554
2025-10-01T05:00:00.000 4577.166402537960 -4884.746158272870 1186.224196732350 4.22967676975504 2.53055609502393 -5.86269532785002
2025-10-01T05:04:00.000 5413.563246148780 -4107.216400041830 -246.932526298350 2.69785924161709 3.90922985346060 -6.00717216807360
2025-10-01T05:08:00.000 5856.492892724060 -3031.159273367130 -1662.108023798500 0.97093984656835 5.00307656462859 -5.71385980534635
2025-10-01T05:12:00.000 5874.095895570310 -1734.948442981190 -2956.249731864190 -0.82481114390727 5.73272685416239 -5.00488001966029
2025-10-01T05:16:00.000 5465.545796210650 -312.850884830793 -4035.331183631640 -2.55871751386638 6.04589763765886 -3.93278375661739
2025-10-01T05:20:00.000 4660.920432967120 1131.939157864860 -4821.168386034650 -4.10549115336444 5.92083606705265 -2.57613414794804
2025-10-01T05:24:00.000 3518.826548799150 2494.788568926020 -5256.954615044170 -5.35403705299772 5.36727358798010 -1.03340754936547
2025-10-01T05:28:00.000 2122.068718742950 3677.086296937760 -5311.208403516420 -6.21492865843905 4.42532489388760 0.58409759529220
2025-10-01T05:32:00.000 571.713095362730 4593.210863506170 -4979.921159917370 -6.62622772762473 3.16246992409783 2.16002018408822
2025-10-01T05:36:00.000 -1020.037564785490 5176.579970753220 -4286.855181369840 -6.55763784042446 1.66903849649769 3.58059232810388
2025-10-01T05:40:00.000 -2537.772592128450 5384.461455028820 -3281.974865926390 -6.01294582383296 0.05233857452928 4.74253599441510
2025-10-01T05:44:00.000 -3871.128950684520 5201.202830960560 -2038.027280257210 -5.03031786788411 -1.57055336615384 5.56044258407494
2025-10-01T05:48:00.000 -4922.864668893230 4639.602520626180 -645.429478907647 -3.68036083659331 -3.08111625864065 5.97350596539839
2025-10-01T05:52:00.000 -5616.117830830800 3740.172145582840 794.288520094119 -2.06128669975472 -4.36841323810584 5.95057386063135
2025-10-01T05:56:00.000 -5900.209506168320 2568.266446442490 2175.978336246500 -0.29168588737064 -5.33772763767200 5.49288754396965
2025-10-01T06:00:00.000 -5754.469902851910 1209.265834151440 3398.710946328630 1.49859608913784 -5.91798253462516 4.63414860158055
2025-10-01T06:04:00.000 -5189.731589614850 -237.790631125094 4373.287691350000 3.17857163549174 -6.06712189672164 3.43771133331338
2025-10-01T06:08:00.000 -4247.405824076120 -1667.558447299140 5028.786643244680 4.62602077552260 -5.77491304505573 1.99152488813835
2025-10-01T06:12:00.000 -2996.279986315960 -2976.108433854040 5317.655010963120 5.73632314307548 -5.06320727092812 0.40111695159181
2025-10-01T06:16:00.000 -1527.425040492010 -4068.416329790140 5219.021931959160 6.42945353121205 -3.98386966682165 -1.21798239416758
2025-10-01T06:20:00.000 52.394541576999 -4865.154008578310 4740.144075182720 6.65541989025258 -2.61508837647906 -2.74828746605149
2025-10-01T06:24:00.000 1628.396364182520 -5308.392587213080 3915.875379703540 6.39780052118042 -1.05594670392129 -4.07867620885203
2025-10-01T06:28:00.000 3086.033841292710 -5365.806860102310 2806.184198736960 5.67501137486373 0.58051045593448 -5.11222101599392
2025-10-01T06:32:00.000 4319.293993623910 -5033.099534971390 1491.885109555960 4.53940608298287 2.17515278965783 -5.77323722821682
2025-10-01T06:36:00.000 5238.487519193600 -4334.426965690440 68.792413004572 3.07385708962832 3.61151672844789 -6.01326860808340
2025-10-01T06:40:00.000 5776.890976293510 -3320.677072698930 -1359.327896609740 1.38567495133710 4.78472279809651 -5.81494856124889
2025-10-01T06:44:00.000 5895.666408132100 -2065.704162273420 -2688.442698914290 -0.40159850344785 5.60950295822934 -5.19341894728897
2025-10-01T06:48:00.000 5586.620574178570 -660.814477130894 -3821.933446094780 -2.15776615779247 6.02655621463247 -4.19485885208922
2025-10-01T06:52:00.000 4872.629042169360 791.993716257153 -4677.622233669810 -3.75571708155960 6.00655673538999 -2.89260613034937
2025-10-01T06:56:00.000 3805.780181047960 2187.465609126550 -5193.626649540090 -5.08054424656123 5.55175445887144 -1.38136432389489
2025-10-01T07:00:00.000 2463.480751263390 3424.624566806680 -5332.668093662450 -6.03733629209297 4.69525878997994 0.22975793078124
2025-10-01T07:04:00.000 942.882712262343 4413.903097148240 -5084.635078431450 -6.55736497026238 3.49849259715689 1.82476470035800
2025-10-01T07:08:00.000 -645.988957248842 5083.478051552870 -4467.291184260030 -6.60269762621970 2.04705965052106 3.28868541998279
2025-10-01T07:12:00.000 -2187.991688273640 5384.417689613180 -3525.096217066500 -6.16894024449655 0.44509808397317 4.51527872572570
2025-10-01T07:16:00.000 -3571.074684046760 5294.336808913790 -2326.199118300900 -5.28621943556154 -1.19159626430389 5.41462608575598
2025-10-01T07:20:00.000 -4694.431882447860 4819.230457289740 -957.669463293426 -4.01765779235115 -2.74373577089122 5.92001764478342
2025-10-01T07:24:00.000 -5475.991083035430 3993.262083202520 480.767149892241 -2.45535650144942 -4.09738713400715 5.99346940891125
2025-10-01T07:28:00.000 -5858.613139624270 2876.387724176690 1884.079101739820 -0.71364183678415 -5.15298348218728 5.62906277171829
2025-10-01T07:32:00.000 -5814.400066945430 1549.951835628750 3149.744330593460 1.07969543220440 -5.83300066597673 4.85352313094108
2025-10-01T07:36:00.000 -5346.755235353470 110.638177216993 4185.393440591450 2.79330783568263 -6.08794754525013 3.72413217214901
2025-10-01T07:40:00.000 -4490.022608011160 -1336.732699844040 4915.615684432540 4.30233002514968 -5.89985626053772 2.32398374472276
2025-10-01T07:44:00.000 -3306.803479703160 -2686.913888961690 5287.402809309650 5.49754499536922 -5.28306497358185 0.75544458131360
2025-10-01T07:48:00.000 -1883.274521270830 -3841.846430690210 5273.870932939700 6.29281475744252 -4.28272300525695 -0.86745131243452
2025-10-01T07:52:00.000 -322.919052292679 -4717.675037089690 4876.101224094210 6.63084619354892 -2.97131235896568 -2.42705059570966
2025-10-01T07:56:00.000 1260.892898252500 -5250.737852669420 4123.044071807510 6.48706640419248 -1.44370534666968 -3.81010345076486
2025-10-01T08:00:00.000 2753.053748453520 -5402.196442055370 3069.486415250010 5.87169908098752 0.18934687926359 -4.91588582283843
2025-10-01T08:04:00.000 4045.057394151990 -5160.917332253760 1792.138472287950 4.82925190355183 1.80909067988120 -5.66354656245246
2025-10-01T08:08:00.000 5042.934642085060 -4544.380482615270 384.103036041086 3.43568168405980 3.29731037775648 -5.99824793416315
2025-10-01T08:12:00.000 5674.204797922200 -3597.475673234100 -1051.947584724870 1.79297863031415 4.54528946351502 -5.89562833193385
2025-10-01T08:16:00.000 5893.230504184530 -2389.195783917230 -2411.370980863800 0.02140331921794 5.46217550222583 -5.36372934565683
2025-10-01T08:20:00.000 5684.510214136640 -1007.488331505630 -3595.291683796000 -1.74980497088779 5.98183840975087 -4.44220344256971
2025-10-01T08:24:00.000 5063.652974869800 447.280009154492 -4517.824702042340 -3.39224656876545 6.06747736005383 -3.19889280487203
2025-10-01T08:28:00.000 4076.042379897760 1869.668436959200 -5112.222446807370 -4.78766962460105 5.71376187137160 -1.72439515492748
2025-10-01T08:32:00.000 2793.401452721840 3156.736699020330 -5335.544141955140 -5.83605574298072 4.94666158995416 -0.12530418508188
2025-10-01T08:36:00.000 1308.593171429660 4215.336072979730 -5171.607905629200 -6.46221676802736 3.82128580512182 1.48326689367673
2025-10-01T08:40:00.000 -270.957873571666 4968.674778644850 -4632.109966298940 -6.62068459191309 2.41810014742056 2.98540348627800
2025-10-01T08:44:00.000 -1830.837900286240 5361.810113134300 -3755.873770391130 -6.29908417518609 0.83768985371476 4.27228802699615
2025-10-01T08:48:00.000 -3257.778856393780 5365.691964582580 -2606.217935534030 -5.51937493081674 -0.80595034727801 5.24982580843513
2025-10-01T08:52:00.000 -4447.848105522470 4979.471561109640 -1266.563340487300 -4.33705397964030 -2.39322823028046 5.84571574458077
2025-10-01T08:56:00.000 -5314.136528177560 4230.790167643490 165.536452033281 -2.83769140139427 -3.80782017264044 6.01530287541539
2025-10-01T09:00:00.000 -5793.302282709410 3173.914950941030 1585.539837860680 -1.13088508542538 -4.94563803057091 5.74546479955375
2025-10-01T09:04:00.000 -5850.369092016210 1885.789320536010 2889.698484597280 0.65813079343739 -5.72304738721433 5.05591002467493
2025-10-01T09:08:00.000 -5481.323385974740 460.306320140603 3982.799911238520 2.39824184412278 -6.08332592259556 3.99756101805439
2025-10-01T09:12:00.000 -4713.314917947440 -998.689745528063 4785.201319203490 3.96251712059133 -6.00072220131403 2.64833869319748
2025-10-01T09:16:00.000 -3602.517178134700 -2385.059285488840 5238.604937650630 5.23749641412676 -5.48191184923406 1.10707931511186
2025-10-01T09:20:00.000 -2229.889773413460 -3598.087024496470 5310.196005628460 6.13124179086651 -4.56505386030902 -0.51403840268895
2025-10-01T09:24:00.000 -695.252668911616 -4549.703413713150 4994.892265354950 6.57941547487036 -3.31672344035299 -2.09742599510866
2025-10-01T09:28:00.000 889.900235540499 -5170.770598574770 4315.663743980600 6.54961541462189 -1.82718871158284 -3.52826487118179
2025-10-01T09:32:00.000 2410.380124599590 -5416.059558915660 3321.908505463540 6.04369919689020 -0.20431482721547 -4.70242762328778
2025-10-01T09:36:00.000 3755.620542189800 -5267.610579924260 2085.965802934240 5.09817905851812 1.43390054571866 -5.53408315711687
2025-10-01T09:40:00.000 4827.770778768410 -4736.138737183170 697.906833482991 3.78189203705826 2.96797133381776 -5.96226108095729
2025-10-01T09:44:00.000 5548.914623535890 -3860.324944174720 -741.051734862102 2.19111163988596 4.28582485953614 -5.95567978488920
2025-10-01T09:48:00.000 5866.832899819540 -2703.985480266690 -2126.027359731930 0.44231656908609 5.29142785198383 -5.51526861582372
2025-10-01T09:52:00.000 5758.800687813690 -1351.317490391820 -3356.228291948310 -1.33675595812602 5.91202045473044 -4.67394031179209
2025-10-01T09:56:00.000 5233.125831339860 99.363615746927 -4342.351391660380 -3.01690419296910 6.10340280070645 -3.49382612821445
2025-10-01T10:00:00.000 4328.335789651910 1542.859787951650 -5013.009316519850 -4.47699234738223 5.85264671843716 -2.06110696004635
2025-10-01T10:04:00.000 3110.213608097320 2874.676577021060 -5319.745214171650 -5.61231291296919 5.17842373081233 -0.47950880634675
2025-10-01T10:08:00.000 1666.994205360850 3998.439469563860 -5240.370264200550 -6.34149166211977 4.12929462448608 1.13704780953259
2025-10-01T10:12:00.000 103.090476009372 4832.690598530390 -4780.491478577460 -6.61184271609542 2.78029555545124 2.67216810751268
2025-10-01T10:16:00.000 -1468.260933780200 5316.677091306620 -3973.162184834240 -6.40297970064804 1.22800936218323 4.01481610599911
2025-10-01T10:20:00.000 -2933.018838620800 5414.797626103170 -2876.671414214140 -5.72874649297552 -0.41573652764659 5.06699940425170
2025-10-01T10:24:00.000 -4184.567942899590 5119.358017354350 -1570.521175889030 -4.63691359639477 -2.03158581988184 5.75108961866348
2025-10-01T10:28:00.000 -5131.563545514010 4451.354710265880 -149.764942059248 -3.20627170504876 -3.50130022984603 6.01601195370242
2025-10-01T10:32:00.000 -5704.775389797690 3459.120150525960 1281.925979596440 -1.54119546720528 -4.71681117795680 5.84155715276127
2025-10-01T10:36:00.000 -5862.329964877450 2214.844937649250 2619.952261422800 0.23619562806947 -5.58868834937150 5.24029548524125
2025-10-01T10:40:00.000 -5592.849176149290 809.224210812773 3766.600247944660 1.99555670622241 -6.05315647833156 4.25663049671078
2025-10-01T10:44:00.000 -4916.216725338340 -655.316580553242 4638.282871968480 3.60838145526731 -6.07679303644121 2.96306380143437
2025-10-01T10:48:00.000 -3881.971811591370 -2072.199356170680 5171.624211610030 4.95754698542840 -5.65854139424242 1.45442528529859
2025-10-01T10:52:00.000 -2565.551295786160 -3338.460347308810 5327.981743727890 5.94563074138658 -4.82932442942925 -0.15929289702097
2025-10-01T10:56:00.000 -1062.729630532440 -4362.157610060010 5096.129068799670 6.50150092560257 -3.64948080796685 -1.76097327830563
2025-10-01T11:00:00.000 517.293503979968 -5068.940750889010 4492.993814994070 6.58506259784006 -2.20440597986486 -3.23446898409797
2025-10-01T11:04:00.000 2059.725220528680 -5407.386761566670 3562.448860530410 6.19009522646518 -0.59866359531970 -4.47270802349623
2025-10-01T11:08:00.000 3452.436412230200 -5352.760653567420 2372.208563844650 5.34495221272566 1.05118447514094 -5.38530118814535
2025-10-01T11:12:00.000 4594.120051714190 -4908.927826475490 1008.985369714470 4.11100178015919 2.62484343170135 -5.90534928976381
2025-10-01T11:16:00.000 5401.769022286550 -4108.166021144300 -427.821549768955 2.57844170961412 4.00735054217528 -5.99475271424472
2025-10-01T11:20:00.000 5816.827825402480 -3008.819501655870 -1833.460768868530 0.85953337192142 5.09784197221078 -5.64730865843264
2025-10-01T11:24:00.000 5809.481014756090 -1690.962101641810 -3105.591721632880 -0.92005043916254 5.81725933999361 -4.88914667885416
2025-10-01T11:28:00.000 5380.716337589080 -250.421944243590 -4151.813383132020 -2.63092311758065 6.11412732976386 -3.77636217755263
2025-10-01T11:32:00.000 4562.059360775810 1208.281415794100 -4896.340555585210 -4.14951843731195 5.96785092154252 -2.39040479569562
2025-10-01T11:36:00.000 3413.109616077540 2579.515320845910 -5285.364443714940 -5.36681947569659 5.38970412037021 -0.83180054377759
2025-10-01T11:40:00.000 2017.139108296350 3764.058190141460 -5290.768882717790 -6.19563031362053 4.42146653800217 0.78711391284665
2025-10-01T11:44:00.000 475.149459228234 4676.093884929100 -4912.056497298420 -6.57622174691214 3.13243415842876 2.34981384885871
2025-10-01T11:48:00.000 -1101.246747461190 5249.295675199740 -4176.416901587240 -6.48044077532715 1.61483405790522 3.74341169625116
2025-10-01T11:52:00.000 -2597.717341098700 5441.632917854070 -3136.914130570350 -5.91399602036593 -0.02221286369787 4.86645035041866
2025-10-01T11:56:00.000 -3905.407435240210 5238.565359447880 -1868.844587940420 -4.91665859011012 -1.66006328272156 5.63628323943756
2025-10-01T12:00:00.000 -4928.911762324270 4654.341062760380 -464.428348454094 -3.56020805681593 -3.17896130312330 5.99551368825220
2025-10-01T12:04:00.000 -5593.433927069640 3731.150485057110 973.894190322305 -1.94350583535980 -4.46733893266519 5.91699247552770
2025-10-01T12:08:00.000 -5850.422283685280 2536.106035886190 2341.056486513050 -0.18500549403656 -5.43043301376023 5.40615836939359
2025-10-01T12:12:00.000 -5681.208533068070 1156.291702800090 3537.198852243110 1.58632676925538 -5.99765647849533 4.50066575436697
2025-10-01T12:16:00.000 -5098.347099996250 -307.727413946956 4475.083795891040 3.24095040458887 -6.12794249520479 3.26731689963433
2025-10-01T12:20:00.000 -4144.563557054130 -1749.372871122710 5086.480820887690 4.65853766648738 -5.81246811350813 1.79665402203011
2025-10-01T12:24:00.000 -2889.476800963900 -3063.852248820150 5327.053616548080 5.73661097653158 -5.07476258697857 0.19599390729586
2025-10-01T12:28:00.000 -1424.443698657260 -4155.712871864230 5179.459047755050 6.39752241350013 -3.96861607980516 -1.41837591784588
2025-10-01T12:32:00.000 144.061719263595 -4945.666896244220 4654.520505004860 6.59364986055733 -2.57415363266504 -2.92939968251120
2025-10-01T12:36:00.000 1702.087231917350 -5376.275606651530 3790.431129307910 6.31067905184256 -0.99226793195412 -4.22737727611784
2025-10-01T12:40:00.000 3136.390566244630 -5416.121290784460 2650.058621319330 5.56887884834114 0.66233457115905 -5.21761616331301
2025-10-01T12:44:00.000 4342.666504656320 -5062.187766119630 1316.467012736390 4.42205208164213 2.26913597087595 -5.82763576147949
2025-10-01T12:48:00.000 5233.200229420660 -4340.176453470050 -113.126954862369 2.95383906656506 3.71083108057558 -6.01271437394358
2025-10-01T12:52:00.000 5743.358980035080 -3302.678108968030 -1534.484640784580 1.27177157443214 4.88209916393233 -5.75950651159118
2025-10-01T12:56:00.000 5836.372982982260 -2025.279507522350 -2844.080879155120 -0.50105909919270 5.69787217264322 -5.08721698202085
2025-10-01T13:00:00.000 5505.924674683780 -600.908369723844 -3946.741835477440 -2.23558755067922 6.09955526526854 -4.04572682375871
2025-10-01T13:04:00.000 4776.426398297290 867.037661087166 -4762.549477330080 -3.80635223379093 6.05894947832714 -2.71142208834340
2025-10-01T13:08:00.000 3701.063239402060 2272.216857974190 -5232.516512242300 -5.10044498240607 5.57975924995254 -1.18122719852866
2025-10-01T13:12:00.000 2357.833903946930 3512.945314264950 -5322.687210964310 -6.02515271684583 4.69680783587333 0.43441896871769
2025-10-01T13:16:00.000 843.940620024460 4499.378659879630 -5026.466269687740 -6.51400778839928 3.47334787506758 2.01924289345008
2025-10-01T13:20:00.000 -731.067499776387 5159.861068721580 -4365.090050949430 -6.53120480213030 1.99687235463656 3.45889762917652
2025-10-01T13:24:00.000 -2253.023259363750 5446.087388601340 -3386.223303714810 -6.07436932322500 0.37340606012488 4.64878160228057
2025-10-01T13:28:00.000 -3611.299259058180 5336.723045773080 -2160.708898590070 -5.17531343644716 -1.27961187178243 5.50154474495979
2025-10-01T13:32:00.000 -4706.874407191890 4839.172140962030 -777.598166734040 -3.89846776098318 -2.84160098488032 5.95383946341529
2025-10-01T13:36:00.000 -5459.700896008900 3989.250265784350 662.283264312871 -2.33657474965993 -4.19788661977228 5.97158388143995
2025-10-01T13:40:00.000 -5814.750779619030 2848.694111131700 2053.767610896170 -0.60410577261409 -5.24860374149253 5.55300275231639
2025-10-01T13:44:00.000 -5746.187518391910 1500.601091245840 3295.209260062000 1.17182182989180 -5.91676669760666 4.72898219204833
2025-10-01T13:48:00.000 -5259.208912198600 43.217997738590 4296.038426914390 2.86132361720326 -6.15385049471792 3.56029805676586
2025-10-01T13:52:00.000 -4389.549402087600 -1417.334362547850 4983.399397988220 4.34139193526576 -5.94312259576471 2.13282259442618
2025-10-01T13:56:00.000 -3200.732259720580 -2774.849327298360 5307.408021105490 5.50485428617047 -5.30054186326007 0.55088321449346
2025-10-01T14:00:00.000 -1779.332981729840 -3930.734210656930 5244.656288611220 6.26786547054695 -4.27312676382247 -1.07055482230632
2025-10-01T14:04:00.000 -228.677882029981 -4801.059547236790 4799.804120097810 6.57545767888149 -2.93533119055929 -2.61390199056853
2025-10-01T14:08:00.000 1338.574436006010 -5322.563827318500 4005.229758825760 6.40530593720561 -1.38394287760343 -3.96712180645713
2025-10-01T14:12:00.000 2808.525304775480 -5457.237032969790 2918.738607513790 5.76950289697300 0.26861159222790 -5.03161866862326
2025-10-01T14:16:00.000 4074.283030991810 -5195.161917887370 1619.455415254110 4.71408427222062 1.90205248344604 -5.72947972264009
2025-10-01T14:20:00.000 5043.807022497070 -4555.345082486320 202.089593079095 3.31602587167940 3.39716653766300 -6.00960300409075
2025-10-01T14:24:00.000 5646.697417294650 -3584.371703300990 -1230.018200839100 1.67758982543038 4.64477594576787 -5.85162568766707
2025-10-01T14:28:00.000 5839.393821203510 -2352.988309587450 -2572.528192799580 -0.08127439855727 5.55404688750821 -5.26767201858644
2025-10-01T14:32:00.000 5608.314167546020 -950.816692181232 -3727.824893578960 -1.83232657575210 6.05947102849670 -4.30120032506052
2025-10-01T14:36:00.000 4970.679835041140 520.305202158965 -4612.130101251010 -3.44870580769056 6.12530800464707 -3.02327945647271
2025-10-01T14:40:00.000 3973.063823545870 1953.765882063700 -5161.481168328180 -4.81409955230749 5.74764171618023 -1.52689681374566
2025-10-01T14:44:00.000 2687.888007180050 3245.826567950360 -5336.191770973190 -5.83062833408401 4.95412427844023 0.07984132171352
2025-10-01T14:48:00.000 1208.185934814870 4302.966980933860 -5123.584281208190 -6.42535600053725 3.80172368909029 1.68125653739995
2025-10-01T14:52:00.000 -358.991805578065 5048.478213449520 -4538.869088820330 -6.55504992313913 2.37280410500882 3.16193340053206
2025-10-01T14:56:00.000 -1900.112863210400 5427.952797132240 -3624.146993193580 -6.20932433115654 0.76982970336249 4.41449987435520
2025-10-01T15:00:00.000 -3303.243853794710 5413.316807217200 -2445.554588028120 -5.41191631287867 -0.89146525935720 5.34725696564592
2025-10-01T15:04:00.000 -4466.166155709740 5005.069255360550 -1088.652895365410 -4.21967578644033 -2.49013464460312 5.89110016089419
2025-10-01T15:08:00.000 -5303.953482629170 4232.474682779870 347.709411802386 -2.71903361787610 -3.90895742593668 6.00521452689972
2025-10-01T15:12:00.000 -5755.367037421330 3151.562718613810 1758.665495769100 -1.01970671175093 -5.04357110310529 5.68062330895705
2025-10-01T15:16:00.000 -5787.480178616160 1841.043701538360 3041.130875283080 0.75360336838016 -5.81057818554923 4.94110560443246
2025-10-01T15:20:00.000 -5398.125455046290 396.445969678048 4101.506068524490 2.47098098208541 -6.15413502096628 3.84133770001646
2025-10-01T15:24:00.000 -4615.929972996810 -1077.021501530060 4862.568820129860 4.00731677050279 -6.04979735874429 2.46218802129602
2025-10-01T15:28:00.000 -3498.060854460840 -2472.193201505290 5269.037493258560 5.25128306358116 -5.50573260961863 0.90447550868411
2025-10-01T15:32:00.000 -2125.962645265960 -3687.708425478520 5291.489621023300 6.11307798968704 -4.56182194522445 -0.71843513797306
2025-10-01T15:36:00.000 -599.409019553905 -4635.299189554540 4928.401570820650 6.53062164722960 -3.28659511161217 -2.28881154117057
2025-10-01T15:40:00.000 970.684995628228 -5246.100120190960 4206.209970383450 6.47367891618978 -1.77228234275665 -3.69270863126412
2025-10-01T15:44:00.000 2470.215606543230 -5475.618677093300 3177.450335229450 5.94612291262276 -0.12860779088702 -4.82788944352640
2025-10-01T15:48:00.000 3790.138945085530 -5307.044030917760 1917.029431874930 4.98606805365563 1.52487727214724 -5.61135057403543
2025-10-01T15:52:00.000 4834.449877844440 -4752.567631024560 516.815774821238 3.66344401303487 3.06750776167392 -5.98566235813031
2025-10-01T15:56:00.000 5527.279410862340 -3852.568178697330 -921.089311228620 2.07506685453787 4.38659825038797 -5.92357091866839
2025-10-01T16:00:00.000 5818.495212560980 -2672.631363531230 -2291.902696999250 0.33721182062936 5.38610124088858 -5.43010396306711
2025-10-01T16:04:00.000 5687.329357205610 -1298.664936016470 -3495.896119281560 -1.42326116629223 5.99376592186484 -4.54206322505645
2025-10-01T16:08:00.000 5143.765223128090 169.485659468471 -4445.702459038420 -3.07858077951080 6.16636339770624 -3.32492321935969
2025-10-01T16:12:00.000 4227.610511782880 1625.374093940500 -5072.589779280260 -4.50946279682092 5.89233898243754 -1.86747239104339
2025-10-01T16:16:00.000 3005.448567670290 2963.623659830370 -5331.273664871590 -5.61331412482495 5.19201400986456 -0.27513731035693
2025-10-01T16:20:00.000 1565.789504090510 4087.397589010110 -5203.034453149690 -6.31100542096627 4.11578856047154 1.33741689176107
2025-10-01T16:24:00.000 12.782775785270 4915.228286087130 -4697.003627601030 -6.55206888131258 2.74061116417572 2.85405741202425
2025-10-01T16:28:00.000 -1541.120736880550 5386.810217913120 -3849.581078928310 -6.31823499672915 1.16493615379400 4.16498946262310
2025-10-01T16:32:00.000 -2983.139994405850 5467.423445868830 -2721.982049781270 -5.62515183551347 -0.49767197447894 5.17446482371564
2025-10-01T16:36:00.000 -4208.303902676400 5150.641363856290 -1395.991722326290 -4.52197420627324 -2.12641095101217 5.80792986692593
2025-10-01T16:40:00.000 -5127.187911939310 4459.023249170940 31.866633822748 -3.08839523510438 -3.60204547892295 6.01797851945406
2025-10-01T16:44:00.000 -5672.631471057520 3442.641520687280 1457.386778596220 -1.42911027942034 -4.81605660443995 5.78849324719158
2025-10-01T16:48:00.000 -5804.817342256440 2175.453615861820 2776.431458526310 0.33421512856626 -5.67922676412942 5.13616497875185
2025-10-01T16:52:00.000 -5514.230054862620 749.812443112274 3892.695009261980 2.07234800118151 -6.12844880170012 4.10912848080148
2025-10-01T16:56:00.000 -4822.287947692430 -730.416343571788 4724.831502089150 3.65840849006625 -6.13145421568324 2.78304506931712
2025-10-01T17:00:00.000 -3779.617160011780 -2157.538983659430 5212.363792719980 4.97734809733036 -5.68870535542886 1.25502397071296
2025-10-01T17:04:00.000 -2462.216740632780 -3427.860948047170 5319.967827359270 5.93396344028910 -4.83277492246887 -0.36372251841612
2025-10-01T17:08:00.000 -965.906270314097 -4449.120813168310 5039.923337702500 6.45923194430873 -3.62581530098793 -1.95570390902659
2025-10-01T17:12:00.000 600.579192893027 -5147.108858719150 4392.640311110460 6.51518621479711 -2.15519978316179 -3.40539286852349
2025-10-01T17:16:00.000 2123.403415378530 -5471.010854413240 3425.202997576230 6.09755142132578 -0.52741372921932 -4.60732509129121
2025-10-01T17:20:00.000 3491.834884619980 -5397.147466245190 2208.035111904290 5.23639917284416 1.13925827446793 -5.47368525677855
2025-10-01T17:24:00.000 4606.327728294440 -4930.796464587110 829.841263718513 3.99435765326004 2.72325377124565 -5.94094283459839
2025-10-01T17:28:00.000 5385.867970912010 -4105.902942900970 -608.870097675721 2.46230225194607 4.10878975057318 -5.97494506547765
2025-10-01T17:32:00.000 5773.973438168890 -2982.593215393980 -2003.222716014160 0.75243967433347 5.19487464724732 -5.57365659998359
2025-10-01T17:36:00.000 5742.801075010920 -1642.688626358820 -3251.726098474940 -1.01029141046587 5.90283411636554 -4.76712284067718
2025-10-01T17:40:00.000 5295.072088661190 -183.616341631003 -4263.723684197590 -2.69775694248192 6.18205549687927 -3.61494211240820
2025-10-01T17:44:00.000 4463.683898007340 1288.771313718770 -4965.937996485540 -4.18814517947662 6.01327375878731 -2.20136739119891
2025-10-01T17:48:00.000 3309.144896942210 2667.862755270590 -5307.635150360740 -5.37449249750788 5.40937025607199 -0.62884411005482
2025-10-01T17:52:00.000 1915.121906433670 3853.875930091540 -5264.122585157950 -6.17183117828706 4.41397602219254 0.98933009658531
2025-10-01T17:56:00.000 382.469372048546 4760.886721187400 -4838.435197643420 -6.52268450850304 3.09829520355096 2.53668152788254
2025-10-01T18:00:00.000 -1177.873472029500 5322.918593726770 -4061.158991266950 -6.40099969062636 1.55644386260130 3.90139648647822
2025-10-01T18:04:00.000 -2652.721442705590 5498.735296700300 -2988.388635687140 -5.81433870589834 -0.10065128034228 4.98397815243982
2025-10-01T18:08:00.000 -3934.782913029480 5275.000130661890 -1697.871156916760 -4.80406868693264 -1.75279974354691 5.70466348404673
2025-10-01T18:12:00.000 -4930.534287862040 4667.470619226510 -283.482384939384 -3.44293734534250 -3.27924653783051 6.00972290903143
2025-10-01T18:16:00.000 -5567.207507447970 3720.039398547770 1151.600943595450 -1.83013437184996 -4.56780768974308 5.87595346033593
2025-10-01T18:20:00.000 -5798.299138944930 2501.603873658480 2502.547082964960 -0.08391486141460 -5.52369522907173 5.31290814975359
2025-10-01T18:24:00.000 -5607.057068886230 1100.954330895920 3670.702295496330 1.66768046587599 -6.07698399622104 4.36213971611064
2025-10-01T18:28:00.000 -5007.642549387010 -379.854136924274 4570.898613923190 3.29671766399501 -6.18768448129685 3.09369889863568
2025-10-01T18:32:00.000 -4043.959639326420 -1833.043325733620 5137.663846831100 4.68478334365656 -5.84835036232185 1.60061233992166
2025-10-01T18:36:00.000 -2786.312760704190 -3152.998362363940 5329.909191116760 5.73160810969858 -5.08422957339304 -0.00825475329001
2025-10-01T18:40:00.000 -1326.198816345930 -4243.863279924600 5133.778602148260 6.36179111395968 -3.95086967489520 -1.61616060304237
2025-10-01T18:44:00.000 230.278090987473 -5026.380964735420 4563.581344566670 6.52972911711180 -2.53027472366530 -3.10647565476066
2025-10-01T18:48:00.000 1770.012040662290 -5443.609165487280 3660.791970414680 6.22307689673495 -0.92530847110474 -4.37081557950835
2025-10-01T18:52:00.000 3181.056723604030 -5465.086615846230 2491.112900488880 5.46381893964451 0.74750663424517 -5.31689466444955
2025-10-01T18:56:00.000 4360.766998391730 -5089.141518651320 1139.766847441750 4.30707883206452 2.36624498595505 -5.87537974196399
2025-10-01T19:00:00.000 5223.357479839490 -4343.112832629570 -294.702300624098 2.83740798353888 3.81261487727103 -6.00535186639716
2025-10-01T19:04:00.000 5706.260610631940 -3281.375514568480 -1707.702031947250 1.16246499106231 4.98106300659299 -5.69765836669794
2025-10-01T19:08:00.000 5774.705678860170 -1981.293445790970 -2996.339051872050 -0.59523978874337 5.78678777008894 -4.97549012827094
2025-10-01T19:12:00.000 5424.168754866130 -537.442225028412 -4066.988585295310 -2.30779130511966 6.17199011819562 -3.89233184908097
2025-10-01T19:16:00.000 4680.519935585940 945.375193652068 -4842.075581913810 -3.85135971472572 6.10969452661744 -2.52755046124308
2025-10-01T19:20:00.000 3597.961497694160 2359.747947291080 -5265.576121000230 -5.11504305646958 5.60516487141072 -0.98023253229120
2025-10-01T19:24:00.000 2255.003522847990 3603.329553162030 -5306.901452632290 -6.00830652640709 4.69503454086354 0.63799660304388
2025-10-01T19:28:00.000 748.826418768773 4586.068651064370 -4962.988923742500 -6.46694358918042 3.44451589926993 2.21068547704835
2025-10-01T19:32:00.000 -811.578053471276 5236.569185335210 -4258.522897065900 -6.45730374787410 1.94301726790951 3.62435158536592
2025-10-01T19:36:00.000 -2313.089848935180 5507.233622184590 -3244.294462250930 -5.97892926794311 0.29835569876072 4.77619682282218
2025-10-01T19:40:00.000 -3646.548260125320 5377.842054201510 -1993.735088645220 -5.06519151082892 -1.37043328316565 5.58153896365504
2025-10-01T19:44:00.000 -4714.724682000650 4857.260454046330 -597.752370887247 -3.78167865983187 -2.94150563042299 5.98043642681420
2025-10-01T19:48:00.000 -5439.585918916000 3983.004820393770 841.865745620943 -2.22176892717369 -4.29952485667982 5.94281289478368
2025-10-01T19:52:00.000 -5768.167241897720 2818.588009143150 2219.975394238460 -0.49968571699305 -5.34458688439844 5.47100439390610
2025-10-01T19:56:00.000 -5676.562434635620 1448.848477507530 3435.913628005790 1.25822915964840 -6.00006275639595 4.59976551913403
2025-10-01T20:00:00.000 -5171.658672331990 -26.385464048815 4400.987567351670 2.92338169071503 -6.21841813852816 3.39340065141327
2025-10-01T20:04:00.000 -4290.491017375380 -1499.713023836950 5044.972662791690 4.37467411457065 -5.98438251793326 1.94045591540263
2025-10-01T20:08:00.000 -3097.390442307160 -2864.018943062660 5321.137245499130 5.50706726405097 -5.31552621996867 0.34697410453954
2025-10-01T20:12:00.000 -1679.215263511340 -4020.215042166530 5209.538112658560 6.23897127040426 -4.26070396033681 -1.27123766519735
2025-10-01T20:16:00.000 -139.031615888711 -4884.325568204650 4718.366882789770 6.51762073790076 -2.89624445241274 -2.79687059303994
2025-10-01T20:20:00.000 1411.259771011850 -5393.495845266010 3883.350382282130 6.32263335239106 -1.32085010065981 -4.11910826831182
2025-10-01T20:24:00.000 2858.957639521520 -5510.585644703250 2765.242449567100 5.66784882969375 0.35114745275470 -5.14148588648766
2025-10-01T20:28:00.000 4098.758147389890 -5226.960757003000 1445.487342239450 4.60072850736638 1.99799015568194 -5.78915346128168
2025-10-01T20:32:00.000 5040.484728381740 -4563.214562464830 20.310386065324 3.19916299784216 3.49938479357769 -6.01460370204791
2025-10-01T20:36:00.000 5615.769936340670 -3567.716554665090 -1406.357322076590 1.56583647208438 4.74566609390747 -5.80158244300646
2025-10-01T20:40:00.000 5783.087217891810 -2313.019820376390 -2730.585543921100 -0.17971849520668 5.64624686159528 -5.16630797722257
2025-10-01T20:44:00.000 5530.709914892390 -890.443078970339 -3856.107060770860 -1.91027950575374 6.13628428755113 -4.15596452899465
2025-10-01T20:48:00.000 4877.406658275450 596.700835372495 -4701.323961571460 -3.50054256219869 6.18120393025020 -2.84476495529762
2025-10-01T20:52:00.000 3870.874717479630 2040.645302953440 -5205.114441598810 -4.83612154646736 5.77857825626189 -1.32804614245470
2025-10-01T20:56:00.000 2584.167301914460 3336.888084921120 -5331.088980592170 -5.82129757530216 4.95781079414861 0.28466379778085
2025-10-01T21:00:00.000 1110.423533784890 4391.586359892040 -5070.088397810470 -6.38532431498429 3.77779568023412 1.87725966291994
2025-10-01T21:04:00.000 -443.724981574714 5128.187650202430 -4440.824467841050 -6.48715415965559 2.32292092918035 3.33490792426059
2025-10-01T21:08:00.000 -1965.673358941690 5492.912190280950 -3488.632141295780 -6.11840228909304 0.69752816994689 4.55186700381882
2025-10-01T21:12:00.000 -3344.852881237610 5458.737183383650 -2282.383404163700 -5.30443810912623 -0.98099602079605 5.43892370598994
2025-10-01T21:16:00.000 -4480.758420878740 5027.580486701600 -909.688255278068 -4.10338516776296 -2.59033173667120 5.93020927346472
2025-10-01T21:20:00.000 -5290.425403445080 4230.396944406820 529.411362009980 -2.60243908270809 -4.01238857599838 5.98876060282437
2025-10-01T21:24:00.000 -5714.686954087290 3125.042017701980 1929.827156840860 -0.91144657772811 -5.14257244830068 5.60979016063186
2025-10-01T21:28:00.000 -5722.628525295840 1792.022450063410 3189.254474958050 0.84553493758915 -5.89794335492790 4.82113872371214
2025-10-01T21:32:00.000 -5313.856020184080 328.499598992536 4215.788906724660 2.53987469884782 -6.22351049361338 3.68103899055694
2025-10-01T21:36:00.000 -4518.410379588960 -1158.937905093690 4934.693631818370 4.04816873844781 -6.09613059877199 2.27333409745009
2025-10-01T21:40:00.000 -3394.416760855660 -2562.115341287360 5293.778566134010 5.26117308595274 -5.52572216215025 0.70087636444832
2025-10-01T21:44:00.000 -2023.746122089300 -3779.107483847010 5267.069334176910 6.09137618059168 -4.55406440111945 -0.92202507401607
2025-10-01T21:48:00.000 -506.050080710791 -4721.539354621110 4856.603774790090 6.47897060080947 -3.25161373678977 -2.47762641770023
2025-10-01T21:52:00.000 1048.411681131790 -5320.904893383720 4092.259232647870 6.39585392361996 -1.71254041199562 -3.85301900315923
2025-10-01T21:56:00.000 2526.671464717960 -5533.526510130080 3029.639785743100 5.84776814436116 -0.04838624135160 -4.94801832373957
2025-10-01T22:00:00.000 3821.224213057090 -5343.809443773850 1746.122120739050 4.87429264861186 1.61975528953316 -5.68250663315660
2025-10-01T22:04:00.000 4837.907026646680 -4765.490646408980 335.267784457940 3.54638828569733 3.17009814557911 -6.00263088719429
2025-10-01T22:08:00.000 5502.863320656240 -3840.694673162280 -1100.038931370480 1.96127711931208 4.48936966254756 -5.88508291202844
2025-10-01T22:12:00.000 5768.003568105500 -2636.829439078130 -2455.207121030640 0.23504387449255 5.48151207255622 -5.33903493368252
2025-10-01T22:16:00.000 5614.470122033570 -1241.547273541750 -3631.674898044050 -1.50635869261226 6.07491678630641 -4.40516917081017
2025-10-01T22:20:00.000 5053.864134898650 243.773981911765 -4544.101214211670 -3.13665510311712 6.22744158278261 -3.15222022494462
2025-10-01T22:24:00.000 4127.202049876760 1711.456818299040 -5126.474771449720 -4.53844233829284 5.92894856546105 -1.67147573140087
2025-10-01T22:28:00.000 2901.796153206670 3055.266572787060 -5336.725633253030 -5.61121462562766 5.20144009040431 -0.06996316682339
2025-10-01T22:32:00.000 1466.374076439420 4177.938393084360 -5159.619995264320 -6.27800593458134 4.09720191450113 1.53699808274996
2025-10-01T22:36:00.000 -75.214520736863 4998.043633667760 -4607.814765456920 -6.49047396136068 2.69518774353894 3.03360400282797
2025-10-01T22:40:00.000 -1611.318571116820 5455.805614597420 -3721.033959508000 -6.23238782911377 1.09588524560154 4.31141947746981
2025-10-01T22:44:00.000 -3030.420428072510 5517.490445087690 -2563.365421075760 -5.52116170033589 -0.58540555246201 5.27706465541397
2025-10-01T22:48:00.000 -4229.182118588230 5178.034252087610 -1218.809109653630 -4.40727216850879 -2.22646867003736 5.85906456946375
2025-10-01T22:52:00.000 -5120.077119268050 4461.654493562360 214.712545059583 -2.97128279755168 -3.70704625845323 6.01371790709303
2025-10-01T22:56:00.000 -5637.985399265060 3420.262580818230 1632.539842246450 -1.31818446143526 -4.91816839432505 5.72903071330435
2025-10-01T23:00:00.000 -5745.122101986270 2129.680600615220 2931.083916457100 0.43072390912493 -5.77085566575848 5.02584758975957
2025-10-01T23:04:00.000 -5433.834516248060 683.986166875275 4015.550574616040 2.14727933044443 -6.20291619238672 3.95611084869344
2025-10-01T23:08:00.000 -4727.062777077810 -811.502354104161 4806.937553093870 3.70631178379121 -6.18337926664091 2.59857010257309
2025-10-01T23:12:00.000 -3676.504306289200 -2247.985366700210 5247.750920271840 4.99477362240468 -5.71430248116589 1.05255860509162
2025-10-01T23:16:00.000 -2358.730512729100 -3521.087100294320 5306.077545298230 5.91963682325065 -4.83021707242026 -0.56938640790176
2025-10-01T23:20:00.000 -869.580966236917 -4538.359459409390 4977.789668859260 6.41425665121972 -3.59534708529938 -2.14962363567923
2025-10-01T23:24:00.000 682.740843578389 -5225.885880110290 4286.799725103670 6.44285504873680 -2.09902095906517 -3.57346830170622
2025-10-01T23:28:00.000 2185.432462059220 -5533.611615601270 3283.375561620830 6.00313771881905 -0.44961648986021 -4.73729749847961
2025-10-01T23:32:00.000 3529.232665094470 -5439.039570022450 2040.570536418370 5.12681663898665 1.23296652480536 -5.55604772492034
2025-10-01T23:36:00.000 4616.403570505060 -4948.969344864320 648.959690335385 3.87766542386228 2.82599165972188 -5.96971352565222
2025-10-01T23:40:00.000 5367.940885215000 -4099.079483804590 -789.980922737883 2.34707477733541 4.21308051334753 -5.94807846062886
2025-10-01T23:44:00.000 5729.421044124860 -2951.316411745170 -2171.371773666510 0.64716155486736 5.29311969349321 -5.49319238632552
2025-10-01T23:48:00.000 5674.959654261300 -1589.274827661990 -3394.698009053210 -1.09790568642849 5.98796179984357 -4.63908983198507
2025-10-01T23:52:00.000 5208.967956803250 -111.961607068633 -4371.173535778010 -2.76142747618313 6.24803229925406 -3.44877595954748
2025-10-01T23:56:00.000 4365.638017262800 1373.480247224040 -5030.119878234060 -4.22341679287692 6.05543763384070 -2.00915767072918
2025-10-02T00:00:00.000 3206.298262706270 2759.513644541730 -5323.933428224950 -5.37901498864047 5.42469439178747 -0.42442606401987
2025-10-02T00:04:00.000 1814.922096384460 3945.841224526190 -5231.359067836550 -6.14539211049535 4.40122621846931 1.19129624208848
2025-10-02T00:08:00.000 292.161547069065 4846.475934625580 -4758.955740429890 -6.46717747598160 3.05819806457890 2.72165251353288
2025-10-02T00:12:00.000 -1251.742407269590 5395.857110310390 -3940.688246055890 -6.32032934096555 1.49174136935379 4.05592481459313
2025-10-02T00:16:00.000 -2704.768478326330 5553.637788063870 -2835.643056685850 -5.71425462005724 -0.18534169573426 5.09674966412030
2025-10-02T00:20:00.000 -3961.187614697250 5307.777450200020 -1523.936158910040 -4.69175423592381 -1.85136364118578 5.76737276459536
2025-10-02T00:24:00.000 -4929.316904276290 4675.637472608730 -101.014430445744 -3.32646027852389 -3.38450818488908 6.01765223377522
2025-10-02T00:28:00.000 -5538.383186022270 3702.915495365310 1329.282256066030 -1.71796715392115 -4.67199111888014 5.82835978647167
2025-10-02T00:32:00.000 -5743.902806962990 2460.381553631450 2662.443245571440 0.01570482884661 -5.61908676998268 5.21319753972083
2025-10-02T00:36:00.000 -5531.001384535550 1038.609997747310 3801.106010381810 1.74743490974431 -6.15651109530255 4.21759295517467
2025-10-02T00:40:00.000 -4915.437686985480 -458.780903992278 4662.265790773700 3.35071049329387 -6.24550603734673 2.91495156171161
2025-10-02T00:44:00.000 -3942.298994690500 -1922.807780341870 5183.316907190210 4.70911941753270 -5.88028950824222 1.40073392296144
2025-10-02T00:48:00.000 -2682.567076639850 -3247.064161109150 5326.498276200560 5.72452985002503 -5.08790237020913 -0.21474648714209
2025-10-02T00:52:00.000 -1227.902407107140 -4335.368313108460 5081.526043440380 6.32372915886437 -3.92599891430701 -1.81417951747335
2025-10-02T00:56:00.000 315.977953157601 -5108.657864308920 4466.280981357010 6.46346684742265 -2.47871349381900 -3.28156069098329
2025-10-02T01:00:00.000 1836.886668210980 -5510.665811272990 3525.523254611440 6.13341707063218 -0.85082216890401 -4.51018632400955
2025-10-02T01:04:00.000 3224.246253167870 -5512.050329890240 2327.732932923060 5.35731419143710 0.83942698279288 -5.41034499554620
2025-10-02T01:08:00.000 4377.145542925240 -5112.619065867090 960.188963245693 4.19153947258864 2.46883523313668 -5.91608550891339
2025-10-02T01:12:00.000 5211.770091500360 -4341.436013452610 -477.386171531363 2.72133629915133 3.91835239757855 -5.99037789924811
2025-10-02T01:16:00.000 5667.613213895760 -3254.720846189750 -1880.187379826070 1.05443518577012 5.08220468292649 -5.62818768659401
2025-10-02T01:20:00.000 5711.901793912440 -1931.655058174360 -3146.094230656370 -0.68727473320573 5.87602196929856 -4.85673018085662
2025-10-02T01:24:00.000 5341.882544396670 -468.463635250746 -4183.175303662810 -2.37712850238771 6.24297710837254 -3.73308687531476
2025-10-02T01:28:00.000 4584.823740392160 1028.690380941800 -4916.326435345670 -3.89312948505265 6.15747465357400 -2.33945547027425
2025-10-02T01:32:00.000 3495.851005542450 2451.389293353280 -5292.565583864960 -5.12643722615588 5.62634942696181 -0.77685993071697
2025-10-02T01:36:00.000 2153.889882270450 3696.686436165540 -5284.702134626920 -5.98867755711370 4.68803619946163 0.84207074277455
2025-10-02T01:40:00.000 656.020908706699 4674.374825775740 -4893.195404172750 -6.41774953164568 3.40964116617773 2.40083526920577
2025-10-02T01:44:00.000 -889.355024878196 5313.370700534580 -4146.155239687930 -6.38199777194212 1.88257189754859 3.78681500820582
2025-10-02T01:48:00.000 -2370.173760894830 5566.867602817710 -3097.472982143280 -5.88281810662713 0.21660227433994 4.89907074060893
2025-10-02T01:52:00.000 -3678.744966514660 5415.879548544930 -1823.119258654280 -4.95517464686405 -1.46754323983137 5.65571317248992
2025-10-02T01:56:00.000 -4719.642975220890 4870.849875098310 -415.767892425991 -3.66575849868809 -3.04688884288147 6.00040542939015
2025-10-02T02:00:00.000 -5416.814727863420 3971.076295235380 1021.938429637970 -2.10835601821857 -4.40547003308006 5.90698499234808
2025-10-02T02:04:00.000 -5719.316863972680 2781.953253980400 2384.966941223720 -0.39711774096102 -5.44325278113241 5.38192419532028
2025-10-02T02:08:00.000 -5605.162454412750 1390.141173528100 3573.751828142740 1.34242518666558 -6.08420364621772 4.46396013356820
2025-10-02T02:12:00.000 -5082.884585482120 -102.912555245691 4501.588316293680 2.98308338366810 -6.28185559699318 3.22079397087351
2025-10-02T02:16:00.000 -4190.785807455810 -1588.494345323340 5100.973886064830 4.40550696074208 -6.02243872814681 1.74369251847931
2025-10-02T02:20:00.000 -2993.993459766460 -2958.592461379590 5328.445184477280 5.50682005670291 -5.32544413782485 0.14043648099407
2025-10-02T02:24:00.000 -1579.626989415490 -4113.694824680000 5167.602926510680 6.20765962538833 -4.24171592185934 -1.47255450862704
2025-10-02T02:28:00.000 -50.490262282111 -4969.896163443630 4630.222315549040 6.45742471606089 -2.84974007150118 -2.97826279355713
2025-10-02T02:32:00.000 1482.305467769830 -5464.931679596650 3755.412926168550 6.23793233189039 -1.25029754105623 -4.26728374134830
2025-10-02T02:36:00.000 2907.341908921630 -5562.705741624920 2606.842409876070 5.56486554590144 0.44056835012876 -5.24560353655937
2025-10-02T02:40:00.000 4120.980413387280 -5256.003084461870 1268.185162994040 4.48704712308163 2.09969636349416 -5.84158790856109
2025-10-02T02:44:00.000 5034.976090110760 -4567.116456146090 -162.954118501276 3.08318909600263 3.60589012329408 -6.01156484103830
2025-10-02T02:48:00.000 5583.013991622560 -3546.261241692720 -1582.228264800650 1.45615837597922 4.84918110334657 -5.74341204812337
2025-10-02T02:52:00.000 5725.581900387470 -2267.834362359560 -2886.282797911890 -0.27501422587400 5.73929569055351 -5.05742473821322
2025-10-02T02:56:00.000 5452.765943570150 -824.854120668950 -3980.363065145120 -1.98428298478129 6.21224978820352 -4.00446223079733
2025-10-02T03:00:00.000 4784.802339745730 677.918760951854 -4785.192297861350 -3.54798415215467 6.23471434321152 -2.66177411280466
2025-10-02T03:04:00.000 3770.417425318570 2131.622680683410 -5242.602271988120 -4.85376662629797 5.80592119561072 -1.12686920290279
2025-10-02T03:08:00.000 2483.178797744890 3431.073843319890 -5319.549324475700 -5.80808293834940 4.95703354088029 0.48959445128940
2025-10-02T03:12:00.000 1016.222702380680 4482.185607387560 -5010.386080928630 -6.34232889522561 3.74883757165574 2.07127245454334
2025-10-02T03:16:00.000 -524.322458685284 5208.623501079910 -4337.276224971230 -6.41745851105544 2.26765855500364 3.50406115618763
2025-10-02T03:20:00.000 -2026.812614260270 5557.290383752720 -3348.725731817540 -6.02690600221158 0.61977461822369 4.68382421425482
2025-10-02T03:24:00.000 -3382.056475354760 5502.302554129390 -2116.278549097400 -5.19767851139656 -1.07562322680859 5.52392654030779
2025-10-02T03:28:00.000 -4491.272538576010 5047.093900597470 -729.488760033817 -3.98909430340101 -2.69489415881959 5.96192443715219
2025-10-02T03:32:00.000 -5273.440713821300 4224.390420111530 710.549419915759 -2.48898593139962 -4.11918026875920 5.96481385987162
2025-10-02T03:36:00.000 -5671.411082826670 3093.922769806220 2098.671885306900 -0.80715097711552 -5.24376851580038 5.53192096975018
2025-10-02T03:40:00.000 -5656.192076335910 1738.037132961690 3333.471394613850 0.93305905108988 -5.98612352507775 4.69503814413924
2025-10-02T03:44:00.000 -5229.083278272690 255.569398989543 4324.844342613610 2.60420994390870 -6.29224798018677 3.51592720626890
2025-10-02T03:48:00.000 -4421.466856673580 -1245.520341849400 5000.622340438110 4.08464517123692 -6.14046694133138 2.08125000300251
2025-10-02T03:52:00.000 -3292.345673523020 -2656.064543465170 5311.755091137830 5.26716829653691 -5.54239125986382 0.49580803573888
2025-10-02T03:56:00.000 -1923.956988639930 -3873.589539708180 5235.765969919530 6.06648371528487 -4.54180360098336 -1.12510953053917
2025-10-02T04:00:00.000 -415.783084626987 -4809.671517102600 4778.283850534660 6.42498409052820 -3.21127427136807 -2.66395218471896
2025-10-02T04:04:00.000 1122.595567303740 -5396.261496987120 3972.610371124380 6.31662203552505 -1.64707707258539 -4.00899012857066
2025-10-02T04:08:00.000 2579.366384724560 -5590.624881620690 2877.369146733020 5.74902059375618 0.03735615010669 -5.06222013001513
2025-10-02T04:12:00.000 3848.591301072040 -5378.518293110240 1572.329059140160 4.76328085819256 1.71943493462769 -5.74655437604941
2025-10-02T04:16:00.000 4837.975355210390 -4775.332497729760 152.628988224017 3.43132981059731 3.27636429362389 -6.01185349454914
2025-10-02T04:20:00.000 5475.685882260300 -3825.018552931180 -1278.213425667450 1.85069304864591 4.59445476587836 -5.83890658679179
2025-10-02T04:24:00.000 5715.644958512160 -2596.840839236740 -2615.962430374560 0.13708037761039 5.57780707516542 -5.24096530132708
2025-10-02T04:28:00.000 5540.843977071560 -1180.201201892490 -3763.361656311040 -1.58454854257042 6.15554038979763 -4.26250753528847
2025-10-02T04:32:00.000 4964.421415085160 322.006248495117 -4637.219722513150 -3.18949336739922 6.28670659573257 -2.97544629092985
2025-10-02T04:36:00.000 4028.506914296970 1800.913785869360 -5174.338003738480 -4.56226564489667 5.96266334232509 -1.47341621945991
2025-10-02T04:40:00.000 2801.041688317350 3149.490125475710 -5335.922916045560 -5.60448107959172 5.20720550321464 0.13508345262700
2025-10-02T04:44:00.000 1370.861916613880 4270.123633799230 -5110.237738706230 -6.24133024728346 4.07453194180681 1.73434781329865
2025-10-02T04:48:00.000 -158.577951729323 5081.502597094500 -4513.420820875150 -6.42651831633369 2.64554741661166 3.20908436635440
2025-10-02T04:52:00.000 -1676.493676711050 5524.433755609190 -3588.438554565570 -6.14566196660065 1.02265314917042 4.45233421698444
2025-10-02T04:56:00.000 -3072.643888622540 5566.215276171960 -2402.168749168410 -5.41776623582136 -0.67701966312318 5.37299570822161
2025-10-02T05:00:00.000 -4245.326857097390 5203.230714172640 -1040.744390528930 -4.29467748269246 -2.32970228325597 5.90281548929042
2025-10-02T05:04:00.000 -5108.918204492160 4461.440753907970 396.646955269794 -2.85775136246669 -3.81425437410213 6.00201447020094
2025-10-02T05:08:00.000 -5600.302453461170 3394.630969029210 1805.055474643270 -1.21204068591758 -5.02146864076482 5.66272582122640
2025-10-02T05:12:00.000 -5683.639944521510 2080.489952057550 3081.582848229790 0.52168734863336 -5.86267926462829 4.90981173415170
2025-10-02T05:16:00.000 -5353.022901230440 614.815460798458 4133.049468440880 2.21640158083854 -6.27657267570216 3.79882745024643
2025-10-02T05:20:00.000 -4632.812570459440 -895.619135076012 4882.867218665810 3.74849641702512 -6.23352538635140 2.41157904502415
2025-10-02T05:24:00.000 -3575.685905354980 -2340.940750436480 5276.588363143420 5.00700467611122 -5.73737390762725 0.84950524432695
2025-10-02T05:28:00.000 -2258.674483393800 -3616.141827545610 5285.720789806440 5.90109411047125 -4.82451891162801 -0.77378625082514
2025-10-02T05:32:00.000 -777.554830624704 -4628.606374159830 4909.710756001420 6.36628986748657 -3.56121895898154 -2.34046781197346
2025-10-02T05:36:00.000 760.052457208086 -5304.757993681030 4175.953857461920 6.36894495770357 -2.03893665240515 -3.73683507792131
2025-10-02T05:40:00.000 2242.411853431000 -5595.369966530540 3137.836151480590 5.90864552613696 -0.36795646553535 -4.86127684766458
2025-10-02T05:44:00.000 3561.737090774640 -5479.192945677470 1870.942102983140 5.01859901110612 1.33023627836445 -5.63156800175443
2025-10-02T05:48:00.000 4622.076120574170 -4964.614079456540 467.614972236030 3.76366602266857 2.93169864980129 -5.99123238623373
2025-10-02T05:52:00.000 5346.399748887600 -4089.116884279370 -969.815989642826 2.23569820587780 4.31945457954951 -5.91407145356424
2025-10-02T05:56:00.000 5682.292323236560 -2916.522726604760 -2336.602352105580 0.54662321833124 5.39241959438392 -5.40626540431069
2025-10-02T06:00:00.000 5605.747104526410 -1532.219585405460 -3533.326414545410 -1.18028150783861 6.07305993546240 -4.50570479505056
2025-10-02T06:04:00.000 5122.773198238970 -36.806573256880 -4473.165479500940 -2.81972924923852 6.31287187532897 -3.27872888231722
2025-10-02T06:08:00.000 4268.765758094690 1461.290858666820 -5088.114311845700 -4.25358425365728 6.09542942961267 -1.81477868397167
2025-10-02T06:12:00.000 3105.785401482660 2853.632171622370 -5333.745117936350 -5.37902223791771 5.43693671983878 -0.21970535174572
2025-10-02T06:16:00.000 1718.039997483610 4039.448364714370 -5192.269768192210 -6.11532170544745 4.38472993052172 1.39162131598080
2025-10-02T06:20:00.000 205.907223384775 4932.760429019590 -4673.766010385900 -6.40921093265620 3.01401282876247 2.90317786914649
2025-10-02T06:24:00.000 -1321.127659901880 5468.496662111560 -3815.520754769060 -6.23855135610634 1.42288512944251 4.20550878277583
2025-10-02T06:28:00.000 -2752.231806777440 5607.260658998040 -2679.532099783790 -5.61442803067351 -0.27400726543161 5.20342367974712
2025-10-02T06:32:00.000 -3983.224055103720 5338.375717722040 -1348.208003099160 -4.58096609640373 -1.95337535767303 5.82312805342502
2025-10-02T06:36:00.000 -4924.253211959400 4680.909630025960 81.513984911633 -3.21282819689263 -3.49221756099025 6.01820685403177
2025-10-02T06:40:00.000 -5506.550495135960 3682.452874982780 1505.274448111670 -1.60990558201753 -4.77741150898978 5.77367675466511
2025-10-02T06:44:00.000 -5687.607274186570 2415.673822355680 2819.046837243200 0.11023614102610 -5.71445758112847 5.10730723000288
2025-10-02T06:48:00.000 -5454.356325293000 972.927273843971 3926.899546644020 1.82143969857165 -6.23487600634424 4.06831629724210
2025-10-02T06:52:00.000 -4824.057447566230 -540.649931377530 4748.095534416180 3.39874538126320 -6.30121780166389 2.73325215846356
2025-10-02T06:56:00.000 -3842.874303281000 -2014.912620222980 5222.962948698790 4.72772394795752 -5.90936767264037 1.19993402985528
2025-10-02T07:00:00.000 -2582.359028478410 -3342.728577471740 5317.118293322090 5.71243282167948 -5.08832465642200 -0.42000609535096
2025-10-02T07:04:00.000 -1134.204404592410 -4427.673878830950 5023.836099458930 6.28191214973923 -3.89774116440722 -2.00906229873676
2025-10-02T07:08:00.000 396.354487148160 -5190.917839601230 4364.494466340240 6.39494508376419 -2.42377142922164 -3.45189207110174
2025-10-02T07:12:00.000 1898.096269192300 -5576.921641937370 3387.071181625370 6.04319639071034 -0.77320891306040 -4.64353175197732
2025-10-02T07:16:00.000 3261.845409761780 -5557.509042504160 2162.721023602620 5.25198934734104 0.93405950420824 -5.49697031364146
2025-10-02T07:20:00.000 4388.420892331110 -5134.008045779550 780.665720578103 4.07885716249913 2.57354734318715 -5.94964934986930
2025-10-02T07:24:00.000 5195.948714320540 -4337.248818236360 -658.317396190849 2.60960800724841 4.02547120082741 -5.96849342891828
2025-10-02T07:28:00.000 5625.917817265160 -3225.316857753520 -2049.342901311040 0.95187634162340 5.18395051308011 -5.55256703021824
2025-10-02T07:32:00.000 5647.450903067610 -1879.216015033240 -3291.182339399500 -0.77319652656468 5.96508228315959 -4.73303856094789
2025-10-02T07:36:00.000 5259.437144639920 -396.819594146832 -4293.688750053130 -2.44026986891769 6.31300073681579 -3.57042277003108
2025-10-02T07:40:00.000 4490.421200370890 1114.340373792740 -4984.284542575960 -3.92904864997264 6.20347094280194 -2.14964889655668
2025-10-02T07:44:00.000 3396.360632876640 2544.849385487360 -5313.069830769140 -5.13268602838107 5.64504326819991 -0.57360145252040
2025-10-02T07:48:00.000 2056.514198079200 3791.194471865840 -5256.264790910620 -5.96492176469170 4.67799651783162 1.04420266387155
2025-10-02T07:52:00.000 567.797570450381 4763.060840569170 -4817.844214835710 -6.36569024674202 3.37143607718247 2.58727726368995
2025-10-02T07:56:00.000 -962.040504728881 5389.750687589510 -4029.308454585060 -6.30534865670050 1.81882095848594 3.94406448884630
2025-10-02T08:00:00.000 -2422.040076955130 5625.311854254340 -2947.563479984780 -5.78700790538706 0.13178538222405 5.01564072849712
2025-10-02T08:04:00.000 -3705.989080762940 5452.038334791060 -1651.010105833510 -4.84702708441826 -1.56730374770138 5.72298092275573
2025-10-02T08:08:00.000 -4720.219898620510 4881.999229324460 -233.979740452958 -3.55303134104583 -3.15423257691876 6.01326602844839
2025-10-02T08:12:00.000 -5390.615141479370 3956.355293804760 1200.135640439570 -1.99933185240403 -4.51236766207029 5.86438017756312
2025-10-02T08:16:00.000 -5668.208692146650 2742.425694354360 2546.554994528600 -0.29985967942922 -5.54179755435618 5.28697598991091
2025-10-02T08:20:00.000 -5532.857230939090 1328.699336204180 3706.934729539780 1.42070578358832 -6.16715897025684 4.32366566567110
2025-10-02T08:24:00.000 -4994.663477468340 -181.777549656951 4596.663032797620 3.03661746343335 -6.34321194237639 3.04547312570399
2025-10-02T08:28:00.000 -4093.099255932250 -1679.036134341600 5151.035575228100 4.43037972760857 -6.05781290195774 1.54620820522555
2025-10-02T08:32:00.000 -2893.971986112830 -3054.236265688410 5329.881149562890 5.50129908512573 -5.33233282179728 -0.06482040630766
2025-10-02T08:36:00.000 -1484.553142390470 -4207.505268834580 5120.337686434060 6.17221558980061 -4.21965125552217 -1.67066663828735
2025-10-02T08:40:00.000 32.732433921225 -5055.075443656560 4537.712365218660 6.39471360167689 -2.80029597431370 -3.15490457984316
2025-10-02T08:44:00.000 1547.637955415240 -5535.289671729440 3624.388536848790 6.15245180432448 -1.17698233768190 -4.40962772470499
2025-10-02T08:48:00.000 2950.029313074130 -5613.124586075600 2446.842612883310 5.46278769504538 0.53239125980951 -5.34323625158583
2025-10-02T08:52:00.000 4137.913055552110 -5282.827153038090 1090.872089010240 4.37582527479005 2.20328127478749 -5.88734484701180
2025-10-02T08:56:00.000 5024.933090198490 -4568.424279766080 -344.651160532361 2.97100106283410 3.71363554058528 -6.00212753983145
2025-10-02T09:00:00.000 5546.755594208570 -3521.996733777160 -1755.073563344660 1.35122211350159 4.95324058615889 -5.67955067593598
2025-10-02T09:04:00.000 5665.783250955550 -2219.799518678770 -3037.705500201790 -0.36504168861932 5.83211874882728 -4.94387452418198
2025-10-02T09:08:00.000 5373.819335531460 -756.568023663466 -4099.376502839660 -2.05285958322526 6.28718608795337 -3.84959646742277
2025-10-02T09:12:00.000 4692.475030915640 761.497829583274 -4863.181347183600 -3.59026247350086 6.28645704825597 -2.47684137533198
2025-10-02T09:16:00.000 3671.411637850310 2224.445730128380 -5273.915707236020 -4.86682391263360 5.83073752936630 -0.92518769903801
2025-10-02T09:20:00.000 2384.652243399630 3526.414772326410 -5301.895291372860 -5.79106751783861 4.95305556035112 0.69351261126916
2025-10-02T09:24:00.000 925.284242928867 4573.109660550200 -4944.993268154640 -6.29648435151750 3.71619685602870 2.26277439830810
2025-10-02T09:28:00.000 -601.098974710107 5288.471098947700 -4228.812227764350 -6.34597567658088 2.20853484070805 3.66929279243813
2025-10-02T09:32:00.000 -2083.841955411800 5620.171046458230 -3204.991309927620 -5.93481015583922 0.53835771714787 4.81069367915472
2025-10-02T09:36:00.000 -3415.154789648090 5543.540448670070 -1947.671553760510 -5.09155087161509 -1.17346028701988 5.60302773203565
2025-10-02T09:40:00.000 -4497.976547821440 5063.587789424660 -548.262511860067 -3.87661057617653 -2.80198834845311 5.98731450517051
2025-10-02T09:44:00.000 -5253.201530380630 4214.854722211820 891.181965376268 -2.37831677766299 -4.22764839768353 5.93447872533916
2025-10-02T09:48:00.000 -5625.646184416180 3059.000886517980 2265.506122979430 -0.70643180784348 -5.34552206559751 5.44797174145508
2025-10-02T09:52:00.000 -5588.209918812470 1680.264488557380 3474.305985476190 1.01633159839040 -6.07362043502852 4.56367070150738
2025-10-02T09:56:00.000 -5143.836604513390 179.160659909430 4429.400399924310 2.66393325579100 -6.35909832849569 3.34683322214402
2025-10-02T10:00:00.000 -4325.169031127690 -1334.990515172190 5061.285030930150 4.11644314413765 -6.18180425545313 1.88681776237585
2025-10-02T10:04:00.000 -3192.020096882480 -2752.080474134660 5324.125153635950 5.26874223825144 -5.55528079640743 0.29026451274087
2025-10-02T10:08:00.000 -1826.907588892360 -3969.175424361830 5198.964700805830 6.03778409295020 -4.52535282703066 -1.32683401164622
2025-10-02T10:12:00.000 -329.063519543611 -4897.885386763850 4695.001113423760 6.36813248539024 -3.16666678475378 -2.84720904409811
2025-10-02T10:16:00.000 1192.691844710220 -5470.692346083860 3848.912171700600 6.23579374159863 -1.57750824501804 -4.16047414794428
2025-10-02T10:20:00.000 2627.757160421060 -5645.845785577370 2722.260177679220 5.65006410614982 0.12689344685529 -5.17088561917592
2025-10-02T10:24:00.000 3871.763085261020 -5410.496088931720 1397.109276745670 4.65335918230205 1.82240008355141 -5.80444679870301
2025-10-02T10:28:00.000 4834.245793944320 -4781.736930966860 -29.927643556057 3.31845023435515 3.38519505642393 -6.01472812498105
2025-10-02T10:32:00.000 5445.338731354520 -3805.398036042770 -1454.798725454170 1.74312882227648 4.70116667128818 -5.78658401938466
2025-10-02T10:36:00.000 5660.918043174290 -2552.645542944410 -2773.717177971260 0.04272435971420 5.67464353635201 -5.13734297190189
2025-10-02T10:40:00.000 5465.753537138720 -1114.658440175070 -3890.820049066610 -1.65886763531241 6.23552561846829 -4.11521142729660
2025-10-02T10:44:00.000 4874.447702546670 404.132667921732 -4725.133851042610 -3.23845903016362 6.34408743793900 -2.79521983959633
2025-10-02T10:48:00.000 3930.188085658720 1893.672533366870 -5216.334823378020 -4.58244687924455 5.99335244690589 -1.27330808201193
2025-10-02T10:52:00.000 2701.488847137560 3246.164812464490 -5328.936464193820 -5.59453179418496 5.20893160652206 0.34070898327295
2025-10-02T10:56:00.000 1277.259580505070 4363.687724465320 -5054.721182525440 -6.20198802093862 4.04701333561969 1.93068905635456
2025-10-02T11:00:00.000 -239.469583407262 5165.113570928550 -4413.328085379180 -6.36055934356918 2.59059420308732 3.38194913063173
2025-10-02T11:04:00.000 -1738.806687876530 5591.927370304170 -3450.959482708640 -6.05771539284386 0.94409345405626 4.58910158035630
2025-10-02T11:08:00.000 -3111.819351712830 5612.571171981230 -2237.236636806260 -5.31404845827271 -0.77353074996383 5.46357319580528
2025-10-02T11:12:00.000 -4258.453034561770 5224.967459202520 -860.336444435086 -4.18264558184744 -2.43707640700769 5.94037542416073
2025-10-02T11:16:00.000 -5094.977494735040 4456.894210943100 579.374447368670 -2.74562260731455 -3.92454836370980 5.98364349740932
2025-10-02T11:20:00.000 -5560.271872555020 3364.080074558700 1976.746786099960 -1.10810545147797 -5.12653453201860 5.58969150148361
2025-10-02T11:24:00.000 -5620.424570427290 2026.133236744590 3229.683186359290 0.60976116761041 -5.95476479203042 4.78747288547654
2025-10-02T11:28:00.000 -5271.235682781670 540.605525299862 4246.742990370150 2.28214597177266 -6.34891870466976 3.63622342134968
2025-10-02T11:32:00.000 -4538.418764799840 -984.281092395913 4953.870294240210 3.78716147473123 -6.28087519799822 2.22060595885907
2025-10-02T11:36:00.000 -3475.566122282080 -2437.601962069230 5299.733459105310 5.01576176393395 -5.75627840514962 0.64411124368695
2025-10-02T11:40:00.000 -2160.126458902300 -3713.771437305290 5259.339262114110 5.87932990901243 -4.81364327244617 -0.97858847889544
2025-10-02T11:44:00.000 -687.750328243512 -4720.113405660730 4835.743760296620 6.31564473769184 -3.52138432126496 -2.52979992397416
2025-10-02T11:48:00.000 834.585811680677 -5383.497036274850 4059.794120584830 6.29310738035961 -1.97301941598472 -3.89696275156820
2025-10-02T11:52:00.000 2296.256986152710 -5655.616007458760 2987.944531482610 5.81313689302495 -0.28070348634238 -4.98051228831449
2025-10-02T11:56:00.000 3590.988802355940 -5516.563183332660 1698.249151938060 4.91042390550205 1.43245054786211 -5.70118721982619
2025-10-02T12:00:00.000 4624.628319579950 -4976.391876615010 284.712436808282 3.65070256306779 3.04144675698921 -6.00616736974817
